2026-07-22 20:51:50+0200: Running with following config:
logAllRequests = false
logAllResponses = false
logDir = analysis_logs
logSearchInfo = false
maxVisits = 5000
nnCacheSizePowerOfTwo = 21
nnMaxBatchSize = 32
nnMutexPoolSizePowerOfTwo = 17
numAnalysisThreads = 8
numSearchThreads = 16
reportAnalysisWinratesAs = BLACK

2026-07-22 20:51:50+0200: Analysis Engine starting...
2026-07-22 20:51:50+0200: KataGo v1.16.5
2026-07-22 20:51:50+0200: nnRandSeed0 = 16808196935785273524
2026-07-22 20:51:50+0200: After dedups: nnModelFile0 = /home/robert/katago/kata-b18.bin.gz useFP16 auto useNHWC auto
2026-07-22 20:51:50+0200: Initializing neural net buffer to be size 19 * 19 allowing smaller boards
2026-07-22 20:51:52+0200: Found OpenCL Platform 0: NVIDIA CUDA (NVIDIA Corporation) (OpenCL 3.0 CUDA 13.2.87)
2026-07-22 20:51:52+0200: Found 1 device(s) on platform 0 with type CPU or GPU or Accelerator
2026-07-22 20:51:52+0200: Found OpenCL Device 0: NVIDIA GeForce RTX 5060 Laptop GPU (NVIDIA Corporation) (score 11000300)
2026-07-22 20:51:52+0200: Creating context for OpenCL Platform: NVIDIA CUDA (NVIDIA Corporation) (OpenCL 3.0 CUDA 13.2.87)
2026-07-22 20:51:52+0200: Using OpenCL Device 0: NVIDIA GeForce RTX 5060 Laptop GPU (NVIDIA Corporation) OpenCL 3.0 CUDA (Extensions: cl_khr_global_int32_base_atomics cl_khr_global_int32_extended_atomics cl_khr_local_int32_base_atomics cl_khr_local_int32_extended_atomics cl_khr_fp64 cl_khr_3d_image_writes cl_khr_byte_addressable_store cl_khr_icd cl_khr_gl_sharing cl_nv_compiler_options cl_nv_device_attribute_query cl_nv_pragma_unroll cl_nv_copy_opts cl_nv_create_buffer cl_khr_int64_base_atomics cl_khr_int64_extended_atomics cl_khr_device_uuid cl_khr_pci_bus_info cl_khr_external_semaphore cl_khr_external_memory cl_khr_external_semaphore_opaque_fd cl_khr_external_memory_opaque_fd cl_khr_semaphore)
2026-07-22 20:51:52+0200: Loaded tuning parameters from: /home/robert/.katago/opencltuning/tune11_gpuNVIDIAGeForceRTX5060LaptopGPU_x19_y19_c384_mv14.txt
2026-07-22 20:51:52+0200: OpenCL backend thread 0: Model version 14
2026-07-22 20:51:52+0200: OpenCL backend thread 0: Model name: kata1-b18c384nbt-s9996604416-d4316597426
2026-07-22 20:51:53+0200: OpenCL backend thread 0: FP16Storage true FP16Compute false FP16TensorCores true FP16TensorCoresFor1x1 false
2026-07-22 20:51:53+0200: Note: nnMaxBatchSize * number of GPUs (32) is smaller than numSearchThreads * numAnalysisThreads (128)
2026-07-22 20:51:53+0200: The number of simultaneous threads that might query the GPU could be larger than the batch size that the GPU will handle at once.
2026-07-22 20:51:53+0200: It may improve performance to increase nnMaxBatchSize, unless you are constrained on GPU memory.
2026-07-22 20:51:53+0200: Loaded config analysis.cfg and/or command-line and query overrides
2026-07-22 20:51:53+0200: Loaded model /home/robert/katago/kata-b18.bin.gz
2026-07-22 20:51:53+0200: Config override: numAnalysisThreads = 8
2026-07-22 20:51:53+0200: Analyzing up to 8 positions at a time in parallel
2026-07-22 20:51:53+0200: Started, ready to begin handling requests
2026-07-22 20:55:29+0200: Error: {"error":"Illegal move 0: H6","field":"moves","id":"q712"}
2026-07-22 20:58:24+0200: Error: {"error":"Illegal move 0: H6","field":"moves","id":"q1366"}
2026-07-22 20:58:25+0200: Error: {"error":"Illegal move 2: H6","field":"moves","id":"q1407"}
2026-07-22 20:58:27+0200: Error: {"error":"Illegal move 4: H6","field":"moves","id":"q1444"}
2026-07-22 20:58:27+0200: Error: {"error":"Illegal move 4: J5","field":"moves","id":"q1446"}
2026-07-22 20:58:30+0200: Error: {"error":"Illegal move 4: H6","field":"moves","id":"q1476"}
2026-07-22 20:58:34+0200: Error: {"error":"Illegal move 4: H6","field":"moves","id":"q1509"}
2026-07-22 20:58:34+0200: Error: {"error":"Illegal move 4: J5","field":"moves","id":"q1511"}
2026-07-22 20:58:38+0200: Error: {"error":"Illegal move 2: H6","field":"moves","id":"q1543"}
2026-07-22 20:58:43+0200: Error: {"error":"Illegal move 4: E6","field":"moves","id":"q1579"}
2026-07-22 20:58:43+0200: Error: {"error":"Illegal move 4: H6","field":"moves","id":"q1580"}
2026-07-22 20:58:43+0200: Error: {"error":"Illegal move 4: D5","field":"moves","id":"q1581"}
2026-07-22 20:58:46+0200: Error: {"error":"Illegal move 4: H6","field":"moves","id":"q1612"}
2026-07-22 20:58:48+0200: Error: {"error":"Illegal move 4: E6","field":"moves","id":"q1647"}
2026-07-22 20:58:48+0200: Error: {"error":"Illegal move 4: H6","field":"moves","id":"q1648"}
2026-07-22 20:58:48+0200: Error: {"error":"Illegal move 4: D5","field":"moves","id":"q1649"}
2026-07-22 20:58:52+0200: Error: {"error":"Illegal move 2: H6","field":"moves","id":"q1681"}
2026-07-22 20:58:55+0200: Error: {"error":"Illegal move 4: H6","field":"moves","id":"q1718"}
2026-07-22 20:58:55+0200: Error: {"error":"Illegal move 4: J5","field":"moves","id":"q1720"}
2026-07-22 20:58:59+0200: Error: {"error":"Illegal move 4: H6","field":"moves","id":"q1752"}
2026-07-22 20:59:00+0200: Error: {"error":"Illegal move 4: H6","field":"moves","id":"q1785"}
2026-07-22 21:01:09+0200: Error: {"error":"Illegal move 4: M10","field":"moves","id":"q1992"}
2026-07-22 21:06:40+0200: Error: {"error":"Illegal move 4: L13","field":"moves","id":"q2965"}
2026-07-22 21:08:44+0200: Error: {"error":"Illegal move 2: A2","field":"moves","id":"q3298"}
2026-07-22 21:08:44+0200: Error: {"error":"Illegal move 4: A2","field":"moves","id":"q3306"}
2026-07-22 21:09:21+0200: Error: {"error":"Illegal move 2: H10","field":"moves","id":"q3349"}
2026-07-22 21:09:22+0200: Error: {"error":"Illegal move 2: H10","field":"moves","id":"q3361"}
2026-07-22 21:09:23+0200: Error: {"error":"Illegal move 4: H10","field":"moves","id":"q3374"}
2026-07-22 21:15:52+0200: Error: {"error":"Illegal move 0: H11","field":"moves","id":"q5038"}
2026-07-22 21:15:52+0200: Error: {"error":"Illegal move 0: F10","field":"moves","id":"q5040"}
2026-07-22 21:17:13+0200: Error: {"error":"Illegal move 0: H11","field":"moves","id":"q5311"}
2026-07-22 21:17:13+0200: Error: {"error":"Illegal move 0: F10","field":"moves","id":"q5313"}
2026-07-22 21:17:14+0200: Error: {"error":"Illegal move 2: H11","field":"moves","id":"q5339"}
2026-07-22 21:17:15+0200: Error: {"error":"Illegal move 4: H11","field":"moves","id":"q5365"}
2026-07-22 21:17:15+0200: Error: {"error":"Illegal move 4: F10","field":"moves","id":"q5366"}
2026-07-22 21:17:18+0200: Error: {"error":"Illegal move 4: H11","field":"moves","id":"q5393"}
2026-07-22 21:17:18+0200: Error: {"error":"Illegal move 4: F10","field":"moves","id":"q5395"}
2026-07-22 21:17:19+0200: Error: {"error":"Illegal move 2: H11","field":"moves","id":"q5422"}
2026-07-22 21:17:19+0200: Error: {"error":"Illegal move 2: F10","field":"moves","id":"q5423"}
2026-07-22 21:17:20+0200: Error: {"error":"Illegal move 4: H11","field":"moves","id":"q5446"}
2026-07-22 21:17:20+0200: Error: {"error":"Illegal move 4: F10","field":"moves","id":"q5447"}
2026-07-22 21:17:20+0200: Error: {"error":"Illegal move 2: H11","field":"moves","id":"q5474"}
2026-07-22 21:17:20+0200: Error: {"error":"Illegal move 2: F10","field":"moves","id":"q5476"}
2026-07-22 21:17:22+0200: Error: {"error":"Illegal move 4: H11","field":"moves","id":"q5499"}
2026-07-22 21:17:22+0200: Error: {"error":"Illegal move 4: F10","field":"moves","id":"q5501"}
2026-07-22 21:17:24+0200: Error: {"error":"Illegal move 4: H11","field":"moves","id":"q5528"}
2026-07-22 21:17:24+0200: Error: {"error":"Illegal move 4: F10","field":"moves","id":"q5530"}
2026-07-22 21:17:24+0200: Error: {"error":"Illegal move 4: B9","field":"moves","id":"q5531"}
2026-07-22 21:19:34+0200: Error: {"error":"Illegal move 4: D9","field":"moves","id":"q5694"}
2026-07-22 21:19:51+0200: Error: {"error":"Illegal move 2: D9","field":"moves","id":"q5800"}
2026-07-22 21:19:56+0200: Error: {"error":"Illegal move 4: D9","field":"moves","id":"q5841"}
2026-07-22 21:20:01+0200: Error: {"error":"Illegal move 4: D9","field":"moves","id":"q5878"}
2026-07-22 21:20:06+0200: Error: {"error":"Illegal move 4: D9","field":"moves","id":"q5915"}
2026-07-22 21:20:15+0200: Error: {"error":"Illegal move 4: D7","field":"moves","id":"q5994"}
2026-07-22 21:20:20+0200: Error: {"error":"Illegal move 4: D7","field":"moves","id":"q6030"}
2026-07-22 21:21:54+0200: Error: {"error":"Illegal move 4: A3","field":"moves","id":"q6226"}
2026-07-22 21:22:44+0200: Error: {"error":"Illegal move 4: E1","field":"moves","id":"q6422"}
2026-07-22 21:22:50+0200: Error: {"error":"Illegal move 4: E1","field":"moves","id":"q6466"}
2026-07-22 21:22:58+0200: Error: {"error":"Illegal move 4: J1","field":"moves","id":"q6530"}
2026-07-22 21:23:45+0200: Error: {"error":"Illegal move 2: C4","field":"moves","id":"q6633"}
2026-07-22 21:23:47+0200: Error: {"error":"Illegal move 4: C4","field":"moves","id":"q6660"}
2026-07-22 21:25:19+0200: Error: {"error":"Illegal move 4: J1","field":"moves","id":"q6849"}
2026-07-22 21:25:22+0200: Error: {"error":"Illegal move 4: J1","field":"moves","id":"q6872"}
2026-07-22 21:25:41+0200: Error: {"error":"Illegal move 4: C4","field":"moves","id":"q7076"}
2026-07-22 21:25:58+0200: Error: {"error":"Illegal move 4: C4","field":"moves","id":"q7248"}
2026-07-22 21:26:03+0200: Error: {"error":"Illegal move 0: E9","field":"moves","id":"q7297"}
2026-07-22 21:26:39+0200: Error: {"error":"Illegal move 0: E9","field":"moves","id":"q7322"}
2026-07-22 21:26:39+0200: Error: {"error":"Illegal move 2: E9","field":"moves","id":"q7347"}
2026-07-22 21:26:44+0200: Error: {"error":"Illegal move 4: E9","field":"moves","id":"q7390"}
2026-07-22 21:26:46+0200: Error: {"error":"Illegal move 4: E9","field":"moves","id":"q7410"}
2026-07-22 21:26:49+0200: Error: {"error":"Illegal move 2: E9","field":"moves","id":"q7432"}
2026-07-22 21:26:51+0200: Error: {"error":"Illegal move 4: E9","field":"moves","id":"q7455"}
2026-07-22 21:26:53+0200: Error: {"error":"Illegal move 4: E9","field":"moves","id":"q7473"}
2026-07-22 21:26:55+0200: Error: {"error":"Illegal move 4: D7","field":"moves","id":"q7497"}
2026-07-22 21:26:58+0200: Error: {"error":"Illegal move 2: E9","field":"moves","id":"q7513"}
2026-07-22 21:27:00+0200: Error: {"error":"Illegal move 4: E9","field":"moves","id":"q7536"}
2026-07-22 21:27:02+0200: Error: {"error":"Illegal move 4: E9","field":"moves","id":"q7557"}
2026-07-22 21:27:04+0200: Error: {"error":"Illegal move 4: E9","field":"moves","id":"q7578"}
2026-07-22 21:27:04+0200: Error: {"error":"Illegal move 0: E9","field":"moves","id":"q7599"}
2026-07-22 21:28:12+0200: Error: {"error":"Illegal move 0: E9","field":"moves","id":"q7661"}
2026-07-22 21:28:12+0200: Error: {"error":"Illegal move 2: E9","field":"moves","id":"q7680"}
2026-07-22 21:28:15+0200: Error: {"error":"Illegal move 4: E9","field":"moves","id":"q7711"}
2026-07-22 21:28:16+0200: Error: {"error":"Illegal move 4: E9","field":"moves","id":"q7726"}
2026-07-22 21:28:17+0200: Error: {"error":"Illegal move 2: E9","field":"moves","id":"q7741"}
2026-07-22 21:28:20+0200: Error: {"error":"Illegal move 4: E9","field":"moves","id":"q7778"}
2026-07-22 21:28:21+0200: Error: {"error":"Illegal move 4: E9","field":"moves","id":"q7795"}
2026-07-22 21:28:24+0200: Error: {"error":"Illegal move 4: C9","field":"moves","id":"q7830"}
2026-07-22 21:28:27+0200: Error: {"error":"Illegal move 4: D7","field":"moves","id":"q7867"}
2026-07-22 21:28:36+0200: Error: {"error":"Illegal move 2: C7","field":"moves","id":"q7969"}
2026-07-22 21:28:40+0200: Error: {"error":"Illegal move 4: C7","field":"moves","id":"q8002"}
2026-07-22 21:28:42+0200: Error: {"error":"Illegal move 4: C7","field":"moves","id":"q8013"}
2026-07-22 21:28:44+0200: Error: {"error":"Illegal move 2: C7","field":"moves","id":"q8028"}
2026-07-22 21:28:48+0200: Error: {"error":"Illegal move 4: C7","field":"moves","id":"q8061"}
2026-07-22 21:28:49+0200: Error: {"error":"Illegal move 4: C7","field":"moves","id":"q8074"}
2026-07-22 21:28:51+0200: Error: {"error":"Illegal move 0: F11","field":"moves","id":"q8093"}
2026-07-22 21:29:48+0200: Error: {"error":"Illegal move 0: F11","field":"moves","id":"q8122"}
2026-07-22 21:29:48+0200: Error: {"error":"Illegal move 0: G9","field":"moves","id":"q8154"}
2026-07-22 21:30:59+0200: Error: {"error":"Illegal move 0: G9","field":"moves","id":"q8188"}
2026-07-22 21:31:07+0200: Error: {"error":"Illegal move 2: G9","field":"moves","id":"q8269"}
2026-07-22 21:31:10+0200: Error: {"error":"Illegal move 4: G9","field":"moves","id":"q8298"}
2026-07-22 21:31:10+0200: Error: {"error":"Illegal move 4: C7","field":"moves","id":"q8302"}
2026-07-22 21:31:14+0200: Error: {"error":"Illegal move 4: G9","field":"moves","id":"q8321"}
2026-07-22 21:31:14+0200: Error: {"error":"Illegal move 4: C7","field":"moves","id":"q8325"}
2026-07-22 21:31:17+0200: Error: {"error":"Illegal move 0: F11","field":"moves","id":"q8341"}
2026-07-22 21:32:19+0200: Error: {"error":"Illegal move 0: G9","field":"moves","id":"q8382"}
2026-07-22 21:33:33+0200: Error: {"error":"Illegal move 0: F11","field":"moves","id":"q8448"}
2026-07-22 21:33:33+0200: Error: {"error":"Illegal move 2: F11","field":"moves","id":"q8486"}
2026-07-22 21:33:36+0200: Error: {"error":"Illegal move 2: F11","field":"moves","id":"q8503"}
2026-07-22 21:33:43+0200: Error: {"error":"Illegal move 4: F11","field":"moves","id":"q8563"}
2026-07-22 21:33:50+0200: Error: {"error":"Illegal move 0: G9","field":"moves","id":"q8625"}
2026-07-22 21:33:50+0200: Error: {"error":"Illegal move 2: G9","field":"moves","id":"q8662"}
2026-07-22 21:33:53+0200: Error: {"error":"Illegal move 4: G9","field":"moves","id":"q8695"}
2026-07-22 21:33:57+0200: Error: {"error":"Illegal move 4: G9","field":"moves","id":"q8727"}
2026-07-22 21:33:57+0200: Error: {"error":"Illegal move 4: C7","field":"moves","id":"q8730"}
2026-07-22 21:34:01+0200: Error: {"error":"Illegal move 4: G9","field":"moves","id":"q8758"}
2026-07-22 21:34:05+0200: Error: {"error":"Illegal move 2: G9","field":"moves","id":"q8791"}
2026-07-22 21:34:08+0200: Error: {"error":"Illegal move 4: G9","field":"moves","id":"q8825"}
2026-07-22 21:34:12+0200: Error: {"error":"Illegal move 4: G9","field":"moves","id":"q8852"}
2026-07-22 21:34:20+0200: Error: {"error":"Illegal move 2: G9","field":"moves","id":"q8918"}
2026-07-22 21:34:25+0200: Error: {"error":"Illegal move 4: G9","field":"moves","id":"q8952"}
2026-07-22 21:35:42+0200: Error: {"error":"Illegal move 0: E4","field":"moves","id":"q9101"}
2026-07-22 21:36:10+0200: Error: {"error":"Illegal move 4: B5","field":"moves","id":"q9162"}
2026-07-22 21:36:14+0200: Error: {"error":"Illegal move 0: E4","field":"moves","id":"q9196"}
2026-07-22 21:36:14+0200: Error: {"error":"Illegal move 2: E4","field":"moves","id":"q9220"}
2026-07-22 21:36:15+0200: Error: {"error":"Illegal move 2: E4","field":"moves","id":"q9231"}
2026-07-22 21:39:11+0200: Error: {"error":"Illegal move 4: H2","field":"moves","id":"q9920"}
2026-07-22 21:42:00+0200: Error: {"error":"Illegal move 2: H2","field":"moves","id":"q10147"}
2026-07-22 21:42:06+0200: Error: {"error":"Illegal move 4: H2","field":"moves","id":"q10186"}
2026-07-22 21:42:11+0200: Error: {"error":"Illegal move 2: H2","field":"moves","id":"q10227"}
2026-07-22 21:42:15+0200: Error: {"error":"Illegal move 4: H2","field":"moves","id":"q10269"}
2026-07-22 21:42:19+0200: Error: {"error":"Illegal move 4: H2","field":"moves","id":"q10292"}
2026-07-22 21:42:22+0200: Error: {"error":"Illegal move 4: H2","field":"moves","id":"q10314"}
2026-07-22 21:43:18+0200: Error: {"error":"Illegal move 0: D2","field":"moves","id":"q10794"}
2026-07-22 21:44:13+0200: Error: {"error":"Illegal move 0: D2","field":"moves","id":"q10825"}
2026-07-22 21:45:05+0200: Error: {"error":"Illegal move 0: E9","field":"moves","id":"q10874"}
2026-07-22 21:45:05+0200: Error: {"error":"Illegal move 0: D8","field":"moves","id":"q10876"}
2026-07-22 21:45:55+0200: Error: {"error":"Illegal move 4: D2","field":"moves","id":"q10998"}
2026-07-22 21:45:58+0200: Error: {"error":"Illegal move 4: D2","field":"moves","id":"q11024"}
2026-07-22 21:46:04+0200: Error: {"error":"Illegal move 4: D2","field":"moves","id":"q11082"}
2026-07-22 21:46:07+0200: Error: {"error":"Illegal move 4: D2","field":"moves","id":"q11108"}
2026-07-22 21:46:08+0200: Error: {"error":"Illegal move 4: D2","field":"moves","id":"q11134"}
2026-07-22 21:46:11+0200: Error: {"error":"Illegal move 2: D2","field":"moves","id":"q11161"}
2026-07-22 21:46:14+0200: Error: {"error":"Illegal move 4: D2","field":"moves","id":"q11190"}
2026-07-22 21:46:18+0200: Error: {"error":"Illegal move 4: D2","field":"moves","id":"q11218"}
2026-07-22 21:46:21+0200: Error: {"error":"Illegal move 0: E9","field":"moves","id":"q11233"}
2026-07-22 21:46:21+0200: Error: {"error":"Illegal move 0: D8","field":"moves","id":"q11235"}
2026-07-22 21:46:21+0200: Error: {"error":"Illegal move 2: E9","field":"moves","id":"q11264"}
2026-07-22 21:46:21+0200: Error: {"error":"Illegal move 2: D8","field":"moves","id":"q11266"}
2026-07-22 21:46:23+0200: Error: {"error":"Illegal move 4: E9","field":"moves","id":"q11294"}
2026-07-22 21:46:23+0200: Error: {"error":"Illegal move 4: D8","field":"moves","id":"q11296"}
2026-07-22 21:46:26+0200: Error: {"error":"Illegal move 4: E9","field":"moves","id":"q11319"}
2026-07-22 21:46:26+0200: Error: {"error":"Illegal move 4: D8","field":"moves","id":"q11321"}
2026-07-22 21:46:30+0200: Error: {"error":"Illegal move 4: E9","field":"moves","id":"q11345"}
2026-07-22 21:46:30+0200: Error: {"error":"Illegal move 4: D8","field":"moves","id":"q11347"}
2026-07-22 21:46:33+0200: Error: {"error":"Illegal move 2: E9","field":"moves","id":"q11371"}
2026-07-22 21:46:33+0200: Error: {"error":"Illegal move 2: D8","field":"moves","id":"q11373"}
2026-07-22 21:46:36+0200: Error: {"error":"Illegal move 4: E9","field":"moves","id":"q11399"}
2026-07-22 21:46:36+0200: Error: {"error":"Illegal move 4: D8","field":"moves","id":"q11401"}
2026-07-22 21:46:38+0200: Error: {"error":"Illegal move 4: E9","field":"moves","id":"q11425"}
2026-07-22 21:46:38+0200: Error: {"error":"Illegal move 4: D8","field":"moves","id":"q11426"}
2026-07-22 21:46:41+0200: Error: {"error":"Illegal move 4: E9","field":"moves","id":"q11449"}
2026-07-22 21:46:41+0200: Error: {"error":"Illegal move 4: D8","field":"moves","id":"q11451"}
2026-07-22 21:46:44+0200: Error: {"error":"Illegal move 2: E9","field":"moves","id":"q11473"}
2026-07-22 21:46:44+0200: Error: {"error":"Illegal move 2: D8","field":"moves","id":"q11475"}
2026-07-22 21:46:48+0200: Error: {"error":"Illegal move 4: E9","field":"moves","id":"q11502"}
2026-07-22 21:46:48+0200: Error: {"error":"Illegal move 4: D8","field":"moves","id":"q11504"}
2026-07-22 21:46:48+0200: Error: {"error":"Illegal move 4: C2","field":"moves","id":"q11515"}
2026-07-22 21:46:51+0200: Error: {"error":"Illegal move 4: E9","field":"moves","id":"q11521"}
2026-07-22 21:46:51+0200: Error: {"error":"Illegal move 4: D8","field":"moves","id":"q11523"}
2026-07-22 21:46:51+0200: Error: {"error":"Illegal move 4: C2","field":"moves","id":"q11534"}
2026-07-22 21:46:53+0200: Error: {"error":"Illegal move 4: E9","field":"moves","id":"q11536"}
2026-07-22 21:46:53+0200: Error: {"error":"Illegal move 4: D8","field":"moves","id":"q11538"}
2026-07-22 21:46:53+0200: Error: {"error":"Illegal move 4: C2","field":"moves","id":"q11549"}
2026-07-22 21:49:38+0200: Error: {"error":"Illegal move 4: N3","field":"moves","id":"q11959"}
2026-07-22 21:49:41+0200: Error: {"error":"Illegal move 4: N1","field":"moves","id":"q11994"}
2026-07-22 21:49:44+0200: Error: {"error":"Illegal move 2: N3","field":"moves","id":"q12013"}
2026-07-22 21:49:46+0200: Error: {"error":"Illegal move 4: N3","field":"moves","id":"q12046"}
2026-07-22 21:49:46+0200: Error: {"error":"Illegal move 4: N5","field":"moves","id":"q12072"}
2026-07-22 21:49:46+0200: Error: {"error":"Illegal move 4: N3","field":"moves","id":"q12074"}
2026-07-22 21:49:49+0200: Error: {"error":"Illegal move 4: N3","field":"moves","id":"q12098"}
2026-07-22 21:49:54+0200: Error: {"error":"Illegal move 4: N3","field":"moves","id":"q12154"}
2026-07-22 21:54:12+0200: Error: {"error":"Illegal move 4: H11","field":"moves","id":"q13070"}
2026-07-22 21:54:17+0200: Error: {"error":"Illegal move 4: N9","field":"moves","id":"q13118"}
2026-07-22 21:54:29+0200: Error: {"error":"Illegal move 4: H11","field":"moves","id":"q13240"}
2026-07-22 21:54:34+0200: Error: {"error":"Illegal move 4: J10","field":"moves","id":"q13285"}
2026-07-22 21:54:40+0200: Error: {"error":"Illegal move 2: N9","field":"moves","id":"q13329"}
2026-07-22 21:54:44+0200: Error: {"error":"Illegal move 4: N9","field":"moves","id":"q13373"}
2026-07-22 21:54:49+0200: Error: {"error":"Illegal move 4: N9","field":"moves","id":"q13412"}
2026-07-22 21:54:53+0200: Error: {"error":"Illegal move 4: N9","field":"moves","id":"q13451"}
2026-07-22 21:54:58+0200: Error: {"error":"Illegal move 0: N9","field":"moves","id":"q13494"}
2026-07-22 21:54:58+0200: Error: {"error":"Illegal move 0: M8","field":"moves","id":"q13495"}
2026-07-22 21:55:46+0200: Error: {"error":"Illegal move 0: N9","field":"moves","id":"q13519"}
2026-07-22 21:55:46+0200: Error: {"error":"Illegal move 0: M8","field":"moves","id":"q13520"}
2026-07-22 21:56:47+0200: Error: {"error":"Illegal move 0: N9","field":"moves","id":"q13588"}
2026-07-22 21:56:47+0200: Error: {"error":"Illegal move 0: M8","field":"moves","id":"q13589"}
2026-07-22 21:58:19+0200: Error: {"error":"Illegal move 0: N9","field":"moves","id":"q13711"}
2026-07-22 21:58:19+0200: Error: {"error":"Illegal move 0: M8","field":"moves","id":"q13712"}
2026-07-22 21:58:19+0200: Error: {"error":"Illegal move 2: N9","field":"moves","id":"q13755"}
2026-07-22 21:58:19+0200: Error: {"error":"Illegal move 2: M8","field":"moves","id":"q13756"}
2026-07-22 21:58:21+0200: Error: {"error":"Illegal move 4: N9","field":"moves","id":"q13793"}
2026-07-22 21:58:21+0200: Error: {"error":"Illegal move 4: M8","field":"moves","id":"q13794"}
2026-07-22 21:58:25+0200: Error: {"error":"Illegal move 4: N9","field":"moves","id":"q13831"}
2026-07-22 21:58:25+0200: Error: {"error":"Illegal move 4: M8","field":"moves","id":"q13832"}
2026-07-22 21:58:29+0200: Error: {"error":"Illegal move 4: J9","field":"moves","id":"q13867"}
2026-07-22 21:58:29+0200: Error: {"error":"Illegal move 4: N9","field":"moves","id":"q13868"}
2026-07-22 21:58:29+0200: Error: {"error":"Illegal move 4: M8","field":"moves","id":"q13869"}
2026-07-22 21:58:34+0200: Error: {"error":"Illegal move 2: N9","field":"moves","id":"q13907"}
2026-07-22 21:58:34+0200: Error: {"error":"Illegal move 2: M8","field":"moves","id":"q13908"}
2026-07-22 21:58:38+0200: Error: {"error":"Illegal move 4: N9","field":"moves","id":"q13947"}
2026-07-22 21:58:38+0200: Error: {"error":"Illegal move 4: M8","field":"moves","id":"q13948"}
2026-07-22 21:58:41+0200: Error: {"error":"Illegal move 4: N9","field":"moves","id":"q13985"}
2026-07-22 21:58:41+0200: Error: {"error":"Illegal move 4: M8","field":"moves","id":"q13986"}
2026-07-22 21:58:46+0200: Error: {"error":"Illegal move 4: N9","field":"moves","id":"q14023"}
2026-07-22 21:58:46+0200: Error: {"error":"Illegal move 4: M8","field":"moves","id":"q14024"}
2026-07-22 21:58:51+0200: Error: {"error":"Illegal move 2: N9","field":"moves","id":"q14059"}
2026-07-22 21:58:51+0200: Error: {"error":"Illegal move 2: M8","field":"moves","id":"q14060"}
2026-07-22 21:58:54+0200: Error: {"error":"Illegal move 4: N9","field":"moves","id":"q14098"}
2026-07-22 21:58:54+0200: Error: {"error":"Illegal move 4: M8","field":"moves","id":"q14099"}
2026-07-22 21:58:57+0200: Error: {"error":"Illegal move 4: N9","field":"moves","id":"q14135"}
2026-07-22 21:58:57+0200: Error: {"error":"Illegal move 4: M8","field":"moves","id":"q14136"}
2026-07-22 21:59:01+0200: Error: {"error":"Illegal move 4: N9","field":"moves","id":"q14170"}
2026-07-22 21:59:01+0200: Error: {"error":"Illegal move 4: M8","field":"moves","id":"q14171"}
2026-07-22 21:59:05+0200: Error: {"error":"Illegal move 0: N8","field":"moves","id":"q14207"}
2026-07-22 22:00:04+0200: Error: {"error":"Illegal move 0: N8","field":"moves","id":"q14258"}
2026-07-22 22:00:04+0200: Error: {"error":"Illegal move 2: N8","field":"moves","id":"q14308"}
2026-07-22 22:00:08+0200: Error: {"error":"Illegal move 2: N8","field":"moves","id":"q14332"}
2026-07-22 22:00:12+0200: Error: {"error":"Illegal move 2: N8","field":"moves","id":"q14356"}
2026-07-22 22:02:53+0200: Error: {"error":"Illegal move 2: N8","field":"moves","id":"q14724"}
2026-07-22 22:02:57+0200: Error: {"error":"Illegal move 4: N8","field":"moves","id":"q14772"}
2026-07-22 22:03:01+0200: Error: {"error":"Illegal move 4: N8","field":"moves","id":"q14795"}
2026-07-22 22:03:05+0200: Error: {"error":"Illegal move 4: N8","field":"moves","id":"q14818"}
2026-07-22 22:03:12+0200: Error: {"error":"Illegal move 4: N4","field":"moves","id":"q14956"}
2026-07-22 22:03:18+0200: Error: {"error":"Illegal move 4: N4","field":"moves","id":"q14997"}
2026-07-22 22:03:50+0200: Error: {"error":"Illegal move 0: F12","field":"moves","id":"q15228"}
2026-07-22 22:05:43+0200: Error: {"error":"Illegal move 0: F12","field":"moves","id":"q15306"}
2026-07-22 22:05:43+0200: Error: {"error":"Illegal move 2: F12","field":"moves","id":"q15343"}
2026-07-22 22:05:47+0200: Error: {"error":"Illegal move 4: F12","field":"moves","id":"q15369"}
2026-07-22 22:05:55+0200: Error: {"error":"Illegal move 4: E13","field":"moves","id":"q15429"}
2026-07-22 22:05:55+0200: Error: {"error":"Illegal move 4: F12","field":"moves","id":"q15431"}
2026-07-22 22:06:03+0200: Error: {"error":"Illegal move 4: E13","field":"moves","id":"q15485"}
2026-07-22 22:06:03+0200: Error: {"error":"Illegal move 4: F12","field":"moves","id":"q15487"}
2026-07-22 22:06:07+0200: Error: {"error":"Illegal move 2: F12","field":"moves","id":"q15512"}
2026-07-22 22:06:11+0200: Error: {"error":"Illegal move 4: F12","field":"moves","id":"q15541"}
2026-07-22 22:06:15+0200: Error: {"error":"Illegal move 4: F12","field":"moves","id":"q15563"}
2026-07-22 22:06:18+0200: Error: {"error":"Illegal move 4: F12","field":"moves","id":"q15584"}
2026-07-22 22:07:55+0200: Error: {"error":"Illegal move 0: M6","field":"moves","id":"q15936"}
2026-07-22 22:09:30+0200: Error: {"error":"Illegal move 0: M6","field":"moves","id":"q16561"}
2026-07-22 22:09:30+0200: Error: {"error":"Illegal move 2: M6","field":"moves","id":"q16607"}
2026-07-22 22:09:30+0200: Error: {"error":"Illegal move 2: N5","field":"moves","id":"q16610"}
2026-07-22 22:09:34+0200: Error: {"error":"Illegal move 4: M6","field":"moves","id":"q16649"}
2026-07-22 22:09:34+0200: Error: {"error":"Illegal move 4: N5","field":"moves","id":"q16652"}
2026-07-22 22:09:38+0200: Error: {"error":"Illegal move 4: M6","field":"moves","id":"q16689"}
2026-07-22 22:09:38+0200: Error: {"error":"Illegal move 4: N5","field":"moves","id":"q16692"}
2026-07-22 22:09:41+0200: Error: {"error":"Illegal move 4: M6","field":"moves","id":"q16729"}
2026-07-22 22:09:41+0200: Error: {"error":"Illegal move 4: N5","field":"moves","id":"q16732"}
2026-07-22 22:09:43+0200: Error: {"error":"Illegal move 2: M6","field":"moves","id":"q16769"}
2026-07-22 22:09:44+0200: Error: {"error":"Illegal move 4: M6","field":"moves","id":"q16810"}
2026-07-22 22:09:44+0200: Error: {"error":"Illegal move 4: N5","field":"moves","id":"q16813"}
2026-07-22 22:09:45+0200: Error: {"error":"Illegal move 4: M6","field":"moves","id":"q16850"}
2026-07-22 22:09:49+0200: Error: {"error":"Illegal move 2: M6","field":"moves","id":"q16877"}
2026-07-22 22:09:50+0200: Error: {"error":"Illegal move 4: M6","field":"moves","id":"q16919"}
2026-07-22 22:09:50+0200: Error: {"error":"Illegal move 4: N5","field":"moves","id":"q16922"}
2026-07-22 22:09:50+0200: Error: {"error":"Illegal move 4: M6","field":"moves","id":"q16959"}
2026-07-22 22:09:51+0200: Error: {"error":"Illegal move 4: M6","field":"moves","id":"q16986"}
2026-07-22 22:09:56+0200: Error: {"error":"Illegal move 0: K2","field":"moves","id":"q17026"}
2026-07-22 22:09:56+0200: Error: {"error":"Illegal move 0: L1","field":"moves","id":"q17028"}
2026-07-22 22:10:28+0200: Error: {"error":"Illegal move 0: K2","field":"moves","id":"q17046"}
2026-07-22 22:10:28+0200: Error: {"error":"Illegal move 0: L1","field":"moves","id":"q17048"}
2026-07-22 22:10:28+0200: Error: {"error":"Illegal move 2: K2","field":"moves","id":"q17064"}
2026-07-22 22:10:28+0200: Error: {"error":"Illegal move 2: L1","field":"moves","id":"q17066"}
2026-07-22 22:10:29+0200: Error: {"error":"Illegal move 4: K2","field":"moves","id":"q17079"}
2026-07-22 22:10:29+0200: Error: {"error":"Illegal move 4: L1","field":"moves","id":"q17081"}
2026-07-22 22:10:31+0200: Error: {"error":"Illegal move 4: K2","field":"moves","id":"q17091"}
2026-07-22 22:10:31+0200: Error: {"error":"Illegal move 4: L1","field":"moves","id":"q17093"}
2026-07-22 22:10:32+0200: Error: {"error":"Illegal move 4: K2","field":"moves","id":"q17104"}
2026-07-22 22:10:32+0200: Error: {"error":"Illegal move 4: L1","field":"moves","id":"q17106"}
2026-07-22 22:10:33+0200: Error: {"error":"Illegal move 2: K2","field":"moves","id":"q17119"}
2026-07-22 22:10:33+0200: Error: {"error":"Illegal move 2: L1","field":"moves","id":"q17121"}
2026-07-22 22:10:34+0200: Error: {"error":"Illegal move 4: K2","field":"moves","id":"q17134"}
2026-07-22 22:10:34+0200: Error: {"error":"Illegal move 4: L1","field":"moves","id":"q17136"}
2026-07-22 22:10:34+0200: Error: {"error":"Illegal move 4: K2","field":"moves","id":"q17147"}
2026-07-22 22:10:34+0200: Error: {"error":"Illegal move 4: L1","field":"moves","id":"q17149"}
2026-07-22 22:10:35+0200: Error: {"error":"Illegal move 4: K2","field":"moves","id":"q17161"}
2026-07-22 22:10:35+0200: Error: {"error":"Illegal move 4: L1","field":"moves","id":"q17163"}
2026-07-22 22:10:36+0200: Error: {"error":"Illegal move 2: K2","field":"moves","id":"q17174"}
2026-07-22 22:10:36+0200: Error: {"error":"Illegal move 2: L1","field":"moves","id":"q17176"}
2026-07-22 22:10:37+0200: Error: {"error":"Illegal move 4: K2","field":"moves","id":"q17189"}
2026-07-22 22:10:37+0200: Error: {"error":"Illegal move 4: L1","field":"moves","id":"q17191"}
2026-07-22 22:10:37+0200: Error: {"error":"Illegal move 4: K2","field":"moves","id":"q17202"}
2026-07-22 22:10:37+0200: Error: {"error":"Illegal move 4: L1","field":"moves","id":"q17204"}
2026-07-22 22:10:37+0200: Error: {"error":"Illegal move 4: K2","field":"moves","id":"q17215"}
2026-07-22 22:10:37+0200: Error: {"error":"Illegal move 4: L1","field":"moves","id":"q17217"}
2026-07-22 22:16:24+0200: Error: {"error":"Illegal move 4: K3","field":"moves","id":"q18218"}
2026-07-22 22:17:22+0200: Error: {"error":"Illegal move 0: F11","field":"moves","id":"q18675"}
2026-07-22 22:18:17+0200: Error: {"error":"Illegal move 0: F11","field":"moves","id":"q18706"}
2026-07-22 22:18:17+0200: Error: {"error":"Illegal move 2: F11","field":"moves","id":"q18737"}
2026-07-22 22:18:20+0200: Error: {"error":"Illegal move 4: F11","field":"moves","id":"q18764"}
2026-07-22 22:18:24+0200: Error: {"error":"Illegal move 4: F11","field":"moves","id":"q18786"}
2026-07-22 22:18:27+0200: Error: {"error":"Illegal move 4: F11","field":"moves","id":"q18809"}
2026-07-22 22:18:30+0200: Error: {"error":"Illegal move 2: F11","field":"moves","id":"q18832"}
2026-07-22 22:18:33+0200: Error: {"error":"Illegal move 4: F11","field":"moves","id":"q18859"}
2026-07-22 22:18:36+0200: Error: {"error":"Illegal move 4: F11","field":"moves","id":"q18882"}
2026-07-22 22:18:40+0200: Error: {"error":"Illegal move 4: F11","field":"moves","id":"q18905"}
2026-07-22 22:18:40+0200: Error: {"error":"Illegal move 2: F11","field":"moves","id":"q18928"}
2026-07-22 22:18:43+0200: Error: {"error":"Illegal move 4: F11","field":"moves","id":"q18955"}
2026-07-22 22:18:43+0200: Error: {"error":"Illegal move 4: G7","field":"moves","id":"q18961"}
2026-07-22 22:18:47+0200: Error: {"error":"Illegal move 4: F11","field":"moves","id":"q18979"}
2026-07-22 22:18:51+0200: Error: {"error":"Illegal move 4: F11","field":"moves","id":"q19004"}
2026-07-22 22:19:30+0200: Error: {"error":"Illegal move 2: J11","field":"moves","id":"q19076"}
2026-07-22 22:19:31+0200: Error: {"error":"Illegal move 4: J11","field":"moves","id":"q19097"}
2026-07-22 22:19:33+0200: Error: {"error":"Illegal move 4: J11","field":"moves","id":"q19110"}
2026-07-22 22:19:35+0200: Error: {"error":"Illegal move 4: J11","field":"moves","id":"q19127"}
2026-07-22 22:19:47+0200: Error: {"error":"Illegal move 0: F11","field":"moves","id":"q19217"}
2026-07-22 22:21:11+0200: Error: {"error":"Illegal move 0: F11","field":"moves","id":"q19288"}
2026-07-22 22:21:11+0200: Error: {"error":"Illegal move 2: F11","field":"moves","id":"q19312"}
2026-07-22 22:21:14+0200: Error: {"error":"Illegal move 4: F11","field":"moves","id":"q19333"}
2026-07-22 22:21:16+0200: Error: {"error":"Illegal move 4: F11","field":"moves","id":"q19349"}
2026-07-22 22:21:18+0200: Error: {"error":"Illegal move 4: F11","field":"moves","id":"q19365"}
2026-07-22 22:21:20+0200: Error: {"error":"Illegal move 2: F11","field":"moves","id":"q19379"}
2026-07-22 22:21:20+0200: Error: {"error":"Illegal move 2: G7","field":"moves","id":"q19386"}
2026-07-22 22:21:22+0200: Error: {"error":"Illegal move 4: F11","field":"moves","id":"q19394"}
2026-07-22 22:21:23+0200: Error: {"error":"Illegal move 2: K5","field":"moves","id":"q19440"}
2026-07-22 22:21:24+0200: Error: {"error":"Illegal move 4: K5","field":"moves","id":"q19458"}
2026-07-22 22:21:26+0200: Error: {"error":"Illegal move 4: K5","field":"moves","id":"q19472"}
2026-07-22 22:21:28+0200: Error: {"error":"Illegal move 4: K5","field":"moves","id":"q19488"}
2026-07-22 22:21:31+0200: Error: {"error":"Illegal move 4: J11","field":"moves","id":"q19516"}
2026-07-22 22:21:42+0200: Error: {"error":"Illegal move 4: K5","field":"moves","id":"q19613"}
2026-07-22 22:21:47+0200: Error: {"error":"Illegal move 0: C13","field":"moves","id":"q19635"}
2026-07-22 22:21:47+0200: Error: {"error":"Illegal move 0: E11","field":"moves","id":"q19644"}
2026-07-22 22:23:00+0200: Error: {"error":"Illegal move 0: C13","field":"moves","id":"q19679"}
2026-07-22 22:23:00+0200: Error: {"error":"Illegal move 0: E11","field":"moves","id":"q19688"}
2026-07-22 22:23:00+0200: Error: {"error":"Illegal move 2: E11","field":"moves","id":"q19731"}
2026-07-22 22:23:02+0200: Error: {"error":"Illegal move 4: E11","field":"moves","id":"q19771"}
2026-07-22 22:23:06+0200: Error: {"error":"Illegal move 4: E11","field":"moves","id":"q19800"}
2026-07-22 22:23:09+0200: Error: {"error":"Illegal move 4: E11","field":"moves","id":"q19835"}
2026-07-22 22:23:14+0200: Error: {"error":"Illegal move 2: E11","field":"moves","id":"q19867"}
2026-07-22 22:23:19+0200: Error: {"error":"Illegal move 4: E11","field":"moves","id":"q19905"}
2026-07-22 22:23:25+0200: Error: {"error":"Illegal move 4: E11","field":"moves","id":"q19942"}
2026-07-22 22:23:31+0200: Error: {"error":"Illegal move 4: E11","field":"moves","id":"q19978"}
2026-07-22 22:23:36+0200: Error: {"error":"Illegal move 2: C13","field":"moves","id":"q20008"}
2026-07-22 22:23:36+0200: Error: {"error":"Illegal move 2: E11","field":"moves","id":"q20017"}
2026-07-22 22:23:42+0200: Error: {"error":"Illegal move 4: E11","field":"moves","id":"q20058"}
2026-07-22 22:23:48+0200: Error: {"error":"Illegal move 4: C13","field":"moves","id":"q20087"}
2026-07-22 22:23:48+0200: Error: {"error":"Illegal move 4: E11","field":"moves","id":"q20095"}
2026-07-22 22:23:53+0200: Error: {"error":"Illegal move 4: E11","field":"moves","id":"q20134"}
2026-07-22 22:25:56+0200: Error: {"error":"Illegal move 0: A6","field":"moves","id":"q20644"}
2026-07-22 22:25:56+0200: Error: {"error":"Illegal move 0: C6","field":"moves","id":"q20645"}
2026-07-22 22:25:56+0200: Error: {"error":"Illegal move 0: D1","field":"moves","id":"q20654"}
2026-07-22 22:25:56+0200: Error: {"error":"Illegal move 0: F1","field":"moves","id":"q20655"}
2026-07-22 22:26:13+0200: Error: {"error":"Illegal move 0: A6","field":"moves","id":"q20656"}
2026-07-22 22:26:13+0200: Error: {"error":"Illegal move 0: C6","field":"moves","id":"q20657"}
2026-07-22 22:26:13+0200: Error: {"error":"Illegal move 0: D1","field":"moves","id":"q20666"}
2026-07-22 22:26:13+0200: Error: {"error":"Illegal move 0: F1","field":"moves","id":"q20667"}
2026-07-22 22:27:24+0200: Error: {"error":"Illegal move 0: B7","field":"moves","id":"q20732"}
2026-07-22 22:28:53+0200: Error: {"error":"Illegal move 0: B7","field":"moves","id":"q20936"}
2026-07-22 22:28:53+0200: Error: {"error":"Illegal move 2: B7","field":"moves","id":"q20977"}
2026-07-22 22:28:58+0200: Error: {"error":"Illegal move 4: B7","field":"moves","id":"q21016"}
2026-07-22 22:28:58+0200: Error: {"error":"Illegal move 4: A6","field":"moves","id":"q21018"}
2026-07-22 22:29:02+0200: Error: {"error":"Illegal move 4: B7","field":"moves","id":"q21034"}
2026-07-22 22:29:07+0200: Error: {"error":"Illegal move 4: B7","field":"moves","id":"q21069"}
2026-07-22 22:29:13+0200: Error: {"error":"Illegal move 2: B7","field":"moves","id":"q21107"}
2026-07-22 22:29:13+0200: Error: {"error":"Illegal move 2: A6","field":"moves","id":"q21109"}
2026-07-22 22:29:18+0200: Error: {"error":"Illegal move 4: B7","field":"moves","id":"q21144"}
2026-07-22 22:29:18+0200: Error: {"error":"Illegal move 4: A6","field":"moves","id":"q21146"}
2026-07-22 22:29:23+0200: Error: {"error":"Illegal move 4: B7","field":"moves","id":"q21179"}
2026-07-22 22:29:23+0200: Error: {"error":"Illegal move 4: A6","field":"moves","id":"q21181"}
2026-07-22 22:29:25+0200: Error: {"error":"Illegal move 2: B7","field":"moves","id":"q21201"}
2026-07-22 22:29:30+0200: Error: {"error":"Illegal move 4: B7","field":"moves","id":"q21239"}
2026-07-22 22:29:30+0200: Error: {"error":"Illegal move 4: A6","field":"moves","id":"q21241"}
2026-07-22 22:29:30+0200: Error: {"error":"Illegal move 4: B7","field":"moves","id":"q21261"}
2026-07-22 22:29:36+0200: Error: {"error":"Illegal move 0: H13","field":"moves","id":"q21279"}
2026-07-22 22:30:17+0200: Error: {"error":"Illegal move 0: H13","field":"moves","id":"q21305"}
2026-07-22 22:30:17+0200: Error: {"error":"Illegal move 2: H13","field":"moves","id":"q21331"}
2026-07-22 22:30:19+0200: Error: {"error":"Illegal move 2: H13","field":"moves","id":"q21344"}
2026-07-22 22:30:21+0200: Error: {"error":"Illegal move 4: H13","field":"moves","id":"q21359"}
2026-07-22 22:30:21+0200: Error: {"error":"Illegal move 4: K13","field":"moves","id":"q21360"}
2026-07-22 22:30:23+0200: Error: {"error":"Illegal move 4: H13","field":"moves","id":"q21373"}
2026-07-22 22:30:25+0200: Error: {"error":"Illegal move 4: H13","field":"moves","id":"q21385"}
2026-07-22 22:30:25+0200: Error: {"error":"Illegal move 4: J12","field":"moves","id":"q21387"}
2026-07-22 22:30:27+0200: Error: {"error":"Illegal move 2: H13","field":"moves","id":"q21396"}
2026-07-22 22:30:29+0200: Error: {"error":"Illegal move 4: H13","field":"moves","id":"q21418"}
2026-07-22 22:30:31+0200: Error: {"error":"Illegal move 4: H13","field":"moves","id":"q21428"}
2026-07-22 22:30:31+0200: Error: {"error":"Illegal move 4: H13","field":"moves","id":"q21442"}
2026-07-22 22:33:09+0200: Error: {"error":"Illegal move 2: J8","field":"moves","id":"q21772"}
2026-07-22 22:33:12+0200: Error: {"error":"Illegal move 2: J8","field":"moves","id":"q21789"}
2026-07-22 22:33:13+0200: Error: {"error":"Illegal move 4: F10","field":"moves","id":"q21803"}
2026-07-22 22:33:13+0200: Error: {"error":"Illegal move 4: J8","field":"moves","id":"q21806"}
2026-07-22 22:33:15+0200: Error: {"error":"Illegal move 2: F10","field":"moves","id":"q21818"}
2026-07-22 22:33:17+0200: Error: {"error":"Illegal move 4: F10","field":"moves","id":"q21844"}
2026-07-22 22:33:17+0200: Error: {"error":"Illegal move 4: J8","field":"moves","id":"q21848"}
2026-07-22 22:33:19+0200: Error: {"error":"Illegal move 4: F10","field":"moves","id":"q21859"}
2026-07-22 22:33:19+0200: Error: {"error":"Illegal move 4: J8","field":"moves","id":"q21862"}
2026-07-22 22:33:19+0200: Error: {"error":"Illegal move 4: J8","field":"moves","id":"q21877"}
2026-07-22 22:34:18+0200: Error: {"error":"Illegal move 2: H1","field":"moves","id":"q21972"}
2026-07-22 22:34:21+0200: Error: {"error":"Illegal move 4: H1","field":"moves","id":"q22001"}
2026-07-22 22:34:25+0200: Error: {"error":"Illegal move 4: H1","field":"moves","id":"q22029"}
2026-07-22 22:34:36+0200: Error: {"error":"Illegal move 4: H1","field":"moves","id":"q22112"}
2026-07-22 22:38:44+0200: Error: {"error":"Illegal move 0: N4","field":"moves","id":"q23113"}
2026-07-22 22:39:34+0200: Error: {"error":"Illegal move 0: N4","field":"moves","id":"q23172"}
2026-07-22 22:39:34+0200: Error: {"error":"Illegal move 2: N4","field":"moves","id":"q23198"}
2026-07-22 22:39:37+0200: Error: {"error":"Illegal move 2: N4","field":"moves","id":"q23213"}
2026-07-22 22:39:39+0200: Error: {"error":"Illegal move 0: A1","field":"moves","id":"q23224"}
2026-07-22 22:39:39+0200: Error: {"error":"Illegal move 0: C1","field":"moves","id":"q23225"}
2026-07-22 22:40:05+0200: Error: {"error":"Illegal move 0: A1","field":"moves","id":"q23238"}
2026-07-22 22:40:05+0200: Error: {"error":"Illegal move 0: C1","field":"moves","id":"q23239"}
2026-07-22 22:40:40+0200: Error: {"error":"Illegal move 4: E3","field":"moves","id":"q23296"}
2026-07-22 22:40:43+0200: Error: {"error":"Illegal move 4: E3","field":"moves","id":"q23319"}
2026-07-22 22:43:17+0200: Error: {"error":"Illegal move 4: C2","field":"moves","id":"q23764"}
2026-07-22 22:43:19+0200: Error: {"error":"Illegal move 4: C2","field":"moves","id":"q23776"}
2026-07-22 22:43:20+0200: Error: {"error":"Illegal move 4: C2","field":"moves","id":"q23788"}
2026-07-22 22:43:30+0200: Error: {"error":"Illegal move 0: A5","field":"moves","id":"q23850"}
2026-07-22 22:43:58+0200: Error: {"error":"Illegal move 0: A5","field":"moves","id":"q23866"}
2026-07-22 22:44:32+0200: Error: {"error":"Illegal move 0: A5","field":"moves","id":"q23904"}
2026-07-22 22:45:05+0200: Error: {"error":"Illegal move 2: D2","field":"moves","id":"q23964"}
2026-07-22 22:45:07+0200: Error: {"error":"Illegal move 4: D2","field":"moves","id":"q23981"}
2026-07-22 22:45:09+0200: Error: {"error":"Illegal move 4: D2","field":"moves","id":"q23996"}
2026-07-22 22:45:14+0200: Error: {"error":"Illegal move 4: D2","field":"moves","id":"q24049"}
2026-07-22 22:45:17+0200: Error: {"error":"Illegal move 0: A5","field":"moves","id":"q24063"}
2026-07-22 22:45:17+0200: Error: {"error":"Illegal move 2: A5","field":"moves","id":"q24084"}
2026-07-22 22:45:18+0200: Error: {"error":"Illegal move 4: A5","field":"moves","id":"q24101"}
2026-07-22 22:45:20+0200: Error: {"error":"Illegal move 4: A5","field":"moves","id":"q24115"}
2026-07-22 22:45:21+0200: Error: {"error":"Illegal move 2: A5","field":"moves","id":"q24123"}
2026-07-22 22:45:22+0200: Error: {"error":"Illegal move 4: A5","field":"moves","id":"q24141"}
2026-07-22 22:45:22+0200: Error: {"error":"Illegal move 4: A5","field":"moves","id":"q24154"}
2026-07-22 22:45:24+0200: Error: {"error":"Illegal move 4: A5","field":"moves","id":"q24169"}
2026-07-22 22:45:25+0200: Error: {"error":"Illegal move 0: G9","field":"moves","id":"q24191"}
2026-07-22 22:46:29+0200: Error: {"error":"Illegal move 0: G9","field":"moves","id":"q24234"}
2026-07-22 22:46:32+0200: Error: {"error":"Illegal move 2: G9","field":"moves","id":"q24297"}
2026-07-22 22:46:36+0200: Error: {"error":"Illegal move 4: G9","field":"moves","id":"q24331"}
2026-07-22 22:46:40+0200: Error: {"error":"Illegal move 2: G9","field":"moves","id":"q24357"}
2026-07-22 22:46:43+0200: Error: {"error":"Illegal move 0: G9","field":"moves","id":"q24381"}
2026-07-22 22:49:07+0200: Error: {"error":"Illegal move 0: G9","field":"moves","id":"q24512"}
2026-07-22 22:49:08+0200: Error: {"error":"Illegal move 2: G9","field":"moves","id":"q24554"}
2026-07-22 22:49:11+0200: Error: {"error":"Illegal move 4: G9","field":"moves","id":"q24595"}
2026-07-22 22:49:15+0200: Error: {"error":"Illegal move 4: G9","field":"moves","id":"q24631"}
2026-07-22 22:49:19+0200: Error: {"error":"Illegal move 4: G9","field":"moves","id":"q24666"}
2026-07-22 22:49:23+0200: Error: {"error":"Illegal move 2: G9","field":"moves","id":"q24704"}
2026-07-22 22:49:26+0200: Error: {"error":"Illegal move 4: K12","field":"moves","id":"q24742"}
2026-07-22 22:49:26+0200: Error: {"error":"Illegal move 4: G9","field":"moves","id":"q24745"}
2026-07-22 22:49:28+0200: Error: {"error":"Illegal move 4: G9","field":"moves","id":"q24784"}
2026-07-22 22:49:31+0200: Error: {"error":"Illegal move 4: N13","field":"moves","id":"q24805"}
2026-07-22 22:49:31+0200: Error: {"error":"Illegal move 4: M12","field":"moves","id":"q24808"}
2026-07-22 22:49:31+0200: Error: {"error":"Illegal move 4: G9","field":"moves","id":"q24810"}
2026-07-22 22:49:40+0200: Error: {"error":"Illegal move 4: M13","field":"moves","id":"q24911"}
2026-07-22 22:49:40+0200: Error: {"error":"Illegal move 4: N12","field":"moves","id":"q24915"}
2026-07-22 22:49:44+0200: Error: {"error":"Illegal move 4: M13","field":"moves","id":"q24933"}
2026-07-22 22:49:44+0200: Error: {"error":"Illegal move 4: N12","field":"moves","id":"q24937"}
2026-07-22 22:49:50+0200: Error: {"error":"Illegal move 4: M13","field":"moves","id":"q25002"}
2026-07-22 22:49:50+0200: Error: {"error":"Illegal move 4: N12","field":"moves","id":"q25006"}
2026-07-22 22:50:12+0200: Error: {"error":"Illegal move 4: J8","field":"moves","id":"q25166"}
2026-07-22 22:53:06+0200: Error: {"error":"Illegal move 2: B11","field":"moves","id":"q25485"}
2026-07-22 22:53:09+0200: Error: {"error":"Illegal move 4: B11","field":"moves","id":"q25520"}
2026-07-22 22:53:14+0200: Error: {"error":"Illegal move 4: B11","field":"moves","id":"q25555"}
2026-07-22 22:53:19+0200: Error: {"error":"Illegal move 2: B13","field":"moves","id":"q25583"}
2026-07-22 22:53:19+0200: Error: {"error":"Illegal move 2: A12","field":"moves","id":"q25586"}
2026-07-22 22:53:24+0200: Error: {"error":"Illegal move 4: B13","field":"moves","id":"q25621"}
2026-07-22 22:53:24+0200: Error: {"error":"Illegal move 4: A12","field":"moves","id":"q25624"}
2026-07-22 22:53:29+0200: Error: {"error":"Illegal move 4: B13","field":"moves","id":"q25656"}
2026-07-22 22:53:29+0200: Error: {"error":"Illegal move 4: A12","field":"moves","id":"q25659"}
2026-07-22 22:53:34+0200: Error: {"error":"Illegal move 4: B13","field":"moves","id":"q25693"}
2026-07-22 22:53:34+0200: Error: {"error":"Illegal move 4: A12","field":"moves","id":"q25696"}
2026-07-22 22:53:45+0200: Error: {"error":"Illegal move 4: E9","field":"moves","id":"q25816"}
2026-07-22 22:53:50+0200: Error: {"error":"Illegal move 4: E9","field":"moves","id":"q25850"}
2026-07-22 22:54:20+0200: Error: {"error":"Illegal move 4: A13","field":"moves","id":"q26055"}
2026-07-22 22:54:20+0200: Error: {"error":"Illegal move 4: B12","field":"moves","id":"q26059"}
2026-07-22 22:54:30+0200: Error: {"error":"Illegal move 4: A13","field":"moves","id":"q26131"}
2026-07-22 22:54:36+0200: Error: {"error":"Illegal move 0: B7","field":"moves","id":"q26174"}
2026-07-22 22:55:32+0200: Error: {"error":"Illegal move 0: B7","field":"moves","id":"q26205"}
2026-07-22 22:55:32+0200: Error: {"error":"Illegal move 2: B7","field":"moves","id":"q26235"}
2026-07-22 22:55:34+0200: Error: {"error":"Illegal move 4: B7","field":"moves","id":"q26257"}
2026-07-22 22:55:38+0200: Error: {"error":"Illegal move 2: B7","field":"moves","id":"q26283"}
2026-07-22 22:55:39+0200: Error: {"error":"Illegal move 2: B7","field":"moves","id":"q26304"}
2026-07-22 22:56:40+0200: Error: {"error":"Illegal move 4: F9","field":"moves","id":"q26431"}
2026-07-22 22:56:46+0200: Error: {"error":"Illegal move 2: B11","field":"moves","id":"q26474"}
2026-07-22 22:56:47+0200: Error: {"error":"Illegal move 4: B11","field":"moves","id":"q26500"}
2026-07-22 22:56:50+0200: Error: {"error":"Illegal move 4: B11","field":"moves","id":"q26523"}
2026-07-22 22:59:14+0200: Error: {"error":"Illegal move 4: B7","field":"moves","id":"q26998"}
2026-07-22 22:59:23+0200: Error: {"error":"Illegal move 4: B11","field":"moves","id":"q27108"}
2026-07-22 22:59:23+0200: Error: {"error":"Illegal move 4: A10","field":"moves","id":"q27109"}
2026-07-22 22:59:26+0200: Error: {"error":"Illegal move 4: B11","field":"moves","id":"q27132"}
2026-07-22 22:59:26+0200: Error: {"error":"Illegal move 4: A10","field":"moves","id":"q27133"}
2026-07-22 22:59:29+0200: Error: {"error":"Illegal move 2: B8","field":"moves","id":"q27161"}
2026-07-22 22:59:31+0200: Error: {"error":"Illegal move 4: B8","field":"moves","id":"q27190"}
2026-07-22 22:59:34+0200: Error: {"error":"Illegal move 4: B8","field":"moves","id":"q27214"}
2026-07-22 22:59:36+0200: Error: {"error":"Illegal move 4: B8","field":"moves","id":"q27239"}
2026-07-22 22:59:43+0200: Error: {"error":"Illegal move 4: B8","field":"moves","id":"q27296"}
2026-07-22 22:59:50+0200: Error: {"error":"Illegal move 4: B8","field":"moves","id":"q27353"}
2026-07-22 22:59:51+0200: Error: {"error":"Illegal move 0: L11","field":"moves","id":"q27380"}
2026-07-22 22:59:51+0200: Error: {"error":"Illegal move 0: G9","field":"moves","id":"q27381"}
2026-07-22 22:59:51+0200: Error: {"error":"Illegal move 0: L3","field":"moves","id":"q27388"}
2026-07-22 23:00:38+0200: Error: {"error":"Illegal move 0: L11","field":"moves","id":"q27413"}
2026-07-22 23:00:38+0200: Error: {"error":"Illegal move 0: G9","field":"moves","id":"q27414"}
2026-07-22 23:00:38+0200: Error: {"error":"Illegal move 0: L3","field":"moves","id":"q27421"}
2026-07-22 23:00:38+0200: Error: {"error":"Illegal move 2: L11","field":"moves","id":"q27445"}
2026-07-22 23:00:38+0200: Error: {"error":"Illegal move 2: G9","field":"moves","id":"q27446"}
2026-07-22 23:00:38+0200: Error: {"error":"Illegal move 2: L3","field":"moves","id":"q27453"}
2026-07-22 23:00:41+0200: Error: {"error":"Illegal move 4: L11","field":"moves","id":"q27482"}
2026-07-22 23:00:41+0200: Error: {"error":"Illegal move 4: G9","field":"moves","id":"q27485"}
2026-07-22 23:00:41+0200: Error: {"error":"Illegal move 4: L3","field":"moves","id":"q27493"}
2026-07-22 23:00:46+0200: Error: {"error":"Illegal move 4: L11","field":"moves","id":"q27531"}
2026-07-22 23:00:46+0200: Error: {"error":"Illegal move 4: G9","field":"moves","id":"q27534"}
2026-07-22 23:00:46+0200: Error: {"error":"Illegal move 4: L3","field":"moves","id":"q27541"}
2026-07-22 23:00:53+0200: Error: {"error":"Illegal move 4: L11","field":"moves","id":"q27571"}
2026-07-22 23:00:53+0200: Error: {"error":"Illegal move 4: G9","field":"moves","id":"q27572"}
2026-07-22 23:00:53+0200: Error: {"error":"Illegal move 4: L3","field":"moves","id":"q27578"}
2026-07-22 23:00:56+0200: Error: {"error":"Illegal move 2: L11","field":"moves","id":"q27606"}
2026-07-22 23:00:56+0200: Error: {"error":"Illegal move 2: G9","field":"moves","id":"q27608"}
2026-07-22 23:00:56+0200: Error: {"error":"Illegal move 2: L3","field":"moves","id":"q27614"}
2026-07-22 23:01:01+0200: Error: {"error":"Illegal move 4: L11","field":"moves","id":"q27651"}
2026-07-22 23:01:01+0200: Error: {"error":"Illegal move 4: G9","field":"moves","id":"q27653"}
2026-07-22 23:01:01+0200: Error: {"error":"Illegal move 4: L3","field":"moves","id":"q27658"}
2026-07-22 23:01:07+0200: Error: {"error":"Illegal move 4: L11","field":"moves","id":"q27693"}
2026-07-22 23:01:07+0200: Error: {"error":"Illegal move 4: G9","field":"moves","id":"q27695"}
2026-07-22 23:01:07+0200: Error: {"error":"Illegal move 4: L3","field":"moves","id":"q27700"}
2026-07-22 23:01:14+0200: Error: {"error":"Illegal move 4: L11","field":"moves","id":"q27734"}
2026-07-22 23:01:14+0200: Error: {"error":"Illegal move 4: G9","field":"moves","id":"q27736"}
2026-07-22 23:01:14+0200: Error: {"error":"Illegal move 4: L3","field":"moves","id":"q27741"}
2026-07-22 23:01:20+0200: Error: {"error":"Illegal move 2: L11","field":"moves","id":"q27776"}
2026-07-22 23:01:20+0200: Error: {"error":"Illegal move 2: G9","field":"moves","id":"q27778"}
2026-07-22 23:01:20+0200: Error: {"error":"Illegal move 2: L3","field":"moves","id":"q27785"}
2026-07-22 23:01:25+0200: Error: {"error":"Illegal move 4: L11","field":"moves","id":"q27820"}
2026-07-22 23:01:25+0200: Error: {"error":"Illegal move 4: G9","field":"moves","id":"q27822"}
2026-07-22 23:01:25+0200: Error: {"error":"Illegal move 4: L3","field":"moves","id":"q27828"}
2026-07-22 23:01:31+0200: Error: {"error":"Illegal move 4: L11","field":"moves","id":"q27861"}
2026-07-22 23:01:31+0200: Error: {"error":"Illegal move 4: G9","field":"moves","id":"q27863"}
2026-07-22 23:01:31+0200: Error: {"error":"Illegal move 4: L3","field":"moves","id":"q27869"}
2026-07-22 23:01:37+0200: Error: {"error":"Illegal move 4: L11","field":"moves","id":"q27902"}
2026-07-22 23:01:37+0200: Error: {"error":"Illegal move 4: G9","field":"moves","id":"q27904"}
2026-07-22 23:01:37+0200: Error: {"error":"Illegal move 4: L3","field":"moves","id":"q27910"}
2026-07-22 23:01:43+0200: Error: {"error":"Illegal move 0: E6","field":"moves","id":"q27942"}
2026-07-22 23:01:43+0200: Error: {"error":"Illegal move 0: K6","field":"moves","id":"q27944"}
2026-07-22 23:02:31+0200: Error: {"error":"Illegal move 0: E6","field":"moves","id":"q27976"}
2026-07-22 23:02:31+0200: Error: {"error":"Illegal move 0: K6","field":"moves","id":"q27978"}
2026-07-22 23:02:31+0200: Error: {"error":"Illegal move 2: E6","field":"moves","id":"q28008"}
2026-07-22 23:02:31+0200: Error: {"error":"Illegal move 2: K6","field":"moves","id":"q28010"}
2026-07-22 23:02:34+0200: Error: {"error":"Illegal move 4: E6","field":"moves","id":"q28037"}
2026-07-22 23:02:34+0200: Error: {"error":"Illegal move 4: K6","field":"moves","id":"q28039"}
2026-07-22 23:02:38+0200: Error: {"error":"Illegal move 4: E6","field":"moves","id":"q28064"}
2026-07-22 23:02:38+0200: Error: {"error":"Illegal move 4: K6","field":"moves","id":"q28066"}
2026-07-22 23:02:42+0200: Error: {"error":"Illegal move 4: E6","field":"moves","id":"q28090"}
2026-07-22 23:02:42+0200: Error: {"error":"Illegal move 4: K6","field":"moves","id":"q28092"}
2026-07-22 23:02:45+0200: Error: {"error":"Illegal move 2: E6","field":"moves","id":"q28117"}
2026-07-22 23:02:45+0200: Error: {"error":"Illegal move 2: K6","field":"moves","id":"q28119"}
2026-07-22 23:02:49+0200: Error: {"error":"Illegal move 4: E6","field":"moves","id":"q28146"}
2026-07-22 23:02:49+0200: Error: {"error":"Illegal move 4: K6","field":"moves","id":"q28148"}
2026-07-22 23:02:53+0200: Error: {"error":"Illegal move 4: E6","field":"moves","id":"q28173"}
2026-07-22 23:02:53+0200: Error: {"error":"Illegal move 4: K6","field":"moves","id":"q28175"}
2026-07-22 23:02:57+0200: Error: {"error":"Illegal move 4: E6","field":"moves","id":"q28202"}
2026-07-22 23:02:57+0200: Error: {"error":"Illegal move 4: K6","field":"moves","id":"q28204"}
2026-07-22 23:03:01+0200: Error: {"error":"Illegal move 2: E6","field":"moves","id":"q28228"}
2026-07-22 23:03:01+0200: Error: {"error":"Illegal move 2: K6","field":"moves","id":"q28230"}
2026-07-22 23:03:04+0200: Error: {"error":"Illegal move 4: E6","field":"moves","id":"q28256"}
2026-07-22 23:03:04+0200: Error: {"error":"Illegal move 4: K6","field":"moves","id":"q28258"}
2026-07-22 23:03:08+0200: Error: {"error":"Illegal move 4: E6","field":"moves","id":"q28282"}
2026-07-22 23:03:08+0200: Error: {"error":"Illegal move 4: K6","field":"moves","id":"q28284"}
2026-07-22 23:03:11+0200: Error: {"error":"Illegal move 4: E6","field":"moves","id":"q28310"}
2026-07-22 23:03:11+0200: Error: {"error":"Illegal move 4: K6","field":"moves","id":"q28312"}
2026-07-22 23:03:14+0200: Error: {"error":"Illegal move 0: L11","field":"moves","id":"q28330"}
2026-07-22 23:03:14+0200: Error: {"error":"Illegal move 0: G9","field":"moves","id":"q28331"}
2026-07-22 23:03:14+0200: Error: {"error":"Illegal move 0: L3","field":"moves","id":"q28338"}
2026-07-22 23:03:57+0200: Error: {"error":"Illegal move 0: E6","field":"moves","id":"q28368"}
2026-07-22 23:03:57+0200: Error: {"error":"Illegal move 0: K6","field":"moves","id":"q28370"}
2026-07-22 23:05:13+0200: Error: {"error":"Illegal move 0: L11","field":"moves","id":"q28444"}
2026-07-22 23:05:13+0200: Error: {"error":"Illegal move 0: G9","field":"moves","id":"q28445"}
2026-07-22 23:05:13+0200: Error: {"error":"Illegal move 0: L3","field":"moves","id":"q28452"}
2026-07-22 23:05:13+0200: Error: {"error":"Illegal move 2: L11","field":"moves","id":"q28479"}
2026-07-22 23:05:13+0200: Error: {"error":"Illegal move 2: G9","field":"moves","id":"q28480"}
2026-07-22 23:05:13+0200: Error: {"error":"Illegal move 2: L3","field":"moves","id":"q28486"}
2026-07-22 23:05:14+0200: Error: {"error":"Illegal move 4: L11","field":"moves","id":"q28499"}
2026-07-22 23:05:14+0200: Error: {"error":"Illegal move 4: G9","field":"moves","id":"q28500"}
2026-07-22 23:05:14+0200: Error: {"error":"Illegal move 4: L3","field":"moves","id":"q28506"}
2026-07-22 23:05:14+0200: Error: {"error":"Illegal move 4: C2","field":"moves","id":"q28507"}
2026-07-22 23:05:16+0200: Error: {"error":"Illegal move 2: L11","field":"moves","id":"q28515"}
2026-07-22 23:05:16+0200: Error: {"error":"Illegal move 2: G9","field":"moves","id":"q28516"}
2026-07-22 23:05:16+0200: Error: {"error":"Illegal move 2: L3","field":"moves","id":"q28522"}
2026-07-22 23:05:20+0200: Error: {"error":"Illegal move 4: L11","field":"moves","id":"q28544"}
2026-07-22 23:05:20+0200: Error: {"error":"Illegal move 4: G9","field":"moves","id":"q28545"}
2026-07-22 23:05:20+0200: Error: {"error":"Illegal move 4: L3","field":"moves","id":"q28551"}
2026-07-22 23:05:23+0200: Error: {"error":"Illegal move 4: L11","field":"moves","id":"q28571"}
2026-07-22 23:05:23+0200: Error: {"error":"Illegal move 4: G9","field":"moves","id":"q28572"}
2026-07-22 23:05:23+0200: Error: {"error":"Illegal move 4: L3","field":"moves","id":"q28578"}
2026-07-22 23:05:26+0200: Error: {"error":"Illegal move 4: L11","field":"moves","id":"q28599"}
2026-07-22 23:05:26+0200: Error: {"error":"Illegal move 4: G9","field":"moves","id":"q28600"}
2026-07-22 23:05:26+0200: Error: {"error":"Illegal move 4: L3","field":"moves","id":"q28605"}
2026-07-22 23:05:29+0200: Error: {"error":"Illegal move 2: L11","field":"moves","id":"q28626"}
2026-07-22 23:05:29+0200: Error: {"error":"Illegal move 2: G9","field":"moves","id":"q28627"}
2026-07-22 23:05:29+0200: Error: {"error":"Illegal move 2: L3","field":"moves","id":"q28634"}
2026-07-22 23:05:32+0200: Error: {"error":"Illegal move 4: L11","field":"moves","id":"q28663"}
2026-07-22 23:05:32+0200: Error: {"error":"Illegal move 4: G9","field":"moves","id":"q28666"}
2026-07-22 23:05:32+0200: Error: {"error":"Illegal move 4: L3","field":"moves","id":"q28674"}
2026-07-22 23:05:38+0200: Error: {"error":"Illegal move 4: L11","field":"moves","id":"q28711"}
2026-07-22 23:05:38+0200: Error: {"error":"Illegal move 4: G9","field":"moves","id":"q28714"}
2026-07-22 23:05:38+0200: Error: {"error":"Illegal move 4: L3","field":"moves","id":"q28722"}
2026-07-22 23:05:43+0200: Error: {"error":"Illegal move 4: L11","field":"moves","id":"q28753"}
2026-07-22 23:05:43+0200: Error: {"error":"Illegal move 4: G9","field":"moves","id":"q28754"}
2026-07-22 23:05:43+0200: Error: {"error":"Illegal move 4: L3","field":"moves","id":"q28760"}
2026-07-22 23:05:47+0200: Error: {"error":"Illegal move 0: E6","field":"moves","id":"q28784"}
2026-07-22 23:05:47+0200: Error: {"error":"Illegal move 0: K6","field":"moves","id":"q28786"}
2026-07-22 23:05:47+0200: Error: {"error":"Illegal move 2: E6","field":"moves","id":"q28819"}
2026-07-22 23:05:47+0200: Error: {"error":"Illegal move 2: K6","field":"moves","id":"q28820"}
2026-07-22 23:05:49+0200: Error: {"error":"Illegal move 4: F12","field":"moves","id":"q28846"}
2026-07-22 23:05:49+0200: Error: {"error":"Illegal move 4: E6","field":"moves","id":"q28851"}
2026-07-22 23:05:49+0200: Error: {"error":"Illegal move 4: K6","field":"moves","id":"q28852"}
2026-07-22 23:05:52+0200: Error: {"error":"Illegal move 4: E6","field":"moves","id":"q28880"}
2026-07-22 23:05:52+0200: Error: {"error":"Illegal move 4: K6","field":"moves","id":"q28881"}
2026-07-22 23:05:55+0200: Error: {"error":"Illegal move 4: F12","field":"moves","id":"q28903"}
2026-07-22 23:05:55+0200: Error: {"error":"Illegal move 4: E6","field":"moves","id":"q28908"}
2026-07-22 23:05:55+0200: Error: {"error":"Illegal move 4: K6","field":"moves","id":"q28909"}
2026-07-22 23:05:58+0200: Error: {"error":"Illegal move 2: F12","field":"moves","id":"q28931"}
2026-07-22 23:05:58+0200: Error: {"error":"Illegal move 2: E6","field":"moves","id":"q28936"}
2026-07-22 23:05:58+0200: Error: {"error":"Illegal move 2: K6","field":"moves","id":"q28938"}
2026-07-22 23:05:58+0200: Error: {"error":"Illegal move 4: F12","field":"moves","id":"q28963"}
2026-07-22 23:05:58+0200: Error: {"error":"Illegal move 4: E6","field":"moves","id":"q28967"}
2026-07-22 23:05:58+0200: Error: {"error":"Illegal move 4: K6","field":"moves","id":"q28969"}
2026-07-22 23:06:00+0200: Error: {"error":"Illegal move 4: G13","field":"moves","id":"q28991"}
2026-07-22 23:06:00+0200: Error: {"error":"Illegal move 4: F12","field":"moves","id":"q28992"}
2026-07-22 23:06:00+0200: Error: {"error":"Illegal move 4: H12","field":"moves","id":"q28993"}
2026-07-22 23:06:00+0200: Error: {"error":"Illegal move 4: E6","field":"moves","id":"q28997"}
2026-07-22 23:06:00+0200: Error: {"error":"Illegal move 4: K6","field":"moves","id":"q28999"}
2026-07-22 23:06:02+0200: Error: {"error":"Illegal move 4: F12","field":"moves","id":"q29022"}
2026-07-22 23:06:02+0200: Error: {"error":"Illegal move 4: E6","field":"moves","id":"q29027"}
2026-07-22 23:06:02+0200: Error: {"error":"Illegal move 4: K6","field":"moves","id":"q29028"}
2026-07-22 23:06:04+0200: Error: {"error":"Illegal move 2: H12","field":"moves","id":"q29052"}
2026-07-22 23:06:04+0200: Error: {"error":"Illegal move 2: E6","field":"moves","id":"q29056"}
2026-07-22 23:06:04+0200: Error: {"error":"Illegal move 2: K6","field":"moves","id":"q29058"}
2026-07-22 23:06:04+0200: Error: {"error":"Illegal move 4: G13","field":"moves","id":"q29083"}
2026-07-22 23:06:04+0200: Error: {"error":"Illegal move 4: F12","field":"moves","id":"q29084"}
2026-07-22 23:06:04+0200: Error: {"error":"Illegal move 4: H12","field":"moves","id":"q29085"}
2026-07-22 23:06:04+0200: Error: {"error":"Illegal move 4: E6","field":"moves","id":"q29089"}
2026-07-22 23:06:04+0200: Error: {"error":"Illegal move 4: K6","field":"moves","id":"q29091"}
2026-07-22 23:06:07+0200: Error: {"error":"Illegal move 4: G13","field":"moves","id":"q29113"}
2026-07-22 23:06:07+0200: Error: {"error":"Illegal move 4: F12","field":"moves","id":"q29114"}
2026-07-22 23:06:07+0200: Error: {"error":"Illegal move 4: H12","field":"moves","id":"q29115"}
2026-07-22 23:06:07+0200: Error: {"error":"Illegal move 4: E6","field":"moves","id":"q29119"}
2026-07-22 23:06:07+0200: Error: {"error":"Illegal move 4: K6","field":"moves","id":"q29121"}
2026-07-22 23:06:07+0200: Error: {"error":"Illegal move 4: G13","field":"moves","id":"q29142"}
2026-07-22 23:06:07+0200: Error: {"error":"Illegal move 4: F12","field":"moves","id":"q29143"}
2026-07-22 23:06:07+0200: Error: {"error":"Illegal move 4: H12","field":"moves","id":"q29144"}
2026-07-22 23:06:07+0200: Error: {"error":"Illegal move 4: E6","field":"moves","id":"q29148"}
2026-07-22 23:06:07+0200: Error: {"error":"Illegal move 4: K6","field":"moves","id":"q29150"}
2026-07-22 23:08:46+0200: Error: {"error":"Illegal move 0: G8","field":"moves","id":"q29836"}
2026-07-22 23:09:22+0200: Error: {"error":"Illegal move 0: G8","field":"moves","id":"q29853"}
2026-07-22 23:09:58+0200: Error: {"error":"Illegal move 2: L1","field":"moves","id":"q29932"}
2026-07-22 23:10:00+0200: Error: {"error":"Illegal move 4: L1","field":"moves","id":"q29954"}
2026-07-22 23:10:03+0200: Error: {"error":"Illegal move 4: L1","field":"moves","id":"q29969"}
2026-07-22 23:10:03+0200: Error: {"error":"Illegal move 4: N1","field":"moves","id":"q29970"}
2026-07-22 23:10:05+0200: Error: {"error":"Illegal move 4: L1","field":"moves","id":"q29983"}
2026-07-22 23:10:05+0200: Error: {"error":"Illegal move 4: N1","field":"moves","id":"q29984"}
2026-07-22 23:10:07+0200: Error: {"error":"Illegal move 2: N1","field":"moves","id":"q29999"}
2026-07-22 23:10:08+0200: Error: {"error":"Illegal move 4: N1","field":"moves","id":"q30018"}
2026-07-22 23:10:11+0200: Error: {"error":"Illegal move 4: N1","field":"moves","id":"q30032"}
2026-07-22 23:10:21+0200: Error: {"error":"Illegal move 4: N1","field":"moves","id":"q30102"}
2026-07-22 23:10:23+0200: Error: {"error":"Illegal move 0: G8","field":"moves","id":"q30108"}
2026-07-22 23:11:47+0200: Error: {"error":"Illegal move 0: G8","field":"moves","id":"q30177"}
2026-07-22 23:11:53+0200: Error: {"error":"Illegal move 2: G8","field":"moves","id":"q30249"}
2026-07-22 23:11:55+0200: Error: {"error":"Illegal move 4: G8","field":"moves","id":"q30267"}
2026-07-22 23:11:57+0200: Error: {"error":"Illegal move 4: G8","field":"moves","id":"q30281"}
2026-07-22 23:11:58+0200: Error: {"error":"Illegal move 4: G8","field":"moves","id":"q30295"}
2026-07-22 23:12:00+0200: Error: {"error":"Illegal move 2: G8","field":"moves","id":"q30310"}
2026-07-22 23:12:02+0200: Error: {"error":"Illegal move 4: G8","field":"moves","id":"q30329"}
2026-07-22 23:12:02+0200: Error: {"error":"Illegal move 4: N1","field":"moves","id":"q30336"}
2026-07-22 23:12:07+0200: Error: {"error":"Illegal move 4: H6","field":"moves","id":"q30420"}
2026-07-22 23:12:20+0200: Error: {"error":"Illegal move 4: H6","field":"moves","id":"q30524"}
2026-07-22 23:14:30+0200: Error: {"error":"Illegal move 4: M6","field":"moves","id":"q30694"}
2026-07-22 23:17:47+0200: Error: {"error":"Illegal move 2: M6","field":"moves","id":"q31308"}
2026-07-22 23:17:49+0200: Error: {"error":"Illegal move 4: M6","field":"moves","id":"q31341"}
2026-07-22 23:17:54+0200: Error: {"error":"Illegal move 4: M6","field":"moves","id":"q31374"}
2026-07-22 23:17:58+0200: Error: {"error":"Illegal move 4: M6","field":"moves","id":"q31405"}
2026-07-22 23:18:09+0200: Error: {"error":"Illegal move 4: M6","field":"moves","id":"q31531"}
2026-07-22 23:18:52+0200: Error: {"error":"Illegal move 2: M13","field":"moves","id":"q31591"}
2026-07-22 23:18:52+0200: Error: {"error":"Illegal move 2: N12","field":"moves","id":"q31595"}
2026-07-22 23:18:54+0200: Error: {"error":"Illegal move 0: J12","field":"moves","id":"q31611"}
2026-07-22 23:18:54+0200: Error: {"error":"Illegal move 0: H11","field":"moves","id":"q31614"}
2026-07-22 23:19:36+0200: Error: {"error":"Illegal move 0: J12","field":"moves","id":"q31637"}
2026-07-22 23:19:36+0200: Error: {"error":"Illegal move 0: H11","field":"moves","id":"q31640"}
2026-07-22 23:19:36+0200: Error: {"error":"Illegal move 2: J12","field":"moves","id":"q31664"}
2026-07-22 23:19:36+0200: Error: {"error":"Illegal move 2: H11","field":"moves","id":"q31666"}
2026-07-22 23:19:38+0200: Error: {"error":"Illegal move 2: J12","field":"moves","id":"q31679"}
2026-07-22 23:19:38+0200: Error: {"error":"Illegal move 2: H11","field":"moves","id":"q31682"}
2026-07-22 23:20:33+0200: Error: {"error":"Illegal move 0: J12","field":"moves","id":"q31733"}
2026-07-22 23:20:33+0200: Error: {"error":"Illegal move 0: H11","field":"moves","id":"q31736"}
2026-07-22 23:21:39+0200: Error: {"error":"Illegal move 4: M13","field":"moves","id":"q31900"}
2026-07-22 23:21:39+0200: Error: {"error":"Illegal move 4: N12","field":"moves","id":"q31904"}
2026-07-22 23:21:51+0200: Error: {"error":"Illegal move 4: N8","field":"moves","id":"q32016"}
2026-07-22 23:21:55+0200: Error: {"error":"Illegal move 4: M13","field":"moves","id":"q32036"}
2026-07-22 23:21:55+0200: Error: {"error":"Illegal move 4: N12","field":"moves","id":"q32040"}
2026-07-22 23:21:59+0200: Error: {"error":"Illegal move 4: M13","field":"moves","id":"q32063"}
2026-07-22 23:21:59+0200: Error: {"error":"Illegal move 4: N12","field":"moves","id":"q32067"}
2026-07-22 23:22:01+0200: Error: {"error":"Illegal move 0: J12","field":"moves","id":"q32086"}
2026-07-22 23:22:01+0200: Error: {"error":"Illegal move 0: H11","field":"moves","id":"q32089"}
2026-07-22 23:22:02+0200: Error: {"error":"Illegal move 2: J12","field":"moves","id":"q32117"}
2026-07-22 23:22:02+0200: Error: {"error":"Illegal move 2: H11","field":"moves","id":"q32120"}
2026-07-22 23:23:22+0200: Error: {"error":"Illegal move 4: M9","field":"moves","id":"q32314"}
2026-07-22 23:23:33+0200: Error: {"error":"Illegal move 2: F8","field":"moves","id":"q32397"}
2026-07-22 23:23:34+0200: Error: {"error":"Illegal move 4: F8","field":"moves","id":"q32439"}
2026-07-22 23:23:39+0200: Error: {"error":"Illegal move 4: F8","field":"moves","id":"q32480"}
2026-07-22 23:23:45+0200: Error: {"error":"Illegal move 4: F8","field":"moves","id":"q32514"}
2026-07-22 23:24:48+0200: Error: {"error":"Illegal move 2: J11","field":"moves","id":"q32592"}
2026-07-22 23:24:51+0200: Error: {"error":"Illegal move 4: J11","field":"moves","id":"q32615"}
2026-07-22 23:27:35+0200: Error: {"error":"Illegal move 4: F8","field":"moves","id":"q32856"}
2026-07-22 23:27:51+0200: Error: {"error":"Illegal move 2: J11","field":"moves","id":"q32995"}
2026-07-22 23:27:56+0200: Error: {"error":"Illegal move 4: J11","field":"moves","id":"q33037"}
2026-07-22 23:28:02+0200: Error: {"error":"Illegal move 4: J11","field":"moves","id":"q33070"}
2026-07-22 23:28:27+0200: Error: {"error":"Illegal move 0: L7","field":"moves","id":"q33276"}
2026-07-22 23:28:27+0200: Error: {"error":"Illegal move 0: N4","field":"moves","id":"q33284"}
2026-07-22 23:29:29+0200: Error: {"error":"Illegal move 0: L7","field":"moves","id":"q33312"}
2026-07-22 23:29:29+0200: Error: {"error":"Illegal move 0: N4","field":"moves","id":"q33320"}
2026-07-22 23:29:29+0200: Error: {"error":"Illegal move 2: L7","field":"moves","id":"q33347"}
2026-07-22 23:29:29+0200: Error: {"error":"Illegal move 2: N4","field":"moves","id":"q33354"}
2026-07-22 23:29:32+0200: Error: {"error":"Illegal move 4: K8","field":"moves","id":"q33375"}
2026-07-22 23:29:32+0200: Error: {"error":"Illegal move 4: L7","field":"moves","id":"q33378"}
2026-07-22 23:29:32+0200: Error: {"error":"Illegal move 4: N4","field":"moves","id":"q33385"}
2026-07-22 23:29:35+0200: Error: {"error":"Illegal move 4: L7","field":"moves","id":"q33405"}
2026-07-22 23:29:35+0200: Error: {"error":"Illegal move 4: N4","field":"moves","id":"q33412"}
2026-07-22 23:29:37+0200: Error: {"error":"Illegal move 4: K8","field":"moves","id":"q33432"}
2026-07-22 23:29:37+0200: Error: {"error":"Illegal move 4: L7","field":"moves","id":"q33434"}
2026-07-22 23:29:37+0200: Error: {"error":"Illegal move 4: N4","field":"moves","id":"q33441"}
2026-07-22 23:29:41+0200: Error: {"error":"Illegal move 2: L7","field":"moves","id":"q33464"}
2026-07-22 23:29:41+0200: Error: {"error":"Illegal move 2: N4","field":"moves","id":"q33471"}
2026-07-22 23:29:44+0200: Error: {"error":"Illegal move 4: L7","field":"moves","id":"q33495"}
2026-07-22 23:29:44+0200: Error: {"error":"Illegal move 4: N4","field":"moves","id":"q33502"}
2026-07-22 23:29:47+0200: Error: {"error":"Illegal move 4: L7","field":"moves","id":"q33524"}
2026-07-22 23:29:47+0200: Error: {"error":"Illegal move 4: N4","field":"moves","id":"q33530"}
2026-07-22 23:29:51+0200: Error: {"error":"Illegal move 4: N4","field":"moves","id":"q33558"}
2026-07-22 23:29:54+0200: Error: {"error":"Illegal move 2: N4","field":"moves","id":"q33588"}
2026-07-22 23:29:57+0200: Error: {"error":"Illegal move 4: N4","field":"moves","id":"q33619"}
2026-07-22 23:30:01+0200: Error: {"error":"Illegal move 4: N4","field":"moves","id":"q33648"}
2026-07-22 23:30:03+0200: Error: {"error":"Illegal move 4: N4","field":"moves","id":"q33673"}
2026-07-22 23:32:14+0200: Error: {"error":"Illegal move 0: N4","field":"moves","id":"q34154"}
2026-07-22 23:35:21+0200: Error: {"error":"Illegal move 0: N4","field":"moves","id":"q34284"}
2026-07-22 23:35:21+0200: Error: {"error":"Illegal move 2: N4","field":"moves","id":"q34321"}
2026-07-22 23:35:23+0200: Error: {"error":"Illegal move 4: N4","field":"moves","id":"q34354"}
2026-07-22 23:35:26+0200: Error: {"error":"Illegal move 4: N4","field":"moves","id":"q34382"}
2026-07-22 23:35:29+0200: Error: {"error":"Illegal move 4: N4","field":"moves","id":"q34413"}
2026-07-22 23:35:32+0200: Error: {"error":"Illegal move 2: N4","field":"moves","id":"q34446"}
2026-07-22 23:35:35+0200: Error: {"error":"Illegal move 4: N4","field":"moves","id":"q34479"}
2026-07-22 23:35:37+0200: Error: {"error":"Illegal move 4: N4","field":"moves","id":"q34511"}
2026-07-22 23:35:41+0200: Error: {"error":"Illegal move 4: N4","field":"moves","id":"q34541"}
2026-07-22 23:35:45+0200: Error: {"error":"Illegal move 2: N4","field":"moves","id":"q34573"}
2026-07-22 23:35:49+0200: Error: {"error":"Illegal move 4: N4","field":"moves","id":"q34606"}
2026-07-22 23:35:53+0200: Error: {"error":"Illegal move 4: N4","field":"moves","id":"q34637"}
2026-07-22 23:35:58+0200: Error: {"error":"Illegal move 4: N4","field":"moves","id":"q34669"}
2026-07-22 23:39:08+0200: Error: {"error":"Illegal move 4: H13","field":"moves","id":"q35438"}
2026-07-22 23:39:10+0200: Error: {"error":"Illegal move 4: H13","field":"moves","id":"q35450"}
2026-07-22 23:39:12+0200: Error: {"error":"Illegal move 4: J8","field":"moves","id":"q35512"}
2026-07-22 23:39:16+0200: Error: {"error":"Illegal move 4: J8","field":"moves","id":"q35559"}
2026-07-22 23:39:19+0200: Error: {"error":"Illegal move 4: J8","field":"moves","id":"q35607"}
2026-07-22 23:40:04+0200: Error: {"error":"Illegal move 2: M1","field":"moves","id":"q35727"}
2026-07-22 23:40:07+0200: Error: {"error":"Illegal move 4: M1","field":"moves","id":"q35749"}
2026-07-22 23:40:10+0200: Error: {"error":"Illegal move 4: K1","field":"moves","id":"q35771"}
2026-07-22 23:40:10+0200: Error: {"error":"Illegal move 4: M1","field":"moves","id":"q35772"}
2026-07-22 23:40:28+0200: Error: {"error":"Illegal move 4: M1","field":"moves","id":"q35892"}
2026-07-22 23:40:50+0200: Error: {"error":"Illegal move 0: L1","field":"moves","id":"q36041"}
2026-07-22 23:41:40+0200: Error: {"error":"Illegal move 0: L1","field":"moves","id":"q36068"}
2026-07-22 23:41:40+0200: Error: {"error":"Illegal move 2: L1","field":"moves","id":"q36093"}
2026-07-22 23:41:42+0200: Error: {"error":"Illegal move 4: L1","field":"moves","id":"q36115"}
2026-07-22 23:41:42+0200: Error: {"error":"Illegal move 4: N1","field":"moves","id":"q36116"}
2026-07-22 23:43:51+0200: Error: {"error":"Illegal move 4: N2","field":"moves","id":"q36362"}
2026-07-22 23:43:51+0200: Error: {"error":"Illegal move 4: M1","field":"moves","id":"q36366"}
2026-07-22 23:44:02+0200: Error: {"error":"Illegal move 4: L1","field":"moves","id":"q36499"}
2026-07-22 23:44:07+0200: Error: {"error":"Illegal move 4: L1","field":"moves","id":"q36543"}
2026-07-22 23:44:13+0200: Error: {"error":"Illegal move 2: L1","field":"moves","id":"q36575"}
2026-07-22 23:44:15+0200: Error: {"error":"Illegal move 4: L1","field":"moves","id":"q36615"}
2026-07-22 23:44:16+0200: Error: {"error":"Illegal move 4: L1","field":"moves","id":"q36659"}
2026-07-22 23:46:36+0200: Error: {"error":"Illegal move 0: A8","field":"moves","id":"q36957"}
2026-07-22 23:47:51+0200: Error: {"error":"Illegal move 0: A8","field":"moves","id":"q37111"}
2026-07-22 23:47:51+0200: Error: {"error":"Illegal move 2: A8","field":"moves","id":"q37142"}
2026-07-22 23:47:54+0200: Error: {"error":"Illegal move 2: A8","field":"moves","id":"q37165"}
2026-07-22 23:47:58+0200: Error: {"error":"Illegal move 4: A8","field":"moves","id":"q37193"}
2026-07-22 23:48:02+0200: Error: {"error":"Illegal move 4: A8","field":"moves","id":"q37217"}
2026-07-22 23:48:05+0200: Error: {"error":"Illegal move 4: A8","field":"moves","id":"q37239"}
2026-07-22 23:48:08+0200: Error: {"error":"Illegal move 2: A8","field":"moves","id":"q37262"}
2026-07-22 23:48:11+0200: Error: {"error":"Illegal move 4: A8","field":"moves","id":"q37290"}
2026-07-22 23:48:11+0200: Error: {"error":"Illegal move 0: D12","field":"moves","id":"q37306"}
2026-07-22 23:49:19+0200: Error: {"error":"Illegal move 0: D12","field":"moves","id":"q37345"}
2026-07-22 23:49:19+0200: Error: {"error":"Illegal move 2: D12","field":"moves","id":"q37382"}
2026-07-22 23:49:20+0200: Error: {"error":"Illegal move 4: D12","field":"moves","id":"q37416"}
2026-07-22 23:49:25+0200: Error: {"error":"Illegal move 4: D12","field":"moves","id":"q37448"}
2026-07-22 23:49:30+0200: Error: {"error":"Illegal move 4: D12","field":"moves","id":"q37481"}
2026-07-22 23:49:33+0200: Error: {"error":"Illegal move 2: D12","field":"moves","id":"q37514"}
2026-07-22 23:49:38+0200: Error: {"error":"Illegal move 4: D12","field":"moves","id":"q37547"}
2026-07-22 23:49:43+0200: Error: {"error":"Illegal move 4: D12","field":"moves","id":"q37579"}
2026-07-22 23:51:09+0200: Error: {"error":"Illegal move 2: F8","field":"moves","id":"q37697"}
2026-07-22 23:51:13+0200: Error: {"error":"Illegal move 4: F8","field":"moves","id":"q37731"}
2026-07-22 23:51:19+0200: Error: {"error":"Illegal move 4: F8","field":"moves","id":"q37766"}
2026-07-22 23:51:24+0200: Error: {"error":"Illegal move 4: F8","field":"moves","id":"q37801"}
2026-07-22 23:51:29+0200: Error: {"error":"Illegal move 2: F8","field":"moves","id":"q37837"}
2026-07-22 23:51:33+0200: Error: {"error":"Illegal move 4: F8","field":"moves","id":"q37872"}
2026-07-22 23:51:37+0200: Error: {"error":"Illegal move 4: G13","field":"moves","id":"q37895"}
2026-07-22 23:51:37+0200: Error: {"error":"Illegal move 4: J13","field":"moves","id":"q37896"}
2026-07-22 23:51:37+0200: Error: {"error":"Illegal move 4: F8","field":"moves","id":"q37904"}
2026-07-22 23:51:41+0200: Error: {"error":"Illegal move 4: F8","field":"moves","id":"q37935"}
2026-07-22 23:51:45+0200: Error: {"error":"Illegal move 2: F8","field":"moves","id":"q37968"}
2026-07-22 23:51:49+0200: Error: {"error":"Illegal move 4: F8","field":"moves","id":"q38003"}
2026-07-22 23:51:50+0200: Error: {"error":"Illegal move 4: F8","field":"moves","id":"q38037"}
2026-07-22 23:51:56+0200: Error: {"error":"Illegal move 4: F8","field":"moves","id":"q38072"}
2026-07-22 23:52:00+0200: Error: {"error":"Illegal move 0: D12","field":"moves","id":"q38102"}
2026-07-22 23:54:38+0200: Error: {"error":"Illegal move 0: D12","field":"moves","id":"q38212"}
2026-07-22 23:55:01+0200: Error: {"error":"Illegal move 2: D12","field":"moves","id":"q38404"}
2026-07-22 23:55:12+0200: Error: {"error":"Illegal move 4: D12","field":"moves","id":"q38478"}
2026-07-22 23:55:16+0200: Error: {"error":"Illegal move 4: D12","field":"moves","id":"q38513"}
2026-07-22 23:55:20+0200: Error: {"error":"Illegal move 2: D12","field":"moves","id":"q38548"}
2026-07-22 23:55:31+0200: Error: {"error":"Illegal move 4: D12","field":"moves","id":"q38620"}
2026-07-22 23:55:36+0200: Error: {"error":"Illegal move 4: D12","field":"moves","id":"q38656"}
2026-07-22 23:55:55+0200: Error: {"error":"Illegal move 4: H13","field":"moves","id":"q38826"}
2026-07-22 23:57:47+0200: Error: {"error":"Illegal move 4: B4","field":"moves","id":"q39258"}
2026-07-23 00:01:12+0200: Error: {"error":"Illegal move 4: C5","field":"moves","id":"q39779"}
2026-07-23 00:01:27+0200: Error: {"error":"Illegal move 4: B4","field":"moves","id":"q39908"}
2026-07-23 00:01:31+0200: Error: {"error":"Illegal move 4: B4","field":"moves","id":"q39938"}
2026-07-23 00:01:42+0200: Error: {"error":"Illegal move 4: G2","field":"moves","id":"q40076"}
2026-07-23 00:01:42+0200: Error: {"error":"Illegal move 4: F1","field":"moves","id":"q40081"}
2026-07-23 00:01:46+0200: Error: {"error":"Illegal move 4: G2","field":"moves","id":"q40106"}
2026-07-23 00:01:46+0200: Error: {"error":"Illegal move 4: F1","field":"moves","id":"q40111"}
2026-07-23 00:01:46+0200: Error: {"error":"Illegal move 2: G2","field":"moves","id":"q40138"}
2026-07-23 00:01:46+0200: Error: {"error":"Illegal move 2: F1","field":"moves","id":"q40143"}
2026-07-23 00:01:49+0200: Error: {"error":"Illegal move 4: G2","field":"moves","id":"q40170"}
2026-07-23 00:01:49+0200: Error: {"error":"Illegal move 4: F1","field":"moves","id":"q40175"}
2026-07-23 00:01:52+0200: Error: {"error":"Illegal move 4: G2","field":"moves","id":"q40201"}
2026-07-23 00:01:52+0200: Error: {"error":"Illegal move 4: F1","field":"moves","id":"q40205"}
2026-07-23 00:01:55+0200: Error: {"error":"Illegal move 4: D5","field":"moves","id":"q40224"}
2026-07-23 00:01:55+0200: Error: {"error":"Illegal move 4: G2","field":"moves","id":"q40231"}
2026-07-23 00:01:55+0200: Error: {"error":"Illegal move 4: F1","field":"moves","id":"q40236"}
2026-07-23 00:02:12+0200: Error: {"error":"Illegal move 0: G3","field":"moves","id":"q40387"}
2026-07-23 00:02:57+0200: Error: {"error":"Illegal move 0: G3","field":"moves","id":"q40422"}
2026-07-23 00:02:57+0200: Error: {"error":"Illegal move 2: G3","field":"moves","id":"q40456"}
2026-07-23 00:02:59+0200: Error: {"error":"Illegal move 4: G6","field":"moves","id":"q40484"}
2026-07-23 00:02:59+0200: Error: {"error":"Illegal move 4: G3","field":"moves","id":"q40488"}
2026-07-23 00:03:03+0200: Error: {"error":"Illegal move 4: G3","field":"moves","id":"q40517"}
2026-07-23 00:03:05+0200: Error: {"error":"Illegal move 4: G3","field":"moves","id":"q40535"}
2026-07-23 00:03:07+0200: Error: {"error":"Illegal move 2: G3","field":"moves","id":"q40556"}
2026-07-23 00:03:08+0200: Error: {"error":"Illegal move 4: G3","field":"moves","id":"q40587"}
2026-07-23 00:03:11+0200: Error: {"error":"Illegal move 4: G3","field":"moves","id":"q40617"}
2026-07-23 00:03:14+0200: Error: {"error":"Illegal move 2: G3","field":"moves","id":"q40636"}
2026-07-23 00:03:17+0200: Error: {"error":"Illegal move 4: G3","field":"moves","id":"q40664"}
2026-07-23 00:03:20+0200: Error: {"error":"Illegal move 4: G3","field":"moves","id":"q40694"}
2026-07-23 00:04:25+0200: Error: {"error":"Illegal move 0: G3","field":"moves","id":"q40869"}
2026-07-23 00:06:10+0200: Error: {"error":"Illegal move 0: G3","field":"moves","id":"q40957"}
2026-07-23 00:06:10+0200: Error: {"error":"Illegal move 2: G3","field":"moves","id":"q40992"}
2026-07-23 00:06:13+0200: Error: {"error":"Illegal move 4: G3","field":"moves","id":"q41026"}
2026-07-23 00:06:17+0200: Error: {"error":"Illegal move 4: G3","field":"moves","id":"q41058"}
2026-07-23 00:06:20+0200: Error: {"error":"Illegal move 4: G3","field":"moves","id":"q41080"}
2026-07-23 00:06:22+0200: Error: {"error":"Illegal move 2: G3","field":"moves","id":"q41100"}
2026-07-23 00:06:25+0200: Error: {"error":"Illegal move 4: G3","field":"moves","id":"q41134"}
2026-07-23 00:06:28+0200: Error: {"error":"Illegal move 4: G3","field":"moves","id":"q41166"}
2026-07-23 00:06:28+0200: Error: {"error":"Illegal move 4: G3","field":"moves","id":"q41189"}
2026-07-23 00:06:42+0200: Error: {"error":"Illegal move 0: A13","field":"moves","id":"q41338"}
2026-07-23 00:06:42+0200: Error: {"error":"Illegal move 0: J13","field":"moves","id":"q41343"}
2026-07-23 00:07:37+0200: Error: {"error":"Illegal move 0: A13","field":"moves","id":"q41389"}
2026-07-23 00:07:37+0200: Error: {"error":"Illegal move 0: J13","field":"moves","id":"q41394"}
2026-07-23 00:07:37+0200: Error: {"error":"Illegal move 2: A13","field":"moves","id":"q41440"}
2026-07-23 00:07:37+0200: Error: {"error":"Illegal move 2: J13","field":"moves","id":"q41444"}
2026-07-23 00:07:40+0200: Error: {"error":"Illegal move 2: A13","field":"moves","id":"q41465"}
2026-07-23 00:07:40+0200: Error: {"error":"Illegal move 2: J13","field":"moves","id":"q41469"}
2026-07-23 00:07:42+0200: Error: {"error":"Illegal move 2: A13","field":"moves","id":"q41490"}
2026-07-23 00:07:42+0200: Error: {"error":"Illegal move 2: J13","field":"moves","id":"q41494"}
2026-07-23 00:07:45+0200: Error: {"error":"Illegal move 0: J10","field":"moves","id":"q41524"}
2026-07-23 00:07:45+0200: Error: {"error":"Illegal move 0: H9","field":"moves","id":"q41526"}
2026-07-23 00:07:45+0200: Error: {"error":"Illegal move 0: K9","field":"moves","id":"q41527"}
2026-07-23 00:07:45+0200: Error: {"error":"Illegal move 0: J8","field":"moves","id":"q41531"}
2026-07-23 00:08:22+0200: Error: {"error":"Illegal move 0: J10","field":"moves","id":"q41564"}
2026-07-23 00:08:22+0200: Error: {"error":"Illegal move 0: H9","field":"moves","id":"q41566"}
2026-07-23 00:08:22+0200: Error: {"error":"Illegal move 0: K9","field":"moves","id":"q41567"}
2026-07-23 00:08:22+0200: Error: {"error":"Illegal move 0: J8","field":"moves","id":"q41571"}
2026-07-23 00:08:22+0200: Error: {"error":"Illegal move 2: J10","field":"moves","id":"q41603"}
2026-07-23 00:08:22+0200: Error: {"error":"Illegal move 2: H9","field":"moves","id":"q41605"}
2026-07-23 00:08:22+0200: Error: {"error":"Illegal move 2: K9","field":"moves","id":"q41606"}
2026-07-23 00:08:22+0200: Error: {"error":"Illegal move 2: J8","field":"moves","id":"q41609"}
2026-07-23 00:08:25+0200: Error: {"error":"Illegal move 2: J10","field":"moves","id":"q41626"}
2026-07-23 00:08:25+0200: Error: {"error":"Illegal move 2: H9","field":"moves","id":"q41627"}
2026-07-23 00:08:25+0200: Error: {"error":"Illegal move 2: K9","field":"moves","id":"q41628"}
2026-07-23 00:08:25+0200: Error: {"error":"Illegal move 2: J8","field":"moves","id":"q41632"}
2026-07-23 00:08:27+0200: Error: {"error":"Illegal move 2: J10","field":"moves","id":"q41650"}
2026-07-23 00:08:27+0200: Error: {"error":"Illegal move 2: H9","field":"moves","id":"q41652"}
2026-07-23 00:08:27+0200: Error: {"error":"Illegal move 2: K9","field":"moves","id":"q41653"}
2026-07-23 00:08:27+0200: Error: {"error":"Illegal move 2: J8","field":"moves","id":"q41656"}
2026-07-23 00:08:30+0200: Error: {"error":"Illegal move 0: A13","field":"moves","id":"q41665"}
2026-07-23 00:08:30+0200: Error: {"error":"Illegal move 0: J13","field":"moves","id":"q41670"}
2026-07-23 00:09:05+0200: Error: {"error":"Illegal move 0: J10","field":"moves","id":"q41713"}
2026-07-23 00:09:05+0200: Error: {"error":"Illegal move 0: H9","field":"moves","id":"q41715"}
2026-07-23 00:09:05+0200: Error: {"error":"Illegal move 0: K9","field":"moves","id":"q41716"}
2026-07-23 00:09:05+0200: Error: {"error":"Illegal move 0: J8","field":"moves","id":"q41720"}
2026-07-23 00:09:38+0200: Error: {"error":"Illegal move 0: A13","field":"moves","id":"q41745"}
2026-07-23 00:09:38+0200: Error: {"error":"Illegal move 0: J13","field":"moves","id":"q41750"}
2026-07-23 00:09:38+0200: Error: {"error":"Illegal move 2: J13","field":"moves","id":"q41789"}
2026-07-23 00:09:41+0200: Error: {"error":"Illegal move 4: J13","field":"moves","id":"q41826"}
2026-07-23 00:09:44+0200: Error: {"error":"Illegal move 4: J13","field":"moves","id":"q41850"}
2026-07-23 00:09:48+0200: Error: {"error":"Illegal move 4: J13","field":"moves","id":"q41875"}
2026-07-23 00:09:52+0200: Error: {"error":"Illegal move 2: A13","field":"moves","id":"q41895"}
2026-07-23 00:09:52+0200: Error: {"error":"Illegal move 2: J13","field":"moves","id":"q41899"}
2026-07-23 00:09:57+0200: Error: {"error":"Illegal move 4: A13","field":"moves","id":"q41944"}
2026-07-23 00:09:57+0200: Error: {"error":"Illegal move 4: J13","field":"moves","id":"q41948"}
2026-07-23 00:10:01+0200: Error: {"error":"Illegal move 4: A13","field":"moves","id":"q41970"}
2026-07-23 00:10:01+0200: Error: {"error":"Illegal move 4: J13","field":"moves","id":"q41974"}
2026-07-23 00:10:05+0200: Error: {"error":"Illegal move 4: A13","field":"moves","id":"q41997"}
2026-07-23 00:10:05+0200: Error: {"error":"Illegal move 4: J13","field":"moves","id":"q42000"}
2026-07-23 00:10:09+0200: Error: {"error":"Illegal move 0: J10","field":"moves","id":"q42030"}
2026-07-23 00:10:09+0200: Error: {"error":"Illegal move 0: H9","field":"moves","id":"q42032"}
2026-07-23 00:10:09+0200: Error: {"error":"Illegal move 0: K9","field":"moves","id":"q42033"}
2026-07-23 00:10:09+0200: Error: {"error":"Illegal move 0: J8","field":"moves","id":"q42037"}
2026-07-23 00:10:09+0200: Error: {"error":"Illegal move 2: J10","field":"moves","id":"q42068"}
2026-07-23 00:10:09+0200: Error: {"error":"Illegal move 2: B9","field":"moves","id":"q42069"}
2026-07-23 00:10:09+0200: Error: {"error":"Illegal move 2: H9","field":"moves","id":"q42070"}
2026-07-23 00:10:09+0200: Error: {"error":"Illegal move 2: K9","field":"moves","id":"q42071"}
2026-07-23 00:10:09+0200: Error: {"error":"Illegal move 2: A8","field":"moves","id":"q42072"}
2026-07-23 00:10:09+0200: Error: {"error":"Illegal move 2: C8","field":"moves","id":"q42073"}
2026-07-23 00:10:09+0200: Error: {"error":"Illegal move 2: J8","field":"moves","id":"q42074"}
2026-07-23 00:10:09+0200: Error: {"error":"Illegal move 2: B7","field":"moves","id":"q42075"}
2026-07-23 00:10:12+0200: Error: {"error":"Illegal move 2: J10","field":"moves","id":"q42095"}
2026-07-23 00:10:12+0200: Error: {"error":"Illegal move 2: H9","field":"moves","id":"q42097"}
2026-07-23 00:10:12+0200: Error: {"error":"Illegal move 2: K9","field":"moves","id":"q42098"}
2026-07-23 00:10:12+0200: Error: {"error":"Illegal move 2: J8","field":"moves","id":"q42101"}
2026-07-23 00:10:16+0200: Error: {"error":"Illegal move 4: J10","field":"moves","id":"q42133"}
2026-07-23 00:10:16+0200: Error: {"error":"Illegal move 4: H9","field":"moves","id":"q42135"}
2026-07-23 00:10:16+0200: Error: {"error":"Illegal move 4: K9","field":"moves","id":"q42136"}
2026-07-23 00:10:16+0200: Error: {"error":"Illegal move 4: J8","field":"moves","id":"q42139"}
2026-07-23 00:10:19+0200: Error: {"error":"Illegal move 4: J10","field":"moves","id":"q42154"}
2026-07-23 00:10:19+0200: Error: {"error":"Illegal move 4: H9","field":"moves","id":"q42156"}
2026-07-23 00:10:19+0200: Error: {"error":"Illegal move 4: K9","field":"moves","id":"q42157"}
2026-07-23 00:10:19+0200: Error: {"error":"Illegal move 4: J8","field":"moves","id":"q42160"}
2026-07-23 00:10:22+0200: Error: {"error":"Illegal move 4: J10","field":"moves","id":"q42178"}
2026-07-23 00:10:22+0200: Error: {"error":"Illegal move 4: H9","field":"moves","id":"q42180"}
2026-07-23 00:10:22+0200: Error: {"error":"Illegal move 4: K9","field":"moves","id":"q42181"}
2026-07-23 00:10:22+0200: Error: {"error":"Illegal move 4: J8","field":"moves","id":"q42184"}
2026-07-23 00:10:25+0200: Error: {"error":"Illegal move 2: J10","field":"moves","id":"q42202"}
2026-07-23 00:10:25+0200: Error: {"error":"Illegal move 2: H9","field":"moves","id":"q42203"}
2026-07-23 00:10:25+0200: Error: {"error":"Illegal move 2: K9","field":"moves","id":"q42204"}
2026-07-23 00:10:25+0200: Error: {"error":"Illegal move 2: J8","field":"moves","id":"q42208"}
2026-07-23 00:10:29+0200: Error: {"error":"Illegal move 4: J10","field":"moves","id":"q42240"}
2026-07-23 00:10:29+0200: Error: {"error":"Illegal move 4: H9","field":"moves","id":"q42242"}
2026-07-23 00:10:29+0200: Error: {"error":"Illegal move 4: K9","field":"moves","id":"q42243"}
2026-07-23 00:10:29+0200: Error: {"error":"Illegal move 4: J8","field":"moves","id":"q42246"}
2026-07-23 00:10:32+0200: Error: {"error":"Illegal move 4: J10","field":"moves","id":"q42263"}
2026-07-23 00:10:32+0200: Error: {"error":"Illegal move 4: H9","field":"moves","id":"q42264"}
2026-07-23 00:10:32+0200: Error: {"error":"Illegal move 4: K9","field":"moves","id":"q42265"}
2026-07-23 00:10:32+0200: Error: {"error":"Illegal move 4: J8","field":"moves","id":"q42269"}
2026-07-23 00:10:35+0200: Error: {"error":"Illegal move 4: J10","field":"moves","id":"q42286"}
2026-07-23 00:10:35+0200: Error: {"error":"Illegal move 4: H9","field":"moves","id":"q42287"}
2026-07-23 00:10:35+0200: Error: {"error":"Illegal move 4: K9","field":"moves","id":"q42288"}
2026-07-23 00:10:35+0200: Error: {"error":"Illegal move 4: J8","field":"moves","id":"q42292"}
2026-07-23 00:12:12+0200: Error: {"error":"Illegal move 4: D4","field":"moves","id":"q42469"}
2026-07-23 00:15:57+0200: Error: {"error":"Illegal move 4: D4","field":"moves","id":"q43107"}
2026-07-23 00:16:42+0200: Error: {"error":"Illegal move 0: A10","field":"moves","id":"q43275"}
2026-07-23 00:16:42+0200: Error: {"error":"Illegal move 0: B9","field":"moves","id":"q43277"}
2026-07-23 00:16:42+0200: Error: {"error":"Illegal move 0: E8","field":"moves","id":"q43280"}
2026-07-23 00:17:09+0200: Error: {"error":"Illegal move 0: A10","field":"moves","id":"q43292"}
2026-07-23 00:17:09+0200: Error: {"error":"Illegal move 0: B9","field":"moves","id":"q43294"}
2026-07-23 00:17:09+0200: Error: {"error":"Illegal move 0: E8","field":"moves","id":"q43297"}
2026-07-23 00:17:09+0200: Error: {"error":"Illegal move 2: A10","field":"moves","id":"q43310"}
2026-07-23 00:17:09+0200: Error: {"error":"Illegal move 2: B9","field":"moves","id":"q43311"}
2026-07-23 00:17:09+0200: Error: {"error":"Illegal move 2: E8","field":"moves","id":"q43314"}
2026-07-23 00:17:10+0200: Error: {"error":"Illegal move 4: A10","field":"moves","id":"q43324"}
2026-07-23 00:17:10+0200: Error: {"error":"Illegal move 4: B9","field":"moves","id":"q43325"}
2026-07-23 00:17:12+0200: Error: {"error":"Illegal move 4: B9","field":"moves","id":"q43334"}
2026-07-23 00:17:12+0200: Error: {"error":"Illegal move 4: E8","field":"moves","id":"q43336"}
2026-07-23 00:17:13+0200: Error: {"error":"Illegal move 2: A10","field":"moves","id":"q43344"}
2026-07-23 00:17:13+0200: Error: {"error":"Illegal move 2: B9","field":"moves","id":"q43346"}
2026-07-23 00:17:13+0200: Error: {"error":"Illegal move 2: E8","field":"moves","id":"q43349"}
2026-07-23 00:17:14+0200: Error: {"error":"Illegal move 4: A10","field":"moves","id":"q43357"}
2026-07-23 00:17:14+0200: Error: {"error":"Illegal move 4: B9","field":"moves","id":"q43359"}
2026-07-23 00:17:14+0200: Error: {"error":"Illegal move 4: E8","field":"moves","id":"q43362"}
2026-07-23 00:17:15+0200: Error: {"error":"Illegal move 4: A10","field":"moves","id":"q43371"}
2026-07-23 00:17:15+0200: Error: {"error":"Illegal move 4: B9","field":"moves","id":"q43373"}
2026-07-23 00:17:16+0200: Error: {"error":"Illegal move 2: A10","field":"moves","id":"q43380"}
2026-07-23 00:17:16+0200: Error: {"error":"Illegal move 2: B9","field":"moves","id":"q43382"}
2026-07-23 00:17:16+0200: Error: {"error":"Illegal move 2: A8","field":"moves","id":"q43384"}
2026-07-23 00:17:16+0200: Error: {"error":"Illegal move 2: E8","field":"moves","id":"q43385"}
2026-07-23 00:17:17+0200: Error: {"error":"Illegal move 4: A10","field":"moves","id":"q43395"}
2026-07-23 00:17:17+0200: Error: {"error":"Illegal move 4: B9","field":"moves","id":"q43396"}
2026-07-23 00:17:17+0200: Error: {"error":"Illegal move 4: A8","field":"moves","id":"q43398"}
2026-07-23 00:17:17+0200: Error: {"error":"Illegal move 4: E8","field":"moves","id":"q43399"}
2026-07-23 00:17:18+0200: Error: {"error":"Illegal move 4: B9","field":"moves","id":"q43406"}
2026-07-23 00:17:18+0200: Error: {"error":"Illegal move 4: A8","field":"moves","id":"q43408"}
2026-07-23 00:17:18+0200: Error: {"error":"Illegal move 4: E8","field":"moves","id":"q43409"}
2026-07-23 00:17:19+0200: Error: {"error":"Illegal move 4: A10","field":"moves","id":"q43417"}
2026-07-23 00:17:19+0200: Error: {"error":"Illegal move 4: B9","field":"moves","id":"q43419"}
2026-07-23 00:17:19+0200: Error: {"error":"Illegal move 4: A8","field":"moves","id":"q43421"}
2026-07-23 00:17:50+0200: Error: {"error":"Illegal move 0: A13","field":"moves","id":"q43445"}
2026-07-23 00:17:50+0200: Error: {"error":"Illegal move 0: A10","field":"moves","id":"q43448"}
2026-07-23 00:17:50+0200: Error: {"error":"Illegal move 0: B9","field":"moves","id":"q43450"}
2026-07-23 00:17:50+0200: Error: {"error":"Illegal move 0: E8","field":"moves","id":"q43453"}
2026-07-23 00:18:28+0200: Error: {"error":"Illegal move 0: A13","field":"moves","id":"q43539"}
2026-07-23 00:18:28+0200: Error: {"error":"Illegal move 0: A10","field":"moves","id":"q43542"}
2026-07-23 00:18:28+0200: Error: {"error":"Illegal move 0: B9","field":"moves","id":"q43544"}
2026-07-23 00:18:28+0200: Error: {"error":"Illegal move 0: E8","field":"moves","id":"q43547"}
2026-07-23 00:18:28+0200: Error: {"error":"Illegal move 2: A10","field":"moves","id":"q43559"}
2026-07-23 00:18:28+0200: Error: {"error":"Illegal move 2: B9","field":"moves","id":"q43561"}
2026-07-23 00:18:28+0200: Error: {"error":"Illegal move 2: E8","field":"moves","id":"q43564"}
2026-07-23 00:18:29+0200: Error: {"error":"Illegal move 4: A13","field":"moves","id":"q43573"}
2026-07-23 00:18:29+0200: Error: {"error":"Illegal move 4: A10","field":"moves","id":"q43578"}
2026-07-23 00:18:29+0200: Error: {"error":"Illegal move 4: B9","field":"moves","id":"q43580"}
2026-07-23 00:18:29+0200: Error: {"error":"Illegal move 4: E8","field":"moves","id":"q43583"}
2026-07-23 00:18:31+0200: Error: {"error":"Illegal move 4: A10","field":"moves","id":"q43592"}
2026-07-23 00:18:31+0200: Error: {"error":"Illegal move 4: B9","field":"moves","id":"q43594"}
2026-07-23 00:18:31+0200: Error: {"error":"Illegal move 4: A8","field":"moves","id":"q43596"}
2026-07-23 00:18:31+0200: Error: {"error":"Illegal move 4: E8","field":"moves","id":"q43597"}
2026-07-23 00:18:33+0200: Error: {"error":"Illegal move 2: A13","field":"moves","id":"q43603"}
2026-07-23 00:18:33+0200: Error: {"error":"Illegal move 2: A10","field":"moves","id":"q43606"}
2026-07-23 00:18:33+0200: Error: {"error":"Illegal move 2: B9","field":"moves","id":"q43608"}
2026-07-23 00:18:33+0200: Error: {"error":"Illegal move 2: E8","field":"moves","id":"q43610"}
2026-07-23 00:18:34+0200: Error: {"error":"Illegal move 4: A13","field":"moves","id":"q43617"}
2026-07-23 00:18:34+0200: Error: {"error":"Illegal move 4: A10","field":"moves","id":"q43620"}
2026-07-23 00:18:34+0200: Error: {"error":"Illegal move 4: B9","field":"moves","id":"q43622"}
2026-07-23 00:18:35+0200: Error: {"error":"Illegal move 2: A13","field":"moves","id":"q43630"}
2026-07-23 00:18:35+0200: Error: {"error":"Illegal move 2: B9","field":"moves","id":"q43634"}
2026-07-23 00:18:36+0200: Error: {"error":"Illegal move 4: B9","field":"moves","id":"q43647"}
2026-07-23 00:18:38+0200: Error: {"error":"Illegal move 4: B9","field":"moves","id":"q43660"}
2026-07-23 00:18:39+0200: Error: {"error":"Illegal move 0: E3","field":"moves","id":"q43689"}
2026-07-23 00:20:17+0200: Error: {"error":"Illegal move 0: E3","field":"moves","id":"q43748"}
2026-07-23 00:20:17+0200: Error: {"error":"Illegal move 2: E3","field":"moves","id":"q43806"}
2026-07-23 00:20:22+0200: Error: {"error":"Illegal move 4: E3","field":"moves","id":"q43855"}
2026-07-23 00:20:30+0200: Error: {"error":"Illegal move 4: E3","field":"moves","id":"q43906"}
2026-07-23 00:20:37+0200: Error: {"error":"Illegal move 2: E3","field":"moves","id":"q43958"}
2026-07-23 00:20:44+0200: Error: {"error":"Illegal move 4: E3","field":"moves","id":"q44011"}
2026-07-23 00:20:51+0200: Error: {"error":"Illegal move 4: E3","field":"moves","id":"q44062"}
2026-07-23 00:20:58+0200: Error: {"error":"Illegal move 4: E3","field":"moves","id":"q44113"}
2026-07-23 00:21:04+0200: Error: {"error":"Illegal move 2: E3","field":"moves","id":"q44166"}
2026-07-23 00:21:11+0200: Error: {"error":"Illegal move 4: E3","field":"moves","id":"q44219"}
2026-07-23 00:21:18+0200: Error: {"error":"Illegal move 4: E3","field":"moves","id":"q44270"}
2026-07-23 00:21:25+0200: Error: {"error":"Illegal move 4: E3","field":"moves","id":"q44321"}
2026-07-23 00:21:33+0200: Error: {"error":"Illegal move 0: A7","field":"moves","id":"q44365"}
2026-07-23 00:21:33+0200: Error: {"error":"Illegal move 0: B6","field":"moves","id":"q44368"}
2026-07-23 00:24:00+0200: Error: {"error":"Illegal move 0: A7","field":"moves","id":"q44437"}
2026-07-23 00:24:00+0200: Error: {"error":"Illegal move 0: B6","field":"moves","id":"q44440"}
2026-07-23 00:24:00+0200: Error: {"error":"Illegal move 2: A7","field":"moves","id":"q44509"}
2026-07-23 00:24:00+0200: Error: {"error":"Illegal move 2: B6","field":"moves","id":"q44512"}
2026-07-23 00:24:11+0200: Error: {"error":"Illegal move 4: B6","field":"moves","id":"q44581"}
2026-07-23 00:24:22+0200: Error: {"error":"Illegal move 4: A7","field":"moves","id":"q44646"}
2026-07-23 00:24:22+0200: Error: {"error":"Illegal move 4: B6","field":"moves","id":"q44649"}
2026-07-23 00:24:34+0200: Error: {"error":"Illegal move 4: A7","field":"moves","id":"q44712"}
2026-07-23 00:24:34+0200: Error: {"error":"Illegal move 4: B6","field":"moves","id":"q44715"}
2026-07-23 00:24:45+0200: Error: {"error":"Illegal move 2: A7","field":"moves","id":"q44778"}
2026-07-23 00:24:45+0200: Error: {"error":"Illegal move 2: B6","field":"moves","id":"q44781"}
2026-07-23 00:24:56+0200: Error: {"error":"Illegal move 4: A7","field":"moves","id":"q44846"}
2026-07-23 00:24:56+0200: Error: {"error":"Illegal move 4: B6","field":"moves","id":"q44849"}
2026-07-23 00:25:07+0200: Error: {"error":"Illegal move 4: A7","field":"moves","id":"q44912"}
2026-07-23 00:25:07+0200: Error: {"error":"Illegal move 4: B6","field":"moves","id":"q44915"}
2026-07-23 00:25:18+0200: Error: {"error":"Illegal move 4: B6","field":"moves","id":"q44980"}
2026-07-23 00:25:29+0200: Error: {"error":"Illegal move 2: A7","field":"moves","id":"q45045"}
2026-07-23 00:25:29+0200: Error: {"error":"Illegal move 2: B6","field":"moves","id":"q45048"}
2026-07-23 00:25:39+0200: Error: {"error":"Illegal move 4: B6","field":"moves","id":"q45117"}
2026-07-23 00:25:51+0200: Error: {"error":"Illegal move 4: A7","field":"moves","id":"q45182"}
2026-07-23 00:25:51+0200: Error: {"error":"Illegal move 4: B6","field":"moves","id":"q45185"}
2026-07-23 00:26:02+0200: Error: {"error":"Illegal move 4: A7","field":"moves","id":"q45247"}
2026-07-23 00:26:02+0200: Error: {"error":"Illegal move 4: B6","field":"moves","id":"q45250"}
2026-07-23 00:26:14+0200: Error: {"error":"Illegal move 0: E3","field":"moves","id":"q45326"}
2026-07-23 00:27:12+0200: Error: {"error":"Illegal move 0: A7","field":"moves","id":"q45373"}
2026-07-23 00:27:12+0200: Error: {"error":"Illegal move 0: B6","field":"moves","id":"q45376"}
2026-07-23 00:28:35+0200: Error: {"error":"Illegal move 0: E3","field":"moves","id":"q45478"}
2026-07-23 00:28:35+0200: Error: {"error":"Illegal move 2: E3","field":"moves","id":"q45536"}
2026-07-23 00:28:40+0200: Error: {"error":"Illegal move 4: E3","field":"moves","id":"q45592"}
2026-07-23 00:28:47+0200: Error: {"error":"Illegal move 4: E3","field":"moves","id":"q45643"}
2026-07-23 00:28:55+0200: Error: {"error":"Illegal move 4: E3","field":"moves","id":"q45690"}
2026-07-23 00:29:02+0200: Error: {"error":"Illegal move 2: E3","field":"moves","id":"q45740"}
2026-07-23 00:29:07+0200: Error: {"error":"Illegal move 4: E3","field":"moves","id":"q45796"}
2026-07-23 00:29:10+0200: Error: {"error":"Illegal move 4: E3","field":"moves","id":"q45848"}
2026-07-23 00:29:17+0200: Error: {"error":"Illegal move 4: E3","field":"moves","id":"q45898"}
2026-07-23 00:29:24+0200: Error: {"error":"Illegal move 0: A7","field":"moves","id":"q45934"}
2026-07-23 00:29:24+0200: Error: {"error":"Illegal move 0: B6","field":"moves","id":"q45937"}
2026-07-23 00:29:24+0200: Error: {"error":"Illegal move 2: A7","field":"moves","id":"q45994"}
2026-07-23 00:29:24+0200: Error: {"error":"Illegal move 2: B6","field":"moves","id":"q45996"}
2026-07-23 00:29:29+0200: Error: {"error":"Illegal move 4: A7","field":"moves","id":"q46051"}
2026-07-23 00:29:29+0200: Error: {"error":"Illegal move 4: B6","field":"moves","id":"q46053"}
2026-07-23 00:29:37+0200: Error: {"error":"Illegal move 4: A7","field":"moves","id":"q46105"}
2026-07-23 00:29:37+0200: Error: {"error":"Illegal move 4: B6","field":"moves","id":"q46107"}
2026-07-23 00:29:45+0200: Error: {"error":"Illegal move 4: A7","field":"moves","id":"q46159"}
2026-07-23 00:29:45+0200: Error: {"error":"Illegal move 4: B6","field":"moves","id":"q46161"}
2026-07-23 00:29:52+0200: Error: {"error":"Illegal move 2: A7","field":"moves","id":"q46216"}
2026-07-23 00:29:52+0200: Error: {"error":"Illegal move 2: B6","field":"moves","id":"q46219"}
2026-07-23 00:29:58+0200: Error: {"error":"Illegal move 4: A7","field":"moves","id":"q46285"}
2026-07-23 00:29:58+0200: Error: {"error":"Illegal move 4: B6","field":"moves","id":"q46288"}
2026-07-23 00:30:07+0200: Error: {"error":"Illegal move 4: A7","field":"moves","id":"q46362"}
2026-07-23 00:30:07+0200: Error: {"error":"Illegal move 4: B6","field":"moves","id":"q46364"}
2026-07-23 00:30:07+0200: Error: {"error":"Illegal move 4: A2","field":"moves","id":"q46384"}
2026-07-23 00:30:18+0200: Error: {"error":"Illegal move 4: A7","field":"moves","id":"q46429"}
2026-07-23 00:30:18+0200: Error: {"error":"Illegal move 4: B6","field":"moves","id":"q46432"}
2026-07-23 00:30:18+0200: Error: {"error":"Illegal move 4: A2","field":"moves","id":"q46451"}
2026-07-23 00:30:29+0200: Error: {"error":"Illegal move 2: A7","field":"moves","id":"q46496"}
2026-07-23 00:30:29+0200: Error: {"error":"Illegal move 2: B6","field":"moves","id":"q46499"}
2026-07-23 00:30:35+0200: Error: {"error":"Illegal move 4: A7","field":"moves","id":"q46565"}
2026-07-23 00:30:35+0200: Error: {"error":"Illegal move 4: B6","field":"moves","id":"q46568"}
2026-07-23 00:30:36+0200: Error: {"error":"Illegal move 4: A7","field":"moves","id":"q46642"}
2026-07-23 00:30:36+0200: Error: {"error":"Illegal move 4: B6","field":"moves","id":"q46645"}
2026-07-23 00:30:36+0200: Error: {"error":"Illegal move 4: B2","field":"moves","id":"q46664"}
2026-07-23 00:30:47+0200: Error: {"error":"Illegal move 4: A7","field":"moves","id":"q46709"}
2026-07-23 00:30:47+0200: Error: {"error":"Illegal move 4: B6","field":"moves","id":"q46712"}
2026-07-23 00:30:47+0200: Error: {"error":"Illegal move 4: B2","field":"moves","id":"q46731"}
2026-07-23 00:30:59+0200: Error: {"error":"Illegal move 0: F9","field":"moves","id":"q46781"}
2026-07-23 00:32:09+0200: Error: {"error":"Illegal move 0: F9","field":"moves","id":"q46827"}
2026-07-23 00:32:29+0200: Error: {"error":"Illegal move 2: F9","field":"moves","id":"q47038"}
2026-07-23 00:32:34+0200: Error: {"error":"Illegal move 4: F9","field":"moves","id":"q47074"}
2026-07-23 00:32:44+0200: Error: {"error":"Illegal move 4: F9","field":"moves","id":"q47152"}
2026-07-23 00:32:49+0200: Error: {"error":"Illegal move 2: F9","field":"moves","id":"q47194"}
2026-07-23 00:32:57+0200: Error: {"error":"Illegal move 4: F9","field":"moves","id":"q47265"}
2026-07-23 00:33:01+0200: Error: {"error":"Illegal move 0: C11","field":"moves","id":"q47291"}
2026-07-23 00:34:07+0200: Error: {"error":"Illegal move 0: C11","field":"moves","id":"q47328"}
2026-07-23 00:34:55+0200: Error: {"error":"Illegal move 0: C11","field":"moves","id":"q47413"}
2026-07-23 00:35:52+0200: Error: {"error":"Illegal move 4: F9","field":"moves","id":"q47595"}
2026-07-23 00:36:17+0200: Error: {"error":"Illegal move 4: F9","field":"moves","id":"q47807"}
2026-07-23 00:36:18+0200: Error: {"error":"Illegal move 0: C11","field":"moves","id":"q47848"}
2026-07-23 00:36:18+0200: Error: {"error":"Illegal move 2: C11","field":"moves","id":"q47895"}
2026-07-23 00:36:23+0200: Error: {"error":"Illegal move 4: C11","field":"moves","id":"q47937"}
2026-07-23 00:36:28+0200: Error: {"error":"Illegal move 4: C11","field":"moves","id":"q47975"}
2026-07-23 00:36:28+0200: Error: {"error":"Illegal move 4: D6","field":"moves","id":"q47986"}
2026-07-23 00:36:42+0200: Error: {"error":"Illegal move 2: C11","field":"moves","id":"q48183"}
2026-07-23 00:36:47+0200: Error: {"error":"Illegal move 4: C11","field":"moves","id":"q48226"}
2026-07-23 00:36:55+0200: Error: {"error":"Illegal move 4: C11","field":"moves","id":"q48307"}
2026-07-23 00:36:55+0200: Error: {"error":"Illegal move 4: A6","field":"moves","id":"q48316"}
2026-07-23 00:37:23+0200: Error: {"error":"Illegal move 0: A4","field":"moves","id":"q48422"}
2026-07-23 00:37:23+0200: Error: {"error":"Illegal move 0: F4","field":"moves","id":"q48423"}
2026-07-23 00:37:23+0200: Error: {"error":"Illegal move 0: A2","field":"moves","id":"q48424"}
2026-07-23 00:37:43+0200: Error: {"error":"Illegal move 0: A4","field":"moves","id":"q48440"}
2026-07-23 00:37:43+0200: Error: {"error":"Illegal move 0: F4","field":"moves","id":"q48441"}
2026-07-23 00:37:43+0200: Error: {"error":"Illegal move 0: A2","field":"moves","id":"q48442"}
2026-07-23 00:37:43+0200: Error: {"error":"Illegal move 2: A4","field":"moves","id":"q48458"}
2026-07-23 00:37:43+0200: Error: {"error":"Illegal move 2: F4","field":"moves","id":"q48459"}
2026-07-23 00:37:43+0200: Error: {"error":"Illegal move 2: A2","field":"moves","id":"q48460"}
2026-07-23 00:37:44+0200: Error: {"error":"Illegal move 2: A4","field":"moves","id":"q48470"}
2026-07-23 00:37:44+0200: Error: {"error":"Illegal move 2: F4","field":"moves","id":"q48471"}
2026-07-23 00:37:44+0200: Error: {"error":"Illegal move 2: A2","field":"moves","id":"q48472"}
2026-07-23 00:37:44+0200: Error: {"error":"Illegal move 2: G1","field":"moves","id":"q48479"}
2026-07-23 00:38:06+0200: Error: {"error":"Illegal move 0: F4","field":"moves","id":"q48505"}
2026-07-23 00:38:32+0200: Error: {"error":"Illegal move 4: A1","field":"moves","id":"q48630"}
2026-07-23 00:38:36+0200: Error: {"error":"Illegal move 4: A1","field":"moves","id":"q48702"}
2026-07-23 00:38:36+0200: Error: {"error":"Illegal move 0: F4","field":"moves","id":"q48716"}
2026-07-23 00:38:37+0200: Error: {"error":"Illegal move 2: A4","field":"moves","id":"q48737"}
2026-07-23 00:38:37+0200: Error: {"error":"Illegal move 2: F4","field":"moves","id":"q48738"}
2026-07-23 00:38:37+0200: Error: {"error":"Illegal move 2: A2","field":"moves","id":"q48739"}
2026-07-23 00:38:37+0200: Error: {"error":"Illegal move 4: A4","field":"moves","id":"q48754"}
2026-07-23 00:38:37+0200: Error: {"error":"Illegal move 4: F4","field":"moves","id":"q48755"}
2026-07-23 00:38:37+0200: Error: {"error":"Illegal move 4: A2","field":"moves","id":"q48756"}
2026-07-23 00:38:37+0200: Error: {"error":"Illegal move 4: A4","field":"moves","id":"q48765"}
2026-07-23 00:38:37+0200: Error: {"error":"Illegal move 4: F4","field":"moves","id":"q48766"}
2026-07-23 00:38:37+0200: Error: {"error":"Illegal move 4: A2","field":"moves","id":"q48767"}
2026-07-23 00:38:37+0200: Error: {"error":"Illegal move 4: B1","field":"moves","id":"q48770"}
2026-07-23 00:38:38+0200: Error: {"error":"Illegal move 2: A4","field":"moves","id":"q48780"}
2026-07-23 00:38:38+0200: Error: {"error":"Illegal move 2: F4","field":"moves","id":"q48781"}
2026-07-23 00:38:38+0200: Error: {"error":"Illegal move 2: A2","field":"moves","id":"q48782"}
2026-07-23 00:38:39+0200: Error: {"error":"Illegal move 4: A4","field":"moves","id":"q48797"}
2026-07-23 00:38:39+0200: Error: {"error":"Illegal move 4: F4","field":"moves","id":"q48798"}
2026-07-23 00:38:39+0200: Error: {"error":"Illegal move 4: A2","field":"moves","id":"q48799"}
2026-07-23 00:38:39+0200: Error: {"error":"Illegal move 4: F4","field":"moves","id":"q48808"}
2026-07-23 00:38:39+0200: Error: {"error":"Illegal move 4: A2","field":"moves","id":"q48809"}
2026-07-23 00:38:40+0200: Error: {"error":"Illegal move 4: A4","field":"moves","id":"q48822"}
2026-07-23 00:38:40+0200: Error: {"error":"Illegal move 4: F4","field":"moves","id":"q48823"}
2026-07-23 00:38:40+0200: Error: {"error":"Illegal move 4: A2","field":"moves","id":"q48824"}
2026-07-23 00:38:40+0200: Error: {"error":"Illegal move 4: B1","field":"moves","id":"q48826"}
2026-07-23 00:40:13+0200: Error: {"error":"Illegal move 0: D7","field":"moves","id":"q49118"}
2026-07-23 00:41:25+0200: Error: {"error":"Illegal move 0: D7","field":"moves","id":"q49156"}
2026-07-23 00:41:25+0200: Error: {"error":"Illegal move 2: D7","field":"moves","id":"q49191"}
2026-07-23 00:41:29+0200: Error: {"error":"Illegal move 4: D7","field":"moves","id":"q49226"}
2026-07-23 00:41:34+0200: Error: {"error":"Illegal move 4: D7","field":"moves","id":"q49258"}
2026-07-23 00:41:39+0200: Error: {"error":"Illegal move 4: D7","field":"moves","id":"q49292"}
2026-07-23 00:41:44+0200: Error: {"error":"Illegal move 2: D7","field":"moves","id":"q49327"}
2026-07-23 00:41:48+0200: Error: {"error":"Illegal move 4: D7","field":"moves","id":"q49362"}
2026-07-23 00:41:52+0200: Error: {"error":"Illegal move 4: D7","field":"moves","id":"q49396"}
2026-07-23 00:41:58+0200: Error: {"error":"Illegal move 4: D7","field":"moves","id":"q49431"}
2026-07-23 00:42:02+0200: Error: {"error":"Illegal move 2: D7","field":"moves","id":"q49463"}
2026-07-23 00:42:06+0200: Error: {"error":"Illegal move 4: D7","field":"moves","id":"q49498"}
2026-07-23 00:42:10+0200: Error: {"error":"Illegal move 4: D7","field":"moves","id":"q49526"}
2026-07-23 00:42:15+0200: Error: {"error":"Illegal move 4: D7","field":"moves","id":"q49560"}
2026-07-23 00:43:26+0200: Error: {"error":"Illegal move 0: D7","field":"moves","id":"q49640"}
2026-07-23 00:46:07+0200: Error: {"error":"Illegal move 0: D7","field":"moves","id":"q50141"}
2026-07-23 00:46:07+0200: Error: {"error":"Illegal move 2: D7","field":"moves","id":"q50178"}
2026-07-23 00:46:11+0200: Error: {"error":"Illegal move 4: D7","field":"moves","id":"q50214"}
2026-07-23 00:46:21+0200: Error: {"error":"Illegal move 4: D7","field":"moves","id":"q50282"}
2026-07-23 00:46:35+0200: Error: {"error":"Illegal move 4: F11","field":"moves","id":"q50412"}
2026-07-23 00:46:40+0200: Error: {"error":"Illegal move 2: F11","field":"moves","id":"q50447"}
2026-07-23 00:46:40+0200: Error: {"error":"Illegal move 2: D7","field":"moves","id":"q50458"}
2026-07-23 00:46:43+0200: Error: {"error":"Illegal move 4: F11","field":"moves","id":"q50485"}
2026-07-23 00:46:43+0200: Error: {"error":"Illegal move 4: D7","field":"moves","id":"q50495"}
2026-07-23 00:46:48+0200: Error: {"error":"Illegal move 4: F11","field":"moves","id":"q50520"}
2026-07-23 00:46:48+0200: Error: {"error":"Illegal move 4: D7","field":"moves","id":"q50531"}
2026-07-23 00:46:53+0200: Error: {"error":"Illegal move 4: F11","field":"moves","id":"q50557"}
2026-07-23 00:46:55+0200: Error: {"error":"Illegal move 0: A7","field":"moves","id":"q50588"}
2026-07-23 00:47:23+0200: Error: {"error":"Illegal move 0: A7","field":"moves","id":"q50611"}
2026-07-23 00:47:23+0200: Error: {"error":"Illegal move 2: A7","field":"moves","id":"q50634"}
2026-07-23 00:47:26+0200: Error: {"error":"Illegal move 4: A7","field":"moves","id":"q50656"}
2026-07-23 00:47:27+0200: Error: {"error":"Illegal move 4: A7","field":"moves","id":"q50677"}
2026-07-23 00:47:29+0200: Error: {"error":"Illegal move 4: A7","field":"moves","id":"q50694"}
2026-07-23 00:47:31+0200: Error: {"error":"Illegal move 2: A7","field":"moves","id":"q50711"}
2026-07-23 00:47:33+0200: Error: {"error":"Illegal move 4: A7","field":"moves","id":"q50732"}
2026-07-23 00:47:35+0200: Error: {"error":"Illegal move 4: A7","field":"moves","id":"q50752"}
2026-07-23 00:47:35+0200: Error: {"error":"Illegal move 4: A7","field":"moves","id":"q50769"}
2026-07-23 00:47:37+0200: Error: {"error":"Illegal move 2: A7","field":"moves","id":"q50784"}
2026-07-23 00:47:41+0200: Error: {"error":"Illegal move 4: A7","field":"moves","id":"q50817"}
2026-07-23 00:47:46+0200: Error: {"error":"Illegal move 4: A7","field":"moves","id":"q50845"}
2026-07-23 00:47:50+0200: Error: {"error":"Illegal move 4: A7","field":"moves","id":"q50873"}
2026-07-23 00:48:22+0200: Error: {"error":"Illegal move 4: J5","field":"moves","id":"q50970"}
2026-07-23 00:48:22+0200: Error: {"error":"Illegal move 4: L5","field":"moves","id":"q50971"}
2026-07-23 00:48:22+0200: Error: {"error":"Illegal move 4: K4","field":"moves","id":"q50972"}
2026-07-23 00:48:24+0200: Error: {"error":"Illegal move 4: J5","field":"moves","id":"q51018"}
2026-07-23 00:48:24+0200: Error: {"error":"Illegal move 4: L5","field":"moves","id":"q51019"}
2026-07-23 00:48:24+0200: Error: {"error":"Illegal move 4: K4","field":"moves","id":"q51021"}
2026-07-23 00:48:29+0200: Error: {"error":"Illegal move 0: A7","field":"moves","id":"q51072"}
2026-07-23 00:49:34+0200: Error: {"error":"Illegal move 0: A7","field":"moves","id":"q51170"}
2026-07-23 00:49:34+0200: Error: {"error":"Illegal move 2: A7","field":"moves","id":"q51195"}
2026-07-23 00:49:36+0200: Error: {"error":"Illegal move 4: A7","field":"moves","id":"q51216"}
2026-07-23 00:49:38+0200: Error: {"error":"Illegal move 4: A7","field":"moves","id":"q51234"}
2026-07-23 00:49:41+0200: Error: {"error":"Illegal move 4: A7","field":"moves","id":"q51254"}
2026-07-23 00:49:45+0200: Error: {"error":"Illegal move 2: A7","field":"moves","id":"q51284"}
2026-07-23 00:49:47+0200: Error: {"error":"Illegal move 4: A7","field":"moves","id":"q51304"}
2026-07-23 00:49:48+0200: Error: {"error":"Illegal move 4: A7","field":"moves","id":"q51321"}
2026-07-23 00:49:49+0200: Error: {"error":"Illegal move 4: A7","field":"moves","id":"q51342"}
2026-07-23 00:49:51+0200: Error: {"error":"Illegal move 2: A7","field":"moves","id":"q51361"}
2026-07-23 00:49:54+0200: Error: {"error":"Illegal move 4: A7","field":"moves","id":"q51384"}
2026-07-23 00:49:57+0200: Error: {"error":"Illegal move 4: A7","field":"moves","id":"q51404"}
2026-07-23 00:49:59+0200: Error: {"error":"Illegal move 4: A7","field":"moves","id":"q51424"}
2026-07-23 00:50:01+0200: Error: {"error":"Illegal move 2: J5","field":"moves","id":"q51473"}
2026-07-23 00:50:01+0200: Error: {"error":"Illegal move 2: L5","field":"moves","id":"q51474"}
2026-07-23 00:50:01+0200: Error: {"error":"Illegal move 2: K4","field":"moves","id":"q51477"}
2026-07-23 00:50:02+0200: Error: {"error":"Illegal move 4: J5","field":"moves","id":"q51494"}
2026-07-23 00:50:02+0200: Error: {"error":"Illegal move 4: L5","field":"moves","id":"q51495"}
2026-07-23 00:50:02+0200: Error: {"error":"Illegal move 4: K4","field":"moves","id":"q51497"}
2026-07-23 00:50:03+0200: Error: {"error":"Illegal move 4: J5","field":"moves","id":"q51512"}
2026-07-23 00:50:03+0200: Error: {"error":"Illegal move 4: L5","field":"moves","id":"q51513"}
2026-07-23 00:50:03+0200: Error: {"error":"Illegal move 4: K4","field":"moves","id":"q51516"}
2026-07-23 00:50:06+0200: Error: {"error":"Illegal move 4: J5","field":"moves","id":"q51573"}
2026-07-23 00:50:06+0200: Error: {"error":"Illegal move 4: L5","field":"moves","id":"q51574"}
2026-07-23 00:50:06+0200: Error: {"error":"Illegal move 4: K4","field":"moves","id":"q51576"}
2026-07-23 00:50:07+0200: Error: {"error":"Illegal move 4: J5","field":"moves","id":"q51592"}
2026-07-23 00:50:07+0200: Error: {"error":"Illegal move 4: L5","field":"moves","id":"q51593"}
2026-07-23 00:50:07+0200: Error: {"error":"Illegal move 4: K4","field":"moves","id":"q51595"}
2026-07-23 00:50:07+0200: Error: {"error":"Illegal move 4: J5","field":"moves","id":"q51633"}
2026-07-23 00:50:07+0200: Error: {"error":"Illegal move 4: L5","field":"moves","id":"q51634"}
2026-07-23 00:50:07+0200: Error: {"error":"Illegal move 4: K4","field":"moves","id":"q51637"}
2026-07-23 00:50:08+0200: Error: {"error":"Illegal move 4: J5","field":"moves","id":"q51651"}
2026-07-23 00:50:08+0200: Error: {"error":"Illegal move 4: L5","field":"moves","id":"q51652"}
2026-07-23 00:50:08+0200: Error: {"error":"Illegal move 4: K4","field":"moves","id":"q51655"}
2026-07-23 00:51:28+0200: Error: {"error":"Illegal move 4: H11","field":"moves","id":"q51844"}
2026-07-23 00:51:36+0200: Error: {"error":"Illegal move 4: H11","field":"moves","id":"q51913"}
2026-07-23 00:51:40+0200: Error: {"error":"Illegal move 0: K12","field":"moves","id":"q51944"}
2026-07-23 00:52:48+0200: Error: {"error":"Illegal move 0: K12","field":"moves","id":"q51981"}
2026-07-23 00:52:49+0200: Error: {"error":"Illegal move 2: K12","field":"moves","id":"q52013"}
2026-07-23 00:52:51+0200: Error: {"error":"Illegal move 2: K12","field":"moves","id":"q52037"}
2026-07-23 00:52:56+0200: Error: {"error":"Illegal move 4: K12","field":"moves","id":"q52071"}
2026-07-23 00:53:00+0200: Error: {"error":"Illegal move 4: K12","field":"moves","id":"q52103"}
2026-07-23 00:53:04+0200: Error: {"error":"Illegal move 4: K12","field":"moves","id":"q52128"}
2026-07-23 00:53:07+0200: Error: {"error":"Illegal move 2: K12","field":"moves","id":"q52154"}
2026-07-23 00:53:09+0200: Error: {"error":"Illegal move 4: K12","field":"moves","id":"q52183"}
2026-07-23 00:53:13+0200: Error: {"error":"Illegal move 4: K12","field":"moves","id":"q52207"}
2026-07-23 00:54:19+0200: Error: {"error":"Illegal move 0: K12","field":"moves","id":"q52271"}
2026-07-23 00:55:25+0200: Error: {"error":"Illegal move 0: K12","field":"moves","id":"q52363"}
2026-07-23 00:55:31+0200: Error: {"error":"Illegal move 2: J13","field":"moves","id":"q52439"}
2026-07-23 00:55:31+0200: Error: {"error":"Illegal move 2: K12","field":"moves","id":"q52443"}
2026-07-23 00:55:33+0200: Error: {"error":"Illegal move 4: G13","field":"moves","id":"q52476"}
2026-07-23 00:55:33+0200: Error: {"error":"Illegal move 4: J13","field":"moves","id":"q52477"}
2026-07-23 00:55:33+0200: Error: {"error":"Illegal move 4: K12","field":"moves","id":"q52480"}
2026-07-23 00:55:35+0200: Error: {"error":"Illegal move 4: J13","field":"moves","id":"q52513"}
2026-07-23 00:55:35+0200: Error: {"error":"Illegal move 4: K12","field":"moves","id":"q52517"}
2026-07-23 00:55:40+0200: Error: {"error":"Illegal move 4: J13","field":"moves","id":"q52547"}
2026-07-23 00:55:40+0200: Error: {"error":"Illegal move 4: K12","field":"moves","id":"q52551"}
2026-07-23 00:55:45+0200: Error: {"error":"Illegal move 2: J13","field":"moves","id":"q52580"}
2026-07-23 00:55:45+0200: Error: {"error":"Illegal move 2: K12","field":"moves","id":"q52585"}
2026-07-23 00:55:47+0200: Error: {"error":"Illegal move 4: G13","field":"moves","id":"q52617"}
2026-07-23 00:55:47+0200: Error: {"error":"Illegal move 4: J13","field":"moves","id":"q52618"}
2026-07-23 00:55:47+0200: Error: {"error":"Illegal move 4: K12","field":"moves","id":"q52622"}
2026-07-23 00:55:48+0200: Error: {"error":"Illegal move 4: J13","field":"moves","id":"q52655"}
2026-07-23 00:55:48+0200: Error: {"error":"Illegal move 4: K12","field":"moves","id":"q52660"}
2026-07-23 00:55:53+0200: Error: {"error":"Illegal move 4: J13","field":"moves","id":"q52689"}
2026-07-23 00:55:53+0200: Error: {"error":"Illegal move 4: K12","field":"moves","id":"q52694"}
2026-07-23 00:55:57+0200: Error: {"error":"Illegal move 0: H8","field":"moves","id":"q52729"}
2026-07-23 00:56:48+0200: Error: {"error":"Illegal move 0: H8","field":"moves","id":"q52755"}
2026-07-23 00:56:48+0200: Error: {"error":"Illegal move 0: M11","field":"moves","id":"q52774"}
2026-07-23 00:56:48+0200: Error: {"error":"Illegal move 0: K6","field":"moves","id":"q52782"}
2026-07-23 00:57:21+0200: Error: {"error":"Illegal move 0: M11","field":"moves","id":"q52793"}
2026-07-23 00:57:21+0200: Error: {"error":"Illegal move 0: K6","field":"moves","id":"q52801"}
2026-07-23 00:57:21+0200: Error: {"error":"Illegal move 2: L12","field":"moves","id":"q52810"}
2026-07-23 00:57:21+0200: Error: {"error":"Illegal move 2: M11","field":"moves","id":"q52812"}
2026-07-23 00:57:21+0200: Error: {"error":"Illegal move 2: K6","field":"moves","id":"q52820"}
2026-07-23 00:58:16+0200: Error: {"error":"Illegal move 0: M11","field":"moves","id":"q52863"}
2026-07-23 00:58:55+0200: Error: {"error":"Illegal move 0: M11","field":"moves","id":"q52954"}
2026-07-23 00:58:55+0200: Error: {"error":"Illegal move 2: L12","field":"moves","id":"q52983"}
2026-07-23 00:58:55+0200: Error: {"error":"Illegal move 2: M11","field":"moves","id":"q52985"}
2026-07-23 00:58:59+0200: Error: {"error":"Illegal move 4: L12","field":"moves","id":"q53014"}
2026-07-23 00:58:59+0200: Error: {"error":"Illegal move 4: M11","field":"moves","id":"q53016"}
2026-07-23 00:59:02+0200: Error: {"error":"Illegal move 4: L12","field":"moves","id":"q53042"}
2026-07-23 00:59:02+0200: Error: {"error":"Illegal move 4: M11","field":"moves","id":"q53044"}
2026-07-23 00:59:02+0200: Error: {"error":"Illegal move 4: K6","field":"moves","id":"q53052"}
2026-07-23 00:59:05+0200: Error: {"error":"Illegal move 0: M9","field":"moves","id":"q53058"}
2026-07-23 00:59:45+0200: Error: {"error":"Illegal move 0: M9","field":"moves","id":"q53079"}
2026-07-23 00:59:45+0200: Error: {"error":"Illegal move 2: M9","field":"moves","id":"q53100"}
2026-07-23 00:59:47+0200: Error: {"error":"Illegal move 4: M9","field":"moves","id":"q53116"}
2026-07-23 00:59:47+0200: Error: {"error":"Illegal move 4: N5","field":"moves","id":"q53120"}
2026-07-23 00:59:50+0200: Error: {"error":"Illegal move 4: M9","field":"moves","id":"q53134"}
2026-07-23 00:59:50+0200: Error: {"error":"Illegal move 4: N5","field":"moves","id":"q53136"}
2026-07-23 00:59:51+0200: Error: {"error":"Illegal move 4: M9","field":"moves","id":"q53148"}
2026-07-23 00:59:51+0200: Error: {"error":"Illegal move 4: N5","field":"moves","id":"q53151"}
2026-07-23 00:59:53+0200: Error: {"error":"Illegal move 2: M9","field":"moves","id":"q53162"}
2026-07-23 00:59:55+0200: Error: {"error":"Illegal move 4: M9","field":"moves","id":"q53179"}
2026-07-23 00:59:55+0200: Error: {"error":"Illegal move 4: N5","field":"moves","id":"q53183"}
2026-07-23 00:59:55+0200: Error: {"error":"Illegal move 4: M9","field":"moves","id":"q53197"}
2026-07-23 00:59:55+0200: Error: {"error":"Illegal move 4: N5","field":"moves","id":"q53199"}
2026-07-23 00:59:57+0200: Error: {"error":"Illegal move 4: M9","field":"moves","id":"q53211"}
2026-07-23 00:59:57+0200: Error: {"error":"Illegal move 4: N5","field":"moves","id":"q53214"}
2026-07-23 00:59:58+0200: Error: {"error":"Illegal move 2: M9","field":"moves","id":"q53225"}
2026-07-23 00:59:58+0200: Error: {"error":"Illegal move 2: N8","field":"moves","id":"q53226"}
2026-07-23 00:59:58+0200: Error: {"error":"Illegal move 0: L4","field":"moves","id":"q53241"}
2026-07-23 00:59:58+0200: Error: {"error":"Illegal move 0: K3","field":"moves","id":"q53243"}
2026-07-23 01:00:25+0200: Error: {"error":"Illegal move 0: L4","field":"moves","id":"q53257"}
2026-07-23 01:00:25+0200: Error: {"error":"Illegal move 0: K3","field":"moves","id":"q53259"}
2026-07-23 01:00:25+0200: Error: {"error":"Illegal move 2: L4","field":"moves","id":"q53274"}
2026-07-23 01:00:25+0200: Error: {"error":"Illegal move 2: K3","field":"moves","id":"q53275"}
2026-07-23 01:00:27+0200: Error: {"error":"Illegal move 4: L4","field":"moves","id":"q53285"}
2026-07-23 01:00:27+0200: Error: {"error":"Illegal move 4: K3","field":"moves","id":"q53286"}
2026-07-23 01:00:28+0200: Error: {"error":"Illegal move 2: L4","field":"moves","id":"q53293"}
2026-07-23 01:00:28+0200: Error: {"error":"Illegal move 2: K3","field":"moves","id":"q53295"}
2026-07-23 01:00:30+0200: Error: {"error":"Illegal move 4: L4","field":"moves","id":"q53305"}
2026-07-23 01:00:30+0200: Error: {"error":"Illegal move 4: K3","field":"moves","id":"q53306"}
2026-07-23 01:00:31+0200: Error: {"error":"Illegal move 2: L4","field":"moves","id":"q53312"}
2026-07-23 01:00:31+0200: Error: {"error":"Illegal move 2: K3","field":"moves","id":"q53314"}
2026-07-23 01:00:32+0200: Error: {"error":"Illegal move 4: L4","field":"moves","id":"q53325"}
2026-07-23 01:00:32+0200: Error: {"error":"Illegal move 4: K3","field":"moves","id":"q53326"}
2026-07-23 01:01:10+0200: Error: {"error":"Illegal move 0: L4","field":"moves","id":"q53360"}
2026-07-23 01:01:10+0200: Error: {"error":"Illegal move 0: K3","field":"moves","id":"q53362"}
2026-07-23 01:01:55+0200: Error: {"error":"Illegal move 0: L4","field":"moves","id":"q53494"}
2026-07-23 01:01:55+0200: Error: {"error":"Illegal move 0: K3","field":"moves","id":"q53496"}
2026-07-23 01:01:55+0200: Error: {"error":"Illegal move 2: L4","field":"moves","id":"q53515"}
2026-07-23 01:01:55+0200: Error: {"error":"Illegal move 2: K3","field":"moves","id":"q53516"}
2026-07-23 01:01:57+0200: Error: {"error":"Illegal move 2: L4","field":"moves","id":"q53526"}
2026-07-23 01:01:57+0200: Error: {"error":"Illegal move 2: K3","field":"moves","id":"q53528"}
2026-07-23 01:01:58+0200: Error: {"error":"Illegal move 4: L4","field":"moves","id":"q53541"}
2026-07-23 01:01:58+0200: Error: {"error":"Illegal move 4: K3","field":"moves","id":"q53542"}
2026-07-23 01:01:59+0200: Error: {"error":"Illegal move 4: L4","field":"moves","id":"q53550"}
2026-07-23 01:01:59+0200: Error: {"error":"Illegal move 4: N4","field":"moves","id":"q53551"}
2026-07-23 01:01:59+0200: Error: {"error":"Illegal move 4: K3","field":"moves","id":"q53552"}
2026-07-23 01:02:00+0200: Error: {"error":"Illegal move 4: L4","field":"moves","id":"q53563"}
2026-07-23 01:02:00+0200: Error: {"error":"Illegal move 4: K3","field":"moves","id":"q53564"}
2026-07-23 01:02:01+0200: Error: {"error":"Illegal move 2: L4","field":"moves","id":"q53575"}
2026-07-23 01:02:01+0200: Error: {"error":"Illegal move 2: K3","field":"moves","id":"q53577"}
2026-07-23 01:02:03+0200: Error: {"error":"Illegal move 4: L4","field":"moves","id":"q53589"}
2026-07-23 01:02:03+0200: Error: {"error":"Illegal move 4: K3","field":"moves","id":"q53591"}
2026-07-23 01:02:04+0200: Error: {"error":"Illegal move 4: K3","field":"moves","id":"q53601"}
2026-07-23 01:22:08+0200: Error: {"error":"Illegal move 4: E5","field":"moves","id":"q57210"}
2026-07-23 01:22:13+0200: Error: {"error":"Illegal move 2: F8","field":"moves","id":"q57230"}
2026-07-23 01:22:25+0200: Error: {"error":"Illegal move 4: F8","field":"moves","id":"q57319"}
2026-07-23 01:22:33+0200: Error: {"error":"Illegal move 0: H11","field":"moves","id":"q57374"}
2026-07-23 01:23:43+0200: Error: {"error":"Illegal move 0: H11","field":"moves","id":"q57421"}
2026-07-23 01:23:43+0200: Error: {"error":"Illegal move 2: H11","field":"moves","id":"q57468"}
2026-07-23 01:23:46+0200: Error: {"error":"Illegal move 4: H11","field":"moves","id":"q57511"}
2026-07-23 01:23:50+0200: Error: {"error":"Illegal move 4: H11","field":"moves","id":"q57537"}
2026-07-23 01:23:50+0200: Error: {"error":"Illegal move 4: D8","field":"moves","id":"q57541"}
2026-07-23 01:23:55+0200: Error: {"error":"Illegal move 4: H11","field":"moves","id":"q57576"}
2026-07-23 01:23:59+0200: Error: {"error":"Illegal move 2: H11","field":"moves","id":"q57605"}
2026-07-23 01:24:04+0200: Error: {"error":"Illegal move 4: H11","field":"moves","id":"q57648"}
2026-07-23 01:24:09+0200: Error: {"error":"Illegal move 4: H11","field":"moves","id":"q57685"}
2026-07-23 01:24:13+0200: Error: {"error":"Illegal move 4: H11","field":"moves","id":"q57717"}
2026-07-23 01:24:17+0200: Error: {"error":"Illegal move 2: H11","field":"moves","id":"q57744"}
2026-07-23 01:25:19+0200: Error: {"error":"Illegal move 0: H11","field":"moves","id":"q57835"}
2026-07-23 01:27:41+0200: Error: {"error":"Illegal move 0: H11","field":"moves","id":"q57941"}
2026-07-23 01:27:41+0200: Error: {"error":"Illegal move 2: H11","field":"moves","id":"q57987"}
2026-07-23 01:27:46+0200: Error: {"error":"Illegal move 4: H11","field":"moves","id":"q58030"}
2026-07-23 01:27:46+0200: Error: {"error":"Illegal move 4: A10","field":"moves","id":"q58031"}
2026-07-23 01:27:52+0200: Error: {"error":"Illegal move 4: H11","field":"moves","id":"q58071"}
2026-07-23 01:27:52+0200: Error: {"error":"Illegal move 4: D8","field":"moves","id":"q58076"}
2026-07-23 01:28:37+0200: Error: {"error":"Illegal move 0: A11","field":"moves","id":"q58499"}
2026-07-23 01:28:37+0200: Error: {"error":"Illegal move 0: D10","field":"moves","id":"q58500"}
2026-07-23 01:29:08+0200: Error: {"error":"Illegal move 0: A11","field":"moves","id":"q58514"}
2026-07-23 01:29:08+0200: Error: {"error":"Illegal move 0: D10","field":"moves","id":"q58515"}
2026-07-23 01:29:08+0200: Error: {"error":"Illegal move 2: A11","field":"moves","id":"q58529"}
2026-07-23 01:29:08+0200: Error: {"error":"Illegal move 2: D10","field":"moves","id":"q58530"}
2026-07-23 01:29:11+0200: Error: {"error":"Illegal move 4: A11","field":"moves","id":"q58546"}
2026-07-23 01:29:11+0200: Error: {"error":"Illegal move 4: D10","field":"moves","id":"q58547"}
2026-07-23 01:30:10+0200: Error: {"error":"Illegal move 0: A11","field":"moves","id":"q58710"}
2026-07-23 01:30:10+0200: Error: {"error":"Illegal move 0: D10","field":"moves","id":"q58711"}
2026-07-23 01:31:54+0200: Error: {"error":"Illegal move 0: A11","field":"moves","id":"q58792"}
2026-07-23 01:31:54+0200: Error: {"error":"Illegal move 0: D10","field":"moves","id":"q58793"}
2026-07-23 01:31:54+0200: Error: {"error":"Illegal move 2: D10","field":"moves","id":"q58818"}
2026-07-23 01:31:56+0200: Error: {"error":"Illegal move 4: D10","field":"moves","id":"q58840"}
2026-07-23 01:32:01+0200: Error: {"error":"Illegal move 4: D10","field":"moves","id":"q58880"}
2026-07-23 01:32:04+0200: Error: {"error":"Illegal move 2: A11","field":"moves","id":"q58899"}
2026-07-23 01:32:04+0200: Error: {"error":"Illegal move 2: D10","field":"moves","id":"q58900"}
2026-07-23 01:32:07+0200: Error: {"error":"Illegal move 4: D10","field":"moves","id":"q58922"}
2026-07-23 01:32:10+0200: Error: {"error":"Illegal move 4: A11","field":"moves","id":"q58942"}
2026-07-23 01:32:13+0200: Error: {"error":"Illegal move 4: A11","field":"moves","id":"q58960"}
2026-07-23 01:32:13+0200: Error: {"error":"Illegal move 4: D10","field":"moves","id":"q58961"}
2026-07-23 01:32:17+0200: Error: {"error":"Illegal move 4: C13","field":"moves","id":"q59016"}
2026-07-23 01:37:56+0200: Error: {"error":"Illegal move 0: A13","field":"moves","id":"q60021"}
2026-07-23 01:38:45+0200: Error: {"error":"Illegal move 0: A13","field":"moves","id":"q60054"}
2026-07-23 01:38:45+0200: Error: {"error":"Illegal move 2: A13","field":"moves","id":"q60086"}
2026-07-23 01:38:49+0200: Error: {"error":"Illegal move 4: A13","field":"moves","id":"q60117"}
2026-07-23 01:38:53+0200: Error: {"error":"Illegal move 4: A13","field":"moves","id":"q60146"}
2026-07-23 01:38:57+0200: Error: {"error":"Illegal move 4: A13","field":"moves","id":"q60173"}
2026-07-23 01:39:01+0200: Error: {"error":"Illegal move 2: A13","field":"moves","id":"q60202"}
2026-07-23 01:39:05+0200: Error: {"error":"Illegal move 4: A13","field":"moves","id":"q60233"}
2026-07-23 01:39:08+0200: Error: {"error":"Illegal move 4: A13","field":"moves","id":"q60262"}
2026-07-23 01:39:12+0200: Error: {"error":"Illegal move 4: A13","field":"moves","id":"q60291"}
2026-07-23 01:39:16+0200: Error: {"error":"Illegal move 2: A13","field":"moves","id":"q60318"}
2026-07-23 01:39:20+0200: Error: {"error":"Illegal move 4: A13","field":"moves","id":"q60349"}
2026-07-23 01:39:23+0200: Error: {"error":"Illegal move 4: A13","field":"moves","id":"q60378"}
2026-07-23 01:39:27+0200: Error: {"error":"Illegal move 4: A13","field":"moves","id":"q60407"}
2026-07-23 01:42:43+0200: Error: {"error":"Illegal move 4: A13","field":"moves","id":"q60811"}
2026-07-23 01:42:43+0200: Error: {"error":"Illegal move 4: B12","field":"moves","id":"q60813"}
2026-07-23 01:42:46+0200: Error: {"error":"Illegal move 4: A13","field":"moves","id":"q60839"}
2026-07-23 01:42:46+0200: Error: {"error":"Illegal move 4: B12","field":"moves","id":"q60841"}
2026-07-23 01:42:49+0200: Error: {"error":"Illegal move 2: A13","field":"moves","id":"q60867"}
2026-07-23 01:42:53+0200: Error: {"error":"Illegal move 4: A13","field":"moves","id":"q60897"}
2026-07-23 01:42:57+0200: Error: {"error":"Illegal move 4: A13","field":"moves","id":"q60926"}
2026-07-23 01:43:00+0200: Error: {"error":"Illegal move 4: A13","field":"moves","id":"q60955"}
2026-07-23 01:43:13+0200: Error: {"error":"Illegal move 4: G12","field":"moves","id":"q61088"}
2026-07-23 01:43:24+0200: Error: {"error":"Illegal move 4: G12","field":"moves","id":"q61177"}
2026-07-23 01:43:24+0200: Error: {"error":"Illegal move 0: C9","field":"moves","id":"q61214"}
2026-07-23 01:44:05+0200: Error: {"error":"Illegal move 0: C9","field":"moves","id":"q61243"}
2026-07-23 01:44:05+0200: Error: {"error":"Illegal move 2: C9","field":"moves","id":"q61270"}
2026-07-23 01:44:06+0200: Error: {"error":"Illegal move 4: C9","field":"moves","id":"q61292"}
2026-07-23 01:44:08+0200: Error: {"error":"Illegal move 4: C9","field":"moves","id":"q61311"}
2026-07-23 01:44:11+0200: Error: {"error":"Illegal move 4: C9","field":"moves","id":"q61329"}
2026-07-23 01:44:12+0200: Error: {"error":"Illegal move 2: C9","field":"moves","id":"q61347"}
2026-07-23 01:44:13+0200: Error: {"error":"Illegal move 4: C9","field":"moves","id":"q61371"}
2026-07-23 01:44:14+0200: Error: {"error":"Illegal move 4: C9","field":"moves","id":"q61388"}
2026-07-23 01:44:16+0200: Error: {"error":"Illegal move 4: C9","field":"moves","id":"q61408"}
2026-07-23 01:44:19+0200: Error: {"error":"Illegal move 2: C9","field":"moves","id":"q61425"}
2026-07-23 01:44:20+0200: Error: {"error":"Illegal move 4: C9","field":"moves","id":"q61448"}
2026-07-23 01:44:23+0200: Error: {"error":"Illegal move 4: A13","field":"moves","id":"q61462"}
2026-07-23 01:44:23+0200: Error: {"error":"Illegal move 4: C9","field":"moves","id":"q61469"}
2026-07-23 01:44:25+0200: Error: {"error":"Illegal move 4: C9","field":"moves","id":"q61488"}
2026-07-23 01:44:27+0200: Error: {"error":"Illegal move 0: F8","field":"moves","id":"q61514"}
2026-07-23 01:45:26+0200: Error: {"error":"Illegal move 0: F8","field":"moves","id":"q61541"}
2026-07-23 01:45:26+0200: Error: {"error":"Illegal move 2: F8","field":"moves","id":"q61566"}
2026-07-23 01:45:32+0200: Error: {"error":"Illegal move 4: F8","field":"moves","id":"q61610"}
2026-07-23 01:45:47+0200: Error: {"error":"Illegal move 2: F8","field":"moves","id":"q61716"}
2026-07-23 01:45:49+0200: Error: {"error":"Illegal move 4: F8","field":"moves","id":"q61741"}
2026-07-23 01:45:52+0200: Error: {"error":"Illegal move 4: F8","field":"moves","id":"q61761"}
2026-07-23 01:45:54+0200: Error: {"error":"Illegal move 4: F8","field":"moves","id":"q61781"}
2026-07-23 01:45:57+0200: Error: {"error":"Illegal move 0: C9","field":"moves","id":"q61802"}
2026-07-23 01:46:37+0200: Error: {"error":"Illegal move 0: F8","field":"moves","id":"q61835"}
2026-07-23 01:47:52+0200: Error: {"error":"Illegal move 0: C9","field":"moves","id":"q61895"}
2026-07-23 01:47:52+0200: Error: {"error":"Illegal move 2: C9","field":"moves","id":"q61925"}
2026-07-23 01:47:54+0200: Error: {"error":"Illegal move 2: C9","field":"moves","id":"q61940"}
2026-07-23 01:47:57+0200: Error: {"error":"Illegal move 4: C9","field":"moves","id":"q61965"}
2026-07-23 01:47:59+0200: Error: {"error":"Illegal move 4: C9","field":"moves","id":"q61987"}
2026-07-23 01:48:02+0200: Error: {"error":"Illegal move 4: C9","field":"moves","id":"q62011"}
2026-07-23 01:48:04+0200: Error: {"error":"Illegal move 2: C9","field":"moves","id":"q62036"}
2026-07-23 01:48:07+0200: Error: {"error":"Illegal move 4: C9","field":"moves","id":"q62060"}
2026-07-23 01:48:09+0200: Error: {"error":"Illegal move 4: C9","field":"moves","id":"q62082"}
2026-07-23 01:48:12+0200: Error: {"error":"Illegal move 4: C9","field":"moves","id":"q62104"}
2026-07-23 01:48:15+0200: Error: {"error":"Illegal move 0: F8","field":"moves","id":"q62132"}
2026-07-23 01:48:15+0200: Error: {"error":"Illegal move 2: F8","field":"moves","id":"q62161"}
2026-07-23 01:48:17+0200: Error: {"error":"Illegal move 4: F8","field":"moves","id":"q62186"}
2026-07-23 01:48:19+0200: Error: {"error":"Illegal move 4: F8","field":"moves","id":"q62208"}
2026-07-23 01:48:22+0200: Error: {"error":"Illegal move 4: F8","field":"moves","id":"q62228"}
2026-07-23 01:48:24+0200: Error: {"error":"Illegal move 2: F8","field":"moves","id":"q62252"}
2026-07-23 01:48:27+0200: Error: {"error":"Illegal move 4: F8","field":"moves","id":"q62275"}
2026-07-23 01:48:31+0200: Error: {"error":"Illegal move 2: F8","field":"moves","id":"q62322"}
2026-07-23 01:48:34+0200: Error: {"error":"Illegal move 4: F8","field":"moves","id":"q62349"}
2026-07-23 01:48:37+0200: Error: {"error":"Illegal move 4: F8","field":"moves","id":"q62373"}
2026-07-23 01:49:37+0200: Error: {"error":"Illegal move 4: J13","field":"moves","id":"q62496"}
2026-07-23 01:49:45+0200: Error: {"error":"Illegal move 4: J13","field":"moves","id":"q62550"}
2026-07-23 01:49:49+0200: Error: {"error":"Illegal move 2: J13","field":"moves","id":"q62577"}
2026-07-23 01:49:52+0200: Error: {"error":"Illegal move 4: J13","field":"moves","id":"q62602"}
2026-07-23 01:49:56+0200: Error: {"error":"Illegal move 4: J13","field":"moves","id":"q62629"}
2026-07-23 01:49:59+0200: Error: {"error":"Illegal move 0: K11","field":"moves","id":"q62661"}
2026-07-23 01:50:50+0200: Error: {"error":"Illegal move 0: K11","field":"moves","id":"q62691"}
2026-07-23 01:50:50+0200: Error: {"error":"Illegal move 2: K11","field":"moves","id":"q62719"}
2026-07-23 01:50:54+0200: Error: {"error":"Illegal move 4: K11","field":"moves","id":"q62743"}
2026-07-23 01:50:57+0200: Error: {"error":"Illegal move 4: K11","field":"moves","id":"q62766"}
2026-07-23 01:51:00+0200: Error: {"error":"Illegal move 4: K11","field":"moves","id":"q62789"}
2026-07-23 01:51:02+0200: Error: {"error":"Illegal move 2: K11","field":"moves","id":"q62811"}
2026-07-23 01:51:05+0200: Error: {"error":"Illegal move 4: K11","field":"moves","id":"q62835"}
2026-07-23 01:51:05+0200: Error: {"error":"Illegal move 4: J8","field":"moves","id":"q62839"}
2026-07-23 01:51:09+0200: Error: {"error":"Illegal move 4: K11","field":"moves","id":"q62858"}
2026-07-23 01:51:09+0200: Error: {"error":"Illegal move 4: J8","field":"moves","id":"q62862"}
2026-07-23 01:51:11+0200: Error: {"error":"Illegal move 4: K11","field":"moves","id":"q62880"}
2026-07-23 01:51:11+0200: Error: {"error":"Illegal move 4: J8","field":"moves","id":"q62884"}
2026-07-23 01:51:13+0200: Error: {"error":"Illegal move 2: K11","field":"moves","id":"q62893"}
2026-07-23 01:51:16+0200: Error: {"error":"Illegal move 4: K11","field":"moves","id":"q62919"}
2026-07-23 01:51:16+0200: Error: {"error":"Illegal move 4: J8","field":"moves","id":"q62923"}
2026-07-23 01:51:19+0200: Error: {"error":"Illegal move 4: K11","field":"moves","id":"q62940"}
2026-07-23 01:51:19+0200: Error: {"error":"Illegal move 4: J8","field":"moves","id":"q62944"}
2026-07-23 01:51:21+0200: Error: {"error":"Illegal move 4: K11","field":"moves","id":"q62962"}
2026-07-23 01:51:21+0200: Error: {"error":"Illegal move 4: J8","field":"moves","id":"q62966"}
2026-07-23 01:52:18+0200: Error: {"error":"Illegal move 0: K11","field":"moves","id":"q63019"}
2026-07-23 01:53:07+0200: Error: {"error":"Illegal move 2: J13","field":"moves","id":"q63093"}
2026-07-23 01:53:10+0200: Error: {"error":"Illegal move 4: J13","field":"moves","id":"q63124"}
2026-07-23 01:53:13+0200: Error: {"error":"Illegal move 4: J13","field":"moves","id":"q63148"}
2026-07-23 01:53:17+0200: Error: {"error":"Illegal move 4: J13","field":"moves","id":"q63174"}
2026-07-23 01:53:39+0200: Error: {"error":"Illegal move 0: K11","field":"moves","id":"q63342"}
2026-07-23 01:54:13+0200: Error: {"error":"Illegal move 2: C1","field":"moves","id":"q63404"}
2026-07-23 01:54:14+0200: Error: {"error":"Illegal move 4: C1","field":"moves","id":"q63418"}
2026-07-23 01:54:16+0200: Error: {"error":"Illegal move 4: C1","field":"moves","id":"q63431"}
2026-07-23 01:54:17+0200: Error: {"error":"Illegal move 2: C1","field":"moves","id":"q63445"}
2026-07-23 01:54:19+0200: Error: {"error":"Illegal move 4: C1","field":"moves","id":"q63458"}
2026-07-23 01:54:20+0200: Error: {"error":"Illegal move 4: C1","field":"moves","id":"q63471"}
2026-07-23 01:54:22+0200: Error: {"error":"Illegal move 2: C1","field":"moves","id":"q63485"}
2026-07-23 01:54:23+0200: Error: {"error":"Illegal move 4: C1","field":"moves","id":"q63499"}
2026-07-23 01:54:24+0200: Error: {"error":"Illegal move 4: C1","field":"moves","id":"q63512"}
2026-07-23 01:54:25+0200: Error: {"error":"Illegal move 0: B6","field":"moves","id":"q63521"}
2026-07-23 01:54:25+0200: Error: {"error":"Illegal move 0: D6","field":"moves","id":"q63522"}
2026-07-23 01:54:50+0200: Error: {"error":"Illegal move 0: B6","field":"moves","id":"q63536"}
2026-07-23 01:54:50+0200: Error: {"error":"Illegal move 0: D6","field":"moves","id":"q63537"}
2026-07-23 01:54:50+0200: Error: {"error":"Illegal move 2: B6","field":"moves","id":"q63550"}
2026-07-23 01:54:50+0200: Error: {"error":"Illegal move 2: D6","field":"moves","id":"q63551"}
2026-07-23 01:54:51+0200: Error: {"error":"Illegal move 2: B6","field":"moves","id":"q63560"}
2026-07-23 01:54:51+0200: Error: {"error":"Illegal move 2: D6","field":"moves","id":"q63561"}
2026-07-23 01:55:25+0200: Error: {"error":"Illegal move 0: B6","field":"moves","id":"q63591"}
2026-07-23 01:55:25+0200: Error: {"error":"Illegal move 0: D6","field":"moves","id":"q63592"}
2026-07-23 01:55:54+0200: Error: {"error":"Illegal move 0: B6","field":"moves","id":"q63674"}
2026-07-23 01:55:54+0200: Error: {"error":"Illegal move 0: D6","field":"moves","id":"q63675"}
2026-07-23 01:55:54+0200: Error: {"error":"Illegal move 2: B6","field":"moves","id":"q63692"}
2026-07-23 01:55:54+0200: Error: {"error":"Illegal move 2: D6","field":"moves","id":"q63693"}
2026-07-23 01:55:55+0200: Error: {"error":"Illegal move 4: B6","field":"moves","id":"q63703"}
2026-07-23 01:55:55+0200: Error: {"error":"Illegal move 4: D6","field":"moves","id":"q63704"}
2026-07-23 01:55:56+0200: Error: {"error":"Illegal move 2: B6","field":"moves","id":"q63711"}
2026-07-23 01:55:56+0200: Error: {"error":"Illegal move 2: D6","field":"moves","id":"q63712"}
2026-07-23 01:55:57+0200: Error: {"error":"Illegal move 4: B6","field":"moves","id":"q63724"}
2026-07-23 01:55:57+0200: Error: {"error":"Illegal move 4: D6","field":"moves","id":"q63725"}
2026-07-23 01:55:59+0200: Error: {"error":"Illegal move 4: B6","field":"moves","id":"q63733"}
2026-07-23 01:55:59+0200: Error: {"error":"Illegal move 4: D6","field":"moves","id":"q63734"}
2026-07-23 01:56:46+0200: Error: {"error":"Illegal move 2: C3","field":"moves","id":"q63800"}
2026-07-23 01:56:47+0200: Error: {"error":"Illegal move 4: C3","field":"moves","id":"q63822"}
2026-07-23 01:56:49+0200: Error: {"error":"Illegal move 4: C3","field":"moves","id":"q63833"}
2026-07-23 01:56:52+0200: Error: {"error":"Illegal move 4: A4","field":"moves","id":"q63859"}
2026-07-23 01:56:54+0200: Error: {"error":"Illegal move 4: A4","field":"moves","id":"q63871"}
2026-07-23 01:59:02+0200: Error: {"error":"Illegal move 0: H9","field":"moves","id":"q64114"}
2026-07-23 01:59:02+0200: Error: {"error":"Illegal move 0: M5","field":"moves","id":"q64124"}
2026-07-23 02:00:15+0200: Error: {"error":"Illegal move 0: H9","field":"moves","id":"q64162"}
2026-07-23 02:00:15+0200: Error: {"error":"Illegal move 0: M5","field":"moves","id":"q64172"}
2026-07-23 02:00:15+0200: Error: {"error":"Illegal move 2: H9","field":"moves","id":"q64205"}
2026-07-23 02:00:15+0200: Error: {"error":"Illegal move 2: M5","field":"moves","id":"q64214"}
2026-07-23 02:00:21+0200: Error: {"error":"Illegal move 4: H9","field":"moves","id":"q64249"}
2026-07-23 02:00:21+0200: Error: {"error":"Illegal move 4: M5","field":"moves","id":"q64258"}
2026-07-23 02:00:25+0200: Error: {"error":"Illegal move 4: H9","field":"moves","id":"q64275"}
2026-07-23 02:00:25+0200: Error: {"error":"Illegal move 4: M5","field":"moves","id":"q64283"}
2026-07-23 02:00:29+0200: Error: {"error":"Illegal move 4: H9","field":"moves","id":"q64317"}
2026-07-23 02:00:29+0200: Error: {"error":"Illegal move 4: M5","field":"moves","id":"q64324"}
2026-07-23 02:00:34+0200: Error: {"error":"Illegal move 2: H9","field":"moves","id":"q64357"}
2026-07-23 02:00:34+0200: Error: {"error":"Illegal move 2: M5","field":"moves","id":"q64367"}
2026-07-23 02:00:38+0200: Error: {"error":"Illegal move 2: H9","field":"moves","id":"q64385"}
2026-07-23 02:00:38+0200: Error: {"error":"Illegal move 2: M5","field":"moves","id":"q64395"}
2026-07-23 02:00:42+0200: Error: {"error":"Illegal move 0: N10","field":"moves","id":"q64411"}
2026-07-23 02:00:42+0200: Error: {"error":"Illegal move 0: M9","field":"moves","id":"q64413"}
2026-07-23 02:00:42+0200: Error: {"error":"Illegal move 0: N8","field":"moves","id":"q64415"}
2026-07-23 02:01:58+0200: Error: {"error":"Illegal move 0: N10","field":"moves","id":"q64452"}
2026-07-23 02:01:58+0200: Error: {"error":"Illegal move 0: M9","field":"moves","id":"q64454"}
2026-07-23 02:01:58+0200: Error: {"error":"Illegal move 0: N8","field":"moves","id":"q64456"}
2026-07-23 02:01:58+0200: Error: {"error":"Illegal move 2: N10","field":"moves","id":"q64489"}
2026-07-23 02:01:58+0200: Error: {"error":"Illegal move 2: M9","field":"moves","id":"q64491"}
2026-07-23 02:01:58+0200: Error: {"error":"Illegal move 2: N8","field":"moves","id":"q64493"}
2026-07-23 02:02:02+0200: Error: {"error":"Illegal move 2: N10","field":"moves","id":"q64519"}
2026-07-23 02:02:02+0200: Error: {"error":"Illegal move 2: M9","field":"moves","id":"q64521"}
2026-07-23 02:02:02+0200: Error: {"error":"Illegal move 2: N8","field":"moves","id":"q64523"}
2026-07-23 02:02:08+0200: Error: {"error":"Illegal move 4: N10","field":"moves","id":"q64562"}
2026-07-23 02:02:08+0200: Error: {"error":"Illegal move 4: M9","field":"moves","id":"q64564"}
2026-07-23 02:02:08+0200: Error: {"error":"Illegal move 4: N8","field":"moves","id":"q64566"}
2026-07-23 02:02:12+0200: Error: {"error":"Illegal move 4: N10","field":"moves","id":"q64589"}
2026-07-23 02:02:12+0200: Error: {"error":"Illegal move 4: M9","field":"moves","id":"q64591"}
2026-07-23 02:02:12+0200: Error: {"error":"Illegal move 4: N8","field":"moves","id":"q64593"}
2026-07-23 02:02:16+0200: Error: {"error":"Illegal move 4: N10","field":"moves","id":"q64618"}
2026-07-23 02:02:16+0200: Error: {"error":"Illegal move 4: M9","field":"moves","id":"q64620"}
2026-07-23 02:02:16+0200: Error: {"error":"Illegal move 4: N8","field":"moves","id":"q64622"}
2026-07-23 02:02:20+0200: Error: {"error":"Illegal move 0: H9","field":"moves","id":"q64652"}
2026-07-23 02:02:20+0200: Error: {"error":"Illegal move 0: M5","field":"moves","id":"q64662"}
2026-07-23 02:03:35+0200: Error: {"error":"Illegal move 0: N10","field":"moves","id":"q64701"}
2026-07-23 02:03:35+0200: Error: {"error":"Illegal move 0: M9","field":"moves","id":"q64703"}
2026-07-23 02:03:35+0200: Error: {"error":"Illegal move 0: N8","field":"moves","id":"q64705"}
2026-07-23 02:05:31+0200: Error: {"error":"Illegal move 0: H9","field":"moves","id":"q64794"}
2026-07-23 02:05:31+0200: Error: {"error":"Illegal move 0: M5","field":"moves","id":"q64804"}
2026-07-23 02:05:31+0200: Error: {"error":"Illegal move 2: L12","field":"moves","id":"q64838"}
2026-07-23 02:05:31+0200: Error: {"error":"Illegal move 2: H9","field":"moves","id":"q64841"}
2026-07-23 02:05:31+0200: Error: {"error":"Illegal move 2: M5","field":"moves","id":"q64851"}
2026-07-23 02:05:36+0200: Error: {"error":"Illegal move 4: L12","field":"moves","id":"q64882"}
2026-07-23 02:05:36+0200: Error: {"error":"Illegal move 4: H9","field":"moves","id":"q64885"}
2026-07-23 02:05:36+0200: Error: {"error":"Illegal move 4: M5","field":"moves","id":"q64895"}
2026-07-23 02:05:40+0200: Error: {"error":"Illegal move 4: L12","field":"moves","id":"q64908"}
2026-07-23 02:05:40+0200: Error: {"error":"Illegal move 4: H9","field":"moves","id":"q64911"}
2026-07-23 02:05:40+0200: Error: {"error":"Illegal move 4: M5","field":"moves","id":"q64920"}
2026-07-23 02:05:45+0200: Error: {"error":"Illegal move 4: L12","field":"moves","id":"q64949"}
2026-07-23 02:05:45+0200: Error: {"error":"Illegal move 4: H9","field":"moves","id":"q64952"}
2026-07-23 02:05:45+0200: Error: {"error":"Illegal move 4: M5","field":"moves","id":"q64962"}
2026-07-23 02:05:48+0200: Error: {"error":"Illegal move 2: H9","field":"moves","id":"q64979"}
2026-07-23 02:05:48+0200: Error: {"error":"Illegal move 2: M5","field":"moves","id":"q64988"}
2026-07-23 02:05:55+0200: Error: {"error":"Illegal move 4: H9","field":"moves","id":"q65024"}
2026-07-23 02:05:55+0200: Error: {"error":"Illegal move 4: M5","field":"moves","id":"q65033"}
2026-07-23 02:06:00+0200: Error: {"error":"Illegal move 4: L12","field":"moves","id":"q65054"}
2026-07-23 02:06:00+0200: Error: {"error":"Illegal move 4: H9","field":"moves","id":"q65057"}
2026-07-23 02:06:00+0200: Error: {"error":"Illegal move 4: M5","field":"moves","id":"q65066"}
2026-07-23 02:06:05+0200: Error: {"error":"Illegal move 4: H9","field":"moves","id":"q65101"}
2026-07-23 02:06:05+0200: Error: {"error":"Illegal move 4: M5","field":"moves","id":"q65109"}
2026-07-23 02:06:10+0200: Error: {"error":"Illegal move 0: N10","field":"moves","id":"q65144"}
2026-07-23 02:06:10+0200: Error: {"error":"Illegal move 0: M9","field":"moves","id":"q65146"}
2026-07-23 02:06:10+0200: Error: {"error":"Illegal move 0: N8","field":"moves","id":"q65148"}
2026-07-23 02:06:11+0200: Error: {"error":"Illegal move 2: N10","field":"moves","id":"q65190"}
2026-07-23 02:06:11+0200: Error: {"error":"Illegal move 2: M9","field":"moves","id":"q65192"}
2026-07-23 02:06:11+0200: Error: {"error":"Illegal move 2: N8","field":"moves","id":"q65194"}
2026-07-23 02:06:16+0200: Error: {"error":"Illegal move 4: N10","field":"moves","id":"q65233"}
2026-07-23 02:06:16+0200: Error: {"error":"Illegal move 4: M9","field":"moves","id":"q65235"}
2026-07-23 02:06:16+0200: Error: {"error":"Illegal move 4: F8","field":"moves","id":"q65236"}
2026-07-23 02:06:16+0200: Error: {"error":"Illegal move 4: N8","field":"moves","id":"q65237"}
2026-07-23 02:06:22+0200: Error: {"error":"Illegal move 4: N10","field":"moves","id":"q65275"}
2026-07-23 02:06:22+0200: Error: {"error":"Illegal move 4: M9","field":"moves","id":"q65277"}
2026-07-23 02:06:22+0200: Error: {"error":"Illegal move 4: F8","field":"moves","id":"q65278"}
2026-07-23 02:06:22+0200: Error: {"error":"Illegal move 4: N8","field":"moves","id":"q65279"}
2026-07-23 02:06:28+0200: Error: {"error":"Illegal move 4: N10","field":"moves","id":"q65317"}
2026-07-23 02:06:28+0200: Error: {"error":"Illegal move 4: M9","field":"moves","id":"q65319"}
2026-07-23 02:06:28+0200: Error: {"error":"Illegal move 4: N8","field":"moves","id":"q65321"}
2026-07-23 02:06:33+0200: Error: {"error":"Illegal move 2: N10","field":"moves","id":"q65359"}
2026-07-23 02:06:33+0200: Error: {"error":"Illegal move 2: M9","field":"moves","id":"q65361"}
2026-07-23 02:06:33+0200: Error: {"error":"Illegal move 2: F8","field":"moves","id":"q65362"}
2026-07-23 02:06:33+0200: Error: {"error":"Illegal move 2: N8","field":"moves","id":"q65363"}
2026-07-23 02:06:38+0200: Error: {"error":"Illegal move 4: N10","field":"moves","id":"q65403"}
2026-07-23 02:06:38+0200: Error: {"error":"Illegal move 4: M9","field":"moves","id":"q65405"}
2026-07-23 02:06:38+0200: Error: {"error":"Illegal move 4: F8","field":"moves","id":"q65406"}
2026-07-23 02:06:38+0200: Error: {"error":"Illegal move 4: N8","field":"moves","id":"q65407"}
2026-07-23 02:06:44+0200: Error: {"error":"Illegal move 4: N10","field":"moves","id":"q65445"}
2026-07-23 02:06:44+0200: Error: {"error":"Illegal move 4: M9","field":"moves","id":"q65447"}
2026-07-23 02:06:44+0200: Error: {"error":"Illegal move 4: F8","field":"moves","id":"q65448"}
2026-07-23 02:06:44+0200: Error: {"error":"Illegal move 4: N8","field":"moves","id":"q65449"}
2026-07-23 02:06:49+0200: Error: {"error":"Illegal move 4: N13","field":"moves","id":"q65482"}
2026-07-23 02:06:49+0200: Error: {"error":"Illegal move 4: N10","field":"moves","id":"q65488"}
2026-07-23 02:06:49+0200: Error: {"error":"Illegal move 4: M9","field":"moves","id":"q65490"}
2026-07-23 02:06:49+0200: Error: {"error":"Illegal move 4: F8","field":"moves","id":"q65491"}
2026-07-23 02:06:49+0200: Error: {"error":"Illegal move 4: N8","field":"moves","id":"q65492"}
2026-07-23 02:06:54+0200: Error: {"error":"Illegal move 2: N10","field":"moves","id":"q65532"}
2026-07-23 02:06:54+0200: Error: {"error":"Illegal move 2: M9","field":"moves","id":"q65534"}
2026-07-23 02:06:54+0200: Error: {"error":"Illegal move 2: N8","field":"moves","id":"q65536"}
2026-07-23 02:06:58+0200: Error: {"error":"Illegal move 4: N10","field":"moves","id":"q65575"}
2026-07-23 02:06:58+0200: Error: {"error":"Illegal move 4: M9","field":"moves","id":"q65577"}
2026-07-23 02:06:58+0200: Error: {"error":"Illegal move 4: F8","field":"moves","id":"q65578"}
2026-07-23 02:06:58+0200: Error: {"error":"Illegal move 4: N8","field":"moves","id":"q65579"}
2026-07-23 02:06:59+0200: Error: {"error":"Illegal move 4: N10","field":"moves","id":"q65616"}
2026-07-23 02:06:59+0200: Error: {"error":"Illegal move 4: M9","field":"moves","id":"q65618"}
2026-07-23 02:06:59+0200: Error: {"error":"Illegal move 4: N8","field":"moves","id":"q65620"}
2026-07-23 02:07:05+0200: Error: {"error":"Illegal move 4: N10","field":"moves","id":"q65657"}
2026-07-23 02:07:05+0200: Error: {"error":"Illegal move 4: M9","field":"moves","id":"q65659"}
2026-07-23 02:07:05+0200: Error: {"error":"Illegal move 4: N8","field":"moves","id":"q65660"}
2026-07-23 02:10:36+0200: Error: {"error":"Illegal move 2: M11","field":"moves","id":"q66142"}
2026-07-23 02:10:39+0200: Error: {"error":"Illegal move 4: M11","field":"moves","id":"q66169"}
2026-07-23 02:10:41+0200: Error: {"error":"Illegal move 4: M11","field":"moves","id":"q66183"}
2026-07-23 02:10:44+0200: Error: {"error":"Illegal move 4: M11","field":"moves","id":"q66204"}
2026-07-23 02:10:51+0200: Error: {"error":"Illegal move 4: M11","field":"moves","id":"q66269"}
2026-07-23 02:28:14+0200: Error: {"error":"Illegal move 0: N3","field":"moves","id":"q69859"}
2026-07-23 02:28:25+0200: Error: {"error":"Illegal move 0: N3","field":"moves","id":"q69869"}
2026-07-23 02:28:25+0200: Error: {"error":"Illegal move 2: N3","field":"moves","id":"q69879"}
2026-07-23 02:28:25+0200: Error: {"error":"Illegal move 4: N3","field":"moves","id":"q69885"}
2026-07-23 02:29:29+0200: Error: {"error":"Illegal move 2: N3","field":"moves","id":"q69952"}
2026-07-23 02:29:30+0200: Error: {"error":"Illegal move 4: N3","field":"moves","id":"q69963"}
2026-07-23 02:29:31+0200: Error: {"error":"Illegal move 4: N3","field":"moves","id":"q69969"}
2026-07-23 02:31:57+0200: Error: {"error":"Illegal move 4: K6","field":"moves","id":"q70246"}
2026-07-23 02:42:28+0200: Error: {"error":"Illegal move 0: D2","field":"moves","id":"q72179"}
2026-07-23 02:43:03+0200: Error: {"error":"Illegal move 0: D2","field":"moves","id":"q72197"}
2026-07-23 02:43:03+0200: Error: {"error":"Illegal move 2: D2","field":"moves","id":"q72213"}
2026-07-23 02:43:06+0200: Error: {"error":"Illegal move 4: D2","field":"moves","id":"q72232"}
2026-07-23 02:48:59+0200: Error: {"error":"Illegal move 0: A7","field":"moves","id":"q73014"}
2026-07-23 02:49:40+0200: Error: {"error":"Illegal move 0: A7","field":"moves","id":"q73041"}
2026-07-23 02:49:40+0200: Error: {"error":"Illegal move 0: D6","field":"moves","id":"q73070"}
2026-07-23 02:51:06+0200: Error: {"error":"Illegal move 0: D6","field":"moves","id":"q73118"}
2026-07-23 02:51:06+0200: Error: {"error":"Illegal move 2: D6","field":"moves","id":"q73161"}
2026-07-23 02:51:10+0200: Error: {"error":"Illegal move 2: D6","field":"moves","id":"q73192"}
2026-07-23 02:51:14+0200: Error: {"error":"Illegal move 2: D6","field":"moves","id":"q73222"}
2026-07-23 02:52:28+0200: Error: {"error":"Illegal move 0: D6","field":"moves","id":"q73306"}
2026-07-23 02:53:51+0200: Error: {"error":"Illegal move 0: D6","field":"moves","id":"q73442"}
2026-07-23 02:53:51+0200: Error: {"error":"Illegal move 2: A11","field":"moves","id":"q73484"}
2026-07-23 02:53:51+0200: Error: {"error":"Illegal move 2: D6","field":"moves","id":"q73491"}
2026-07-23 02:53:55+0200: Error: {"error":"Illegal move 4: A11","field":"moves","id":"q73532"}
2026-07-23 02:53:55+0200: Error: {"error":"Illegal move 4: D6","field":"moves","id":"q73538"}
2026-07-23 02:53:59+0200: Error: {"error":"Illegal move 4: A11","field":"moves","id":"q73558"}
2026-07-23 02:53:59+0200: Error: {"error":"Illegal move 4: D6","field":"moves","id":"q73565"}
2026-07-23 02:54:04+0200: Error: {"error":"Illegal move 4: A11","field":"moves","id":"q73585"}
2026-07-23 02:54:04+0200: Error: {"error":"Illegal move 4: D6","field":"moves","id":"q73591"}
2026-07-23 02:54:10+0200: Error: {"error":"Illegal move 2: D6","field":"moves","id":"q73635"}
2026-07-23 02:54:14+0200: Error: {"error":"Illegal move 0: F6","field":"moves","id":"q73662"}
2026-07-23 02:54:54+0200: Error: {"error":"Illegal move 0: F6","field":"moves","id":"q73685"}
2026-07-23 02:54:55+0200: Error: {"error":"Illegal move 0: A11","field":"moves","id":"q73701"}
2026-07-23 02:54:55+0200: Error: {"error":"Illegal move 0: C11","field":"moves","id":"q73702"}
2026-07-23 02:55:31+0200: Error: {"error":"Illegal move 0: A11","field":"moves","id":"q73721"}
2026-07-23 02:55:31+0200: Error: {"error":"Illegal move 0: C11","field":"moves","id":"q73722"}
2026-07-23 02:55:31+0200: Error: {"error":"Illegal move 2: A11","field":"moves","id":"q73741"}
2026-07-23 02:55:31+0200: Error: {"error":"Illegal move 2: C11","field":"moves","id":"q73742"}
2026-07-23 02:55:33+0200: Error: {"error":"Illegal move 4: A11","field":"moves","id":"q73760"}
2026-07-23 02:55:33+0200: Error: {"error":"Illegal move 4: C11","field":"moves","id":"q73761"}
2026-07-23 02:55:36+0200: Error: {"error":"Illegal move 4: A11","field":"moves","id":"q73781"}
2026-07-23 02:55:36+0200: Error: {"error":"Illegal move 4: C11","field":"moves","id":"q73782"}
2026-07-23 02:55:38+0200: Error: {"error":"Illegal move 0: F6","field":"moves","id":"q73809"}
2026-07-23 02:57:17+0200: Error: {"error":"Illegal move 0: F6","field":"moves","id":"q73881"}
2026-07-23 02:57:17+0200: Error: {"error":"Illegal move 2: F6","field":"moves","id":"q73910"}
2026-07-23 02:57:20+0200: Error: {"error":"Illegal move 4: F6","field":"moves","id":"q73934"}
2026-07-23 02:57:23+0200: Error: {"error":"Illegal move 4: F6","field":"moves","id":"q73951"}
2026-07-23 02:57:25+0200: Error: {"error":"Illegal move 2: F6","field":"moves","id":"q73965"}
2026-07-23 02:57:27+0200: Error: {"error":"Illegal move 4: F6","field":"moves","id":"q73991"}
2026-07-23 02:57:30+0200: Error: {"error":"Illegal move 4: F6","field":"moves","id":"q74013"}
2026-07-23 02:57:33+0200: Error: {"error":"Illegal move 4: F6","field":"moves","id":"q74036"}
2026-07-23 02:57:35+0200: Error: {"error":"Illegal move 2: F6","field":"moves","id":"q74052"}
2026-07-23 02:57:37+0200: Error: {"error":"Illegal move 4: A10","field":"moves","id":"q74073"}
2026-07-23 02:57:37+0200: Error: {"error":"Illegal move 4: F6","field":"moves","id":"q74079"}
2026-07-23 02:57:40+0200: Error: {"error":"Illegal move 4: F6","field":"moves","id":"q74103"}
2026-07-23 02:57:42+0200: Error: {"error":"Illegal move 4: F6","field":"moves","id":"q74120"}
2026-07-23 02:57:46+0200: Error: {"error":"Illegal move 2: A11","field":"moves","id":"q74164"}
2026-07-23 02:57:46+0200: Error: {"error":"Illegal move 2: C11","field":"moves","id":"q74165"}
2026-07-23 02:57:47+0200: Error: {"error":"Illegal move 4: A11","field":"moves","id":"q74190"}
2026-07-23 02:57:47+0200: Error: {"error":"Illegal move 4: C11","field":"moves","id":"q74191"}
2026-07-23 02:57:49+0200: Error: {"error":"Illegal move 4: A11","field":"moves","id":"q74210"}
2026-07-23 02:57:49+0200: Error: {"error":"Illegal move 4: C11","field":"moves","id":"q74211"}
2026-07-23 02:57:51+0200: Error: {"error":"Illegal move 4: A11","field":"moves","id":"q74231"}
2026-07-23 02:57:51+0200: Error: {"error":"Illegal move 4: C11","field":"moves","id":"q74232"}
2026-07-23 03:01:43+0200: Error: {"error":"Illegal move 4: K10","field":"moves","id":"q74985"}
2026-07-23 03:02:27+0200: Error: {"error":"Illegal move 4: J10","field":"moves","id":"q75399"}
2026-07-23 03:02:44+0200: Error: {"error":"Illegal move 4: J10","field":"moves","id":"q75536"}
2026-07-23 03:04:01+0200: Error: {"error":"Illegal move 0: J13","field":"moves","id":"q75820"}
2026-07-23 03:04:36+0200: Error: {"error":"Illegal move 0: J13","field":"moves","id":"q75837"}
2026-07-23 03:05:18+0200: Error: {"error":"Illegal move 0: J13","field":"moves","id":"q75888"}
2026-07-23 03:06:06+0200: Error: {"error":"Illegal move 0: E8","field":"moves","id":"q75924"}
2026-07-23 03:06:39+0200: Error: {"error":"Illegal move 0: E8","field":"moves","id":"q75940"}
2026-07-23 03:07:22+0200: Error: {"error":"Illegal move 0: E8","field":"moves","id":"q75989"}
2026-07-23 03:08:21+0200: Error: {"error":"Illegal move 4: G13","field":"moves","id":"q76095"}
2026-07-23 03:08:25+0200: Error: {"error":"Illegal move 4: G13","field":"moves","id":"q76123"}
2026-07-23 03:08:32+0200: Error: {"error":"Illegal move 4: G13","field":"moves","id":"q76171"}
2026-07-23 03:08:35+0200: Error: {"error":"Illegal move 4: G13","field":"moves","id":"q76191"}
2026-07-23 03:08:38+0200: Error: {"error":"Illegal move 0: E8","field":"moves","id":"q76215"}
2026-07-23 03:08:38+0200: Error: {"error":"Illegal move 2: F13","field":"moves","id":"q76240"}
2026-07-23 03:08:38+0200: Error: {"error":"Illegal move 2: E8","field":"moves","id":"q76245"}
2026-07-23 03:08:40+0200: Error: {"error":"Illegal move 2: F13","field":"moves","id":"q76258"}
2026-07-23 03:08:40+0200: Error: {"error":"Illegal move 2: E8","field":"moves","id":"q76263"}
2026-07-23 03:08:43+0200: Error: {"error":"Illegal move 0: C4","field":"moves","id":"q76281"}
2026-07-23 03:08:43+0200: Error: {"error":"Illegal move 0: B3","field":"moves","id":"q76283"}
2026-07-23 03:08:43+0200: Error: {"error":"Illegal move 0: C2","field":"moves","id":"q76286"}
2026-07-23 03:09:18+0200: Error: {"error":"Illegal move 0: C4","field":"moves","id":"q76301"}
2026-07-23 03:09:18+0200: Error: {"error":"Illegal move 0: B3","field":"moves","id":"q76303"}
2026-07-23 03:09:18+0200: Error: {"error":"Illegal move 0: C2","field":"moves","id":"q76306"}
2026-07-23 03:09:18+0200: Error: {"error":"Illegal move 0: D7","field":"moves","id":"q76316"}
2026-07-23 03:09:18+0200: Error: {"error":"Illegal move 0: A5","field":"moves","id":"q76318"}
2026-07-23 03:09:18+0200: Error: {"error":"Illegal move 0: B4","field":"moves","id":"q76321"}
2026-07-23 03:10:01+0200: Error: {"error":"Illegal move 0: D7","field":"moves","id":"q76338"}
2026-07-23 03:10:01+0200: Error: {"error":"Illegal move 0: A5","field":"moves","id":"q76340"}
2026-07-23 03:10:01+0200: Error: {"error":"Illegal move 0: B4","field":"moves","id":"q76343"}
2026-07-23 03:10:01+0200: Error: {"error":"Illegal move 2: D7","field":"moves","id":"q76360"}
2026-07-23 03:10:01+0200: Error: {"error":"Illegal move 2: A5","field":"moves","id":"q76362"}
2026-07-23 03:10:01+0200: Error: {"error":"Illegal move 2: B4","field":"moves","id":"q76365"}
2026-07-23 03:10:04+0200: Error: {"error":"Illegal move 4: D7","field":"moves","id":"q76381"}
2026-07-23 03:10:04+0200: Error: {"error":"Illegal move 4: A5","field":"moves","id":"q76383"}
2026-07-23 03:11:10+0200: Error: {"error":"Illegal move 0: D7","field":"moves","id":"q76436"}
2026-07-23 03:12:07+0200: Error: {"error":"Illegal move 2: C4","field":"moves","id":"q76522"}
2026-07-23 03:12:07+0200: Error: {"error":"Illegal move 2: B3","field":"moves","id":"q76524"}
2026-07-23 03:12:09+0200: Error: {"error":"Illegal move 4: C4","field":"moves","id":"q76544"}
2026-07-23 03:12:09+0200: Error: {"error":"Illegal move 4: B3","field":"moves","id":"q76546"}
2026-07-23 03:12:18+0200: Error: {"error":"Illegal move 0: D7","field":"moves","id":"q76598"}
2026-07-23 03:12:18+0200: Error: {"error":"Illegal move 0: K6","field":"moves","id":"q76638"}
2026-07-23 03:12:44+0200: Error: {"error":"Illegal move 0: K6","field":"moves","id":"q76654"}
2026-07-23 03:12:44+0200: Error: {"error":"Illegal move 2: K6","field":"moves","id":"q76669"}
2026-07-23 03:12:46+0200: Error: {"error":"Illegal move 4: K6","field":"moves","id":"q76688"}
2026-07-23 03:12:48+0200: Error: {"error":"Illegal move 4: K6","field":"moves","id":"q76702"}
2026-07-23 03:12:50+0200: Error: {"error":"Illegal move 4: K6","field":"moves","id":"q76715"}
2026-07-23 03:12:52+0200: Error: {"error":"Illegal move 0: G5","field":"moves","id":"q76732"}
2026-07-23 03:13:22+0200: Error: {"error":"Illegal move 0: G5","field":"moves","id":"q76750"}
2026-07-23 03:13:23+0200: Error: {"error":"Illegal move 0: K6","field":"moves","id":"q76769"}
2026-07-23 03:13:58+0200: Error: {"error":"Illegal move 0: G5","field":"moves","id":"q76793"}
2026-07-23 03:14:34+0200: Error: {"error":"Illegal move 0: K6","field":"moves","id":"q76819"}
2026-07-23 03:14:34+0200: Error: {"error":"Illegal move 2: K6","field":"moves","id":"q76840"}
2026-07-23 03:14:36+0200: Error: {"error":"Illegal move 4: K6","field":"moves","id":"q76860"}
2026-07-23 03:14:39+0200: Error: {"error":"Illegal move 0: G5","field":"moves","id":"q76882"}
2026-07-23 03:14:39+0200: Error: {"error":"Illegal move 2: G5","field":"moves","id":"q76904"}
2026-07-23 03:14:41+0200: Error: {"error":"Illegal move 4: G5","field":"moves","id":"q76923"}
2026-07-23 03:14:43+0200: Error: {"error":"Illegal move 4: G5","field":"moves","id":"q76941"}
2026-07-23 03:14:44+0200: Error: {"error":"Illegal move 2: G5","field":"moves","id":"q76954"}
2026-07-23 03:14:46+0200: Error: {"error":"Illegal move 4: G5","field":"moves","id":"q76974"}
2026-07-23 03:14:49+0200: Error: {"error":"Illegal move 4: G5","field":"moves","id":"q76992"}
2026-07-23 03:14:50+0200: Error: {"error":"Illegal move 4: G5","field":"moves","id":"q77003"}
2026-07-23 03:14:52+0200: Error: {"error":"Illegal move 0: A6","field":"moves","id":"q77007"}
2026-07-23 03:14:52+0200: Error: {"error":"Illegal move 0: B5","field":"moves","id":"q77012"}
2026-07-23 03:14:52+0200: Error: {"error":"Illegal move 0: C4","field":"moves","id":"q77013"}
2026-07-23 03:14:52+0200: Error: {"error":"Illegal move 0: A3","field":"moves","id":"q77015"}
2026-07-23 03:15:12+0200: Error: {"error":"Illegal move 0: A6","field":"moves","id":"q77023"}
2026-07-23 03:15:12+0200: Error: {"error":"Illegal move 0: B5","field":"moves","id":"q77028"}
2026-07-23 03:15:12+0200: Error: {"error":"Illegal move 0: C4","field":"moves","id":"q77029"}
2026-07-23 03:15:12+0200: Error: {"error":"Illegal move 0: A3","field":"moves","id":"q77031"}
2026-07-23 03:15:12+0200: Error: {"error":"Illegal move 2: A6","field":"moves","id":"q77039"}
2026-07-23 03:15:12+0200: Error: {"error":"Illegal move 2: B5","field":"moves","id":"q77043"}
2026-07-23 03:15:12+0200: Error: {"error":"Illegal move 2: C4","field":"moves","id":"q77044"}
2026-07-23 03:15:12+0200: Error: {"error":"Illegal move 2: A3","field":"moves","id":"q77046"}
2026-07-23 03:15:13+0200: Error: {"error":"Illegal move 2: A6","field":"moves","id":"q77050"}
2026-07-23 03:15:13+0200: Error: {"error":"Illegal move 2: B5","field":"moves","id":"q77054"}
2026-07-23 03:15:13+0200: Error: {"error":"Illegal move 2: C4","field":"moves","id":"q77055"}
2026-07-23 03:15:13+0200: Error: {"error":"Illegal move 2: A3","field":"moves","id":"q77057"}
2026-07-23 03:15:14+0200: Error: {"error":"Illegal move 4: A6","field":"moves","id":"q77064"}
2026-07-23 03:15:14+0200: Error: {"error":"Illegal move 4: B5","field":"moves","id":"q77067"}
2026-07-23 03:15:14+0200: Error: {"error":"Illegal move 4: C4","field":"moves","id":"q77068"}
2026-07-23 03:15:14+0200: Error: {"error":"Illegal move 4: A3","field":"moves","id":"q77070"}
2026-07-23 03:15:15+0200: Error: {"error":"Illegal move 4: A6","field":"moves","id":"q77075"}
2026-07-23 03:15:15+0200: Error: {"error":"Illegal move 4: B5","field":"moves","id":"q77078"}
2026-07-23 03:15:15+0200: Error: {"error":"Illegal move 4: C4","field":"moves","id":"q77079"}
2026-07-23 03:15:15+0200: Error: {"error":"Illegal move 4: A3","field":"moves","id":"q77081"}
2026-07-23 03:15:16+0200: Error: {"error":"Illegal move 4: A6","field":"moves","id":"q77085"}
2026-07-23 03:15:16+0200: Error: {"error":"Illegal move 4: B5","field":"moves","id":"q77088"}
2026-07-23 03:15:16+0200: Error: {"error":"Illegal move 4: C4","field":"moves","id":"q77089"}
2026-07-23 03:15:16+0200: Error: {"error":"Illegal move 4: A3","field":"moves","id":"q77091"}
2026-07-23 03:15:16+0200: Error: {"error":"Illegal move 2: A6","field":"moves","id":"q77095"}
2026-07-23 03:15:16+0200: Error: {"error":"Illegal move 2: B5","field":"moves","id":"q77099"}
2026-07-23 03:15:16+0200: Error: {"error":"Illegal move 2: C4","field":"moves","id":"q77100"}
2026-07-23 03:15:16+0200: Error: {"error":"Illegal move 2: A3","field":"moves","id":"q77102"}
2026-07-23 03:15:17+0200: Error: {"error":"Illegal move 4: A6","field":"moves","id":"q77108"}
2026-07-23 03:15:17+0200: Error: {"error":"Illegal move 4: B5","field":"moves","id":"q77111"}
2026-07-23 03:15:17+0200: Error: {"error":"Illegal move 4: C4","field":"moves","id":"q77112"}
2026-07-23 03:15:17+0200: Error: {"error":"Illegal move 4: A3","field":"moves","id":"q77114"}
2026-07-23 03:15:17+0200: Error: {"error":"Illegal move 4: A6","field":"moves","id":"q77117"}
2026-07-23 03:15:17+0200: Error: {"error":"Illegal move 4: B5","field":"moves","id":"q77120"}
2026-07-23 03:15:17+0200: Error: {"error":"Illegal move 4: C4","field":"moves","id":"q77121"}
2026-07-23 03:15:17+0200: Error: {"error":"Illegal move 4: A3","field":"moves","id":"q77123"}
2026-07-23 03:15:59+0200: Error: {"error":"Illegal move 0: A6","field":"moves","id":"q77181"}
2026-07-23 03:15:59+0200: Error: {"error":"Illegal move 0: A3","field":"moves","id":"q77190"}
2026-07-23 03:17:13+0200: Error: {"error":"Illegal move 0: A6","field":"moves","id":"q77242"}
2026-07-23 03:17:13+0200: Error: {"error":"Illegal move 0: A3","field":"moves","id":"q77251"}
2026-07-23 03:17:13+0200: Error: {"error":"Illegal move 2: A6","field":"moves","id":"q77262"}
2026-07-23 03:17:13+0200: Error: {"error":"Illegal move 2: A3","field":"moves","id":"q77270"}
2026-07-23 03:17:14+0200: Error: {"error":"Illegal move 4: A6","field":"moves","id":"q77278"}
2026-07-23 03:17:14+0200: Error: {"error":"Illegal move 4: A3","field":"moves","id":"q77286"}
2026-07-23 03:17:17+0200: Error: {"error":"Illegal move 4: A6","field":"moves","id":"q77296"}
2026-07-23 03:17:17+0200: Error: {"error":"Illegal move 4: A3","field":"moves","id":"q77304"}
2026-07-23 03:17:18+0200: Error: {"error":"Illegal move 4: A6","field":"moves","id":"q77311"}
2026-07-23 03:17:18+0200: Error: {"error":"Illegal move 4: A3","field":"moves","id":"q77318"}
2026-07-23 03:17:20+0200: Error: {"error":"Illegal move 2: A6","field":"moves","id":"q77325"}
2026-07-23 03:17:20+0200: Error: {"error":"Illegal move 2: B5","field":"moves","id":"q77329"}
2026-07-23 03:17:20+0200: Error: {"error":"Illegal move 2: C4","field":"moves","id":"q77330"}
2026-07-23 03:17:20+0200: Error: {"error":"Illegal move 2: A3","field":"moves","id":"q77332"}
2026-07-23 03:17:21+0200: Error: {"error":"Illegal move 4: A6","field":"moves","id":"q77339"}
2026-07-23 03:17:21+0200: Error: {"error":"Illegal move 4: B5","field":"moves","id":"q77342"}
2026-07-23 03:17:21+0200: Error: {"error":"Illegal move 4: C4","field":"moves","id":"q77343"}
2026-07-23 03:17:21+0200: Error: {"error":"Illegal move 4: A3","field":"moves","id":"q77345"}
2026-07-23 03:17:22+0200: Error: {"error":"Illegal move 4: A6","field":"moves","id":"q77350"}
2026-07-23 03:17:22+0200: Error: {"error":"Illegal move 4: B5","field":"moves","id":"q77353"}
2026-07-23 03:17:22+0200: Error: {"error":"Illegal move 4: C4","field":"moves","id":"q77354"}
2026-07-23 03:17:22+0200: Error: {"error":"Illegal move 4: A3","field":"moves","id":"q77356"}
2026-07-23 03:17:23+0200: Error: {"error":"Illegal move 4: A6","field":"moves","id":"q77361"}
2026-07-23 03:17:23+0200: Error: {"error":"Illegal move 4: B5","field":"moves","id":"q77364"}
2026-07-23 03:17:23+0200: Error: {"error":"Illegal move 4: C4","field":"moves","id":"q77365"}
2026-07-23 03:17:23+0200: Error: {"error":"Illegal move 4: A3","field":"moves","id":"q77367"}
2026-07-23 03:17:24+0200: Error: {"error":"Illegal move 2: A6","field":"moves","id":"q77371"}
2026-07-23 03:17:24+0200: Error: {"error":"Illegal move 2: B5","field":"moves","id":"q77375"}
2026-07-23 03:17:24+0200: Error: {"error":"Illegal move 2: C4","field":"moves","id":"q77376"}
2026-07-23 03:17:24+0200: Error: {"error":"Illegal move 2: A3","field":"moves","id":"q77378"}
2026-07-23 03:17:25+0200: Error: {"error":"Illegal move 4: A6","field":"moves","id":"q77385"}
2026-07-23 03:17:25+0200: Error: {"error":"Illegal move 4: B5","field":"moves","id":"q77388"}
2026-07-23 03:17:25+0200: Error: {"error":"Illegal move 4: C4","field":"moves","id":"q77389"}
2026-07-23 03:17:25+0200: Error: {"error":"Illegal move 4: A3","field":"moves","id":"q77391"}
2026-07-23 03:17:25+0200: Error: {"error":"Illegal move 4: A6","field":"moves","id":"q77395"}
2026-07-23 03:17:25+0200: Error: {"error":"Illegal move 4: B5","field":"moves","id":"q77398"}
2026-07-23 03:17:25+0200: Error: {"error":"Illegal move 4: C4","field":"moves","id":"q77399"}
2026-07-23 03:17:25+0200: Error: {"error":"Illegal move 4: A3","field":"moves","id":"q77401"}
2026-07-23 03:17:26+0200: Error: {"error":"Illegal move 4: A6","field":"moves","id":"q77405"}
2026-07-23 03:17:26+0200: Error: {"error":"Illegal move 4: B5","field":"moves","id":"q77408"}
2026-07-23 03:17:26+0200: Error: {"error":"Illegal move 4: C4","field":"moves","id":"q77409"}
2026-07-23 03:17:26+0200: Error: {"error":"Illegal move 4: A3","field":"moves","id":"q77411"}
2026-07-23 03:17:37+0200: Error: {"error":"Illegal move 4: E2","field":"moves","id":"q77529"}
2026-07-23 03:17:42+0200: Error: {"error":"Illegal move 0: K1","field":"moves","id":"q77591"}
2026-07-23 03:18:54+0200: Error: {"error":"Illegal move 0: K1","field":"moves","id":"q77640"}
2026-07-23 03:18:54+0200: Error: {"error":"Illegal move 2: K1","field":"moves","id":"q77688"}
2026-07-23 03:18:57+0200: Error: {"error":"Illegal move 4: K1","field":"moves","id":"q77730"}
2026-07-23 03:19:03+0200: Error: {"error":"Illegal move 4: K1","field":"moves","id":"q77769"}
2026-07-23 03:19:25+0200: Error: {"error":"Illegal move 2: K1","field":"moves","id":"q77956"}
2026-07-23 03:19:28+0200: Error: {"error":"Illegal move 4: K1","field":"moves","id":"q78000"}
2026-07-23 03:19:32+0200: Error: {"error":"Illegal move 4: K1","field":"moves","id":"q78031"}
2026-07-23 03:19:37+0200: Error: {"error":"Illegal move 4: K1","field":"moves","id":"q78066"}
2026-07-23 03:19:42+0200: Error: {"error":"Illegal move 0: K7","field":"moves","id":"q78090"}
2026-07-23 03:19:42+0200: Error: {"error":"Illegal move 0: A6","field":"moves","id":"q78091"}
2026-07-23 03:19:42+0200: Error: {"error":"Illegal move 0: A3","field":"moves","id":"q78102"}
2026-07-23 03:20:41+0200: Error: {"error":"Illegal move 0: K7","field":"moves","id":"q78121"}
2026-07-23 03:20:41+0200: Error: {"error":"Illegal move 0: A6","field":"moves","id":"q78122"}
2026-07-23 03:20:41+0200: Error: {"error":"Illegal move 0: A3","field":"moves","id":"q78133"}
2026-07-23 03:20:42+0200: Error: {"error":"Illegal move 0: K1","field":"moves","id":"q78179"}
2026-07-23 03:22:04+0200: Error: {"error":"Illegal move 0: K7","field":"moves","id":"q78206"}
2026-07-23 03:22:04+0200: Error: {"error":"Illegal move 0: A6","field":"moves","id":"q78207"}
2026-07-23 03:22:04+0200: Error: {"error":"Illegal move 0: A3","field":"moves","id":"q78219"}
2026-07-23 03:23:17+0200: Error: {"error":"Illegal move 0: K1","field":"moves","id":"q78297"}
2026-07-23 03:23:18+0200: Error: {"error":"Illegal move 0: K7","field":"moves","id":"q78325"}
2026-07-23 03:23:18+0200: Error: {"error":"Illegal move 0: A6","field":"moves","id":"q78326"}
2026-07-23 03:23:18+0200: Error: {"error":"Illegal move 0: A3","field":"moves","id":"q78338"}
2026-07-23 03:23:18+0200: Error: {"error":"Illegal move 2: K7","field":"moves","id":"q78373"}
2026-07-23 03:23:18+0200: Error: {"error":"Illegal move 2: A6","field":"moves","id":"q78374"}
2026-07-23 03:23:18+0200: Error: {"error":"Illegal move 2: A3","field":"moves","id":"q78385"}
2026-07-23 03:23:21+0200: Error: {"error":"Illegal move 4: K7","field":"moves","id":"q78416"}
2026-07-23 03:23:21+0200: Error: {"error":"Illegal move 4: A3","field":"moves","id":"q78427"}
2026-07-23 03:23:24+0200: Error: {"error":"Illegal move 4: K7","field":"moves","id":"q78443"}
2026-07-23 03:23:24+0200: Error: {"error":"Illegal move 4: A6","field":"moves","id":"q78444"}
2026-07-23 03:23:29+0200: Error: {"error":"Illegal move 2: K7","field":"moves","id":"q78475"}
2026-07-23 03:23:29+0200: Error: {"error":"Illegal move 2: A6","field":"moves","id":"q78476"}
2026-07-23 03:23:29+0200: Error: {"error":"Illegal move 2: A3","field":"moves","id":"q78487"}
2026-07-23 03:23:34+0200: Error: {"error":"Illegal move 4: K7","field":"moves","id":"q78519"}
2026-07-23 03:23:34+0200: Error: {"error":"Illegal move 4: A3","field":"moves","id":"q78531"}
2026-07-23 03:23:39+0200: Error: {"error":"Illegal move 4: K7","field":"moves","id":"q78556"}
2026-07-23 03:23:39+0200: Error: {"error":"Illegal move 4: A6","field":"moves","id":"q78557"}
2026-07-23 03:23:39+0200: Error: {"error":"Illegal move 4: A3","field":"moves","id":"q78568"}
2026-07-23 03:23:44+0200: Error: {"error":"Illegal move 4: K7","field":"moves","id":"q78597"}
2026-07-23 03:23:44+0200: Error: {"error":"Illegal move 4: A6","field":"moves","id":"q78598"}
2026-07-23 03:23:44+0200: Error: {"error":"Illegal move 4: A3","field":"moves","id":"q78609"}
2026-07-23 03:23:49+0200: Error: {"error":"Illegal move 2: K7","field":"moves","id":"q78634"}
2026-07-23 03:23:49+0200: Error: {"error":"Illegal move 2: A3","field":"moves","id":"q78646"}
2026-07-23 03:23:51+0200: Error: {"error":"Illegal move 4: K7","field":"moves","id":"q78678"}
2026-07-23 03:23:51+0200: Error: {"error":"Illegal move 4: A3","field":"moves","id":"q78689"}
2026-07-23 03:23:51+0200: Error: {"error":"Illegal move 4: A8","field":"moves","id":"q78701"}
2026-07-23 03:23:51+0200: Error: {"error":"Illegal move 4: K7","field":"moves","id":"q78704"}
2026-07-23 03:23:51+0200: Error: {"error":"Illegal move 4: A6","field":"moves","id":"q78705"}
2026-07-23 03:26:35+0200: Error: {"error":"Illegal move 2: H4","field":"moves","id":"q79159"}
2026-07-23 03:26:38+0200: Error: {"error":"Illegal move 4: H4","field":"moves","id":"q79184"}
2026-07-23 03:26:39+0200: Error: {"error":"Illegal move 4: H4","field":"moves","id":"q79193"}
2026-07-23 03:26:41+0200: Error: {"error":"Illegal move 4: M3","field":"moves","id":"q79244"}
2026-07-23 03:26:56+0200: Error: {"error":"Illegal move 0: M2","field":"moves","id":"q79368"}
2026-07-23 03:26:56+0200: Error: {"error":"Illegal move 0: N1","field":"moves","id":"q79374"}
2026-07-23 03:27:30+0200: Error: {"error":"Illegal move 0: M2","field":"moves","id":"q79389"}
2026-07-23 03:27:30+0200: Error: {"error":"Illegal move 0: N1","field":"moves","id":"q79395"}
2026-07-23 03:30:11+0200: Error: {"error":"Illegal move 2: M2","field":"moves","id":"q79737"}
2026-07-23 03:30:11+0200: Error: {"error":"Illegal move 2: N1","field":"moves","id":"q79743"}
2026-07-23 03:30:14+0200: Error: {"error":"Illegal move 4: M2","field":"moves","id":"q79766"}
2026-07-23 03:30:14+0200: Error: {"error":"Illegal move 4: N1","field":"moves","id":"q79772"}
2026-07-23 03:30:18+0200: Error: {"error":"Illegal move 2: M2","field":"moves","id":"q79794"}
2026-07-23 03:30:18+0200: Error: {"error":"Illegal move 2: N1","field":"moves","id":"q79800"}
2026-07-23 03:44:37+0200: Error: {"error":"Illegal move 0: H2","field":"moves","id":"q82703"}
2026-07-23 03:44:37+0200: Error: {"error":"Illegal move 0: K2","field":"moves","id":"q82704"}
2026-07-23 03:44:37+0200: Error: {"error":"Illegal move 0: J1","field":"moves","id":"q82706"}
2026-07-23 03:44:49+0200: Error: {"error":"Illegal move 0: H2","field":"moves","id":"q82713"}
2026-07-23 03:44:49+0200: Error: {"error":"Illegal move 0: K2","field":"moves","id":"q82714"}
2026-07-23 03:44:49+0200: Error: {"error":"Illegal move 0: J1","field":"moves","id":"q82716"}
2026-07-23 03:45:09+0200: Error: {"error":"Illegal move 0: H2","field":"moves","id":"q82741"}
2026-07-23 03:45:56+0200: Error: {"error":"Illegal move 0: H2","field":"moves","id":"q82776"}
2026-07-23 03:45:56+0200: Error: {"error":"Illegal move 2: H2","field":"moves","id":"q82792"}
2026-07-23 03:45:56+0200: Error: {"error":"Illegal move 2: K2","field":"moves","id":"q82793"}
2026-07-23 03:45:56+0200: Error: {"error":"Illegal move 2: J1","field":"moves","id":"q82795"}
2026-07-23 03:45:56+0200: Error: {"error":"Illegal move 4: H2","field":"moves","id":"q82803"}
2026-07-23 03:45:56+0200: Error: {"error":"Illegal move 4: K2","field":"moves","id":"q82804"}
2026-07-23 03:45:56+0200: Error: {"error":"Illegal move 4: J1","field":"moves","id":"q82806"}
2026-07-23 03:45:57+0200: Error: {"error":"Illegal move 4: H2","field":"moves","id":"q82809"}
2026-07-23 03:45:57+0200: Error: {"error":"Illegal move 4: K2","field":"moves","id":"q82810"}
2026-07-23 03:45:57+0200: Error: {"error":"Illegal move 4: J1","field":"moves","id":"q82812"}
2026-07-23 03:45:57+0200: Error: {"error":"Illegal move 4: L1","field":"moves","id":"q82813"}
2026-07-23 03:45:57+0200: Error: {"error":"Illegal move 4: H2","field":"moves","id":"q82816"}
2026-07-23 03:45:57+0200: Error: {"error":"Illegal move 4: K2","field":"moves","id":"q82817"}
2026-07-23 03:45:57+0200: Error: {"error":"Illegal move 4: J1","field":"moves","id":"q82818"}
2026-07-23 03:45:57+0200: Error: {"error":"Illegal move 4: L1","field":"moves","id":"q82819"}
2026-07-23 03:45:57+0200: Error: {"error":"Illegal move 2: H2","field":"moves","id":"q82823"}
2026-07-23 03:45:58+0200: Error: {"error":"Illegal move 4: H2","field":"moves","id":"q82836"}
2026-07-23 03:45:58+0200: Error: {"error":"Illegal move 4: K2","field":"moves","id":"q82837"}
2026-07-23 03:45:58+0200: Error: {"error":"Illegal move 4: J1","field":"moves","id":"q82839"}
2026-07-23 03:48:01+0200: Error: {"error":"Illegal move 4: G10","field":"moves","id":"q83087"}
2026-07-23 03:49:04+0200: Error: {"error":"Illegal move 4: G10","field":"moves","id":"q83488"}
2026-07-23 03:49:13+0200: Error: {"error":"Illegal move 4: H9","field":"moves","id":"q83551"}
2026-07-23 03:52:01+0200: Error: {"error":"Illegal move 4: B5","field":"moves","id":"q84149"}
2026-07-23 03:57:15+0200: Error: {"error":"Illegal move 4: B5","field":"moves","id":"q85045"}
2026-07-23 03:57:23+0200: Error: {"error":"Illegal move 2: B5","field":"moves","id":"q85100"}
2026-07-23 03:57:29+0200: Error: {"error":"Illegal move 4: B5","field":"moves","id":"q85157"}
2026-07-23 03:57:36+0200: Error: {"error":"Illegal move 4: B5","field":"moves","id":"q85212"}
2026-07-23 03:58:18+0200: Error: {"error":"Illegal move 0: N1","field":"moves","id":"q85543"}
2026-07-23 03:58:37+0200: Error: {"error":"Illegal move 0: N1","field":"moves","id":"q85556"}
2026-07-23 04:03:09+0200: Error: {"error":"Illegal move 0: C12","field":"moves","id":"q86517"}
2026-07-23 04:04:17+0200: Error: {"error":"Illegal move 0: C12","field":"moves","id":"q86558"}
2026-07-23 04:04:17+0200: Error: {"error":"Illegal move 2: C12","field":"moves","id":"q86599"}
2026-07-23 04:04:20+0200: Error: {"error":"Illegal move 4: C12","field":"moves","id":"q86636"}
2026-07-23 04:04:25+0200: Error: {"error":"Illegal move 4: C12","field":"moves","id":"q86670"}
2026-07-23 04:04:29+0200: Error: {"error":"Illegal move 4: C12","field":"moves","id":"q86703"}
2026-07-23 04:04:32+0200: Error: {"error":"Illegal move 2: C12","field":"moves","id":"q86724"}
2026-07-23 04:04:34+0200: Error: {"error":"Illegal move 2: C12","field":"moves","id":"q86753"}
2026-07-23 04:04:37+0200: Error: {"error":"Illegal move 4: C12","field":"moves","id":"q86792"}
2026-07-23 04:04:38+0200: Error: {"error":"Illegal move 4: C12","field":"moves","id":"q86826"}
2026-07-23 04:05:54+0200: Error: {"error":"Illegal move 0: C12","field":"moves","id":"q86920"}
2026-07-23 04:08:11+0200: Error: {"error":"Illegal move 0: C12","field":"moves","id":"q87485"}
2026-07-23 04:08:12+0200: Error: {"error":"Illegal move 2: C12","field":"moves","id":"q87528"}
2026-07-23 04:08:16+0200: Error: {"error":"Illegal move 4: C12","field":"moves","id":"q87565"}
2026-07-23 04:08:22+0200: Error: {"error":"Illegal move 4: C12","field":"moves","id":"q87601"}
2026-07-23 04:08:27+0200: Error: {"error":"Illegal move 4: C12","field":"moves","id":"q87636"}
2026-07-23 04:08:32+0200: Error: {"error":"Illegal move 2: C12","field":"moves","id":"q87670"}
2026-07-23 04:08:37+0200: Error: {"error":"Illegal move 4: C12","field":"moves","id":"q87707"}
2026-07-23 04:08:43+0200: Error: {"error":"Illegal move 2: C12","field":"moves","id":"q87740"}
2026-07-23 04:08:48+0200: Error: {"error":"Illegal move 4: C12","field":"moves","id":"q87779"}
2026-07-23 04:08:53+0200: Error: {"error":"Illegal move 4: C12","field":"moves","id":"q87814"}
2026-07-23 04:08:57+0200: Error: {"error":"Illegal move 4: C12","field":"moves","id":"q87849"}
2026-07-23 04:10:10+0200: Error: {"error":"Illegal move 4: K1","field":"moves","id":"q87992"}
2026-07-23 04:12:13+0200: Error: {"error":"Illegal move 2: D6","field":"moves","id":"q88150"}
2026-07-23 04:12:26+0200: Error: {"error":"Illegal move 4: D6","field":"moves","id":"q88239"}
2026-07-23 04:12:32+0200: Error: {"error":"Illegal move 4: D6","field":"moves","id":"q88282"}
2026-07-23 04:12:37+0200: Error: {"error":"Illegal move 2: D6","field":"moves","id":"q88325"}
2026-07-23 04:12:43+0200: Error: {"error":"Illegal move 4: D6","field":"moves","id":"q88369"}
2026-07-23 04:12:50+0200: Error: {"error":"Illegal move 4: D6","field":"moves","id":"q88412"}
2026-07-23 04:12:56+0200: Error: {"error":"Illegal move 2: D6","field":"moves","id":"q88457"}
2026-07-23 04:13:07+0200: Error: {"error":"Illegal move 4: D6","field":"moves","id":"q88546"}
2026-07-23 04:13:13+0200: Error: {"error":"Illegal move 4: D6","field":"moves","id":"q88586"}
2026-07-23 04:13:14+0200: Error: {"error":"Illegal move 0: G3","field":"moves","id":"q88639"}
2026-07-23 04:13:14+0200: Error: {"error":"Illegal move 0: F2","field":"moves","id":"q88641"}
2026-07-23 04:14:09+0200: Error: {"error":"Illegal move 0: G3","field":"moves","id":"q88669"}
2026-07-23 04:14:09+0200: Error: {"error":"Illegal move 0: F2","field":"moves","id":"q88671"}
2026-07-23 04:15:29+0200: Error: {"error":"Illegal move 0: G3","field":"moves","id":"q88752"}
2026-07-23 04:15:29+0200: Error: {"error":"Illegal move 0: F2","field":"moves","id":"q88754"}
2026-07-23 04:17:04+0200: Error: {"error":"Illegal move 4: D6","field":"moves","id":"q89083"}
2026-07-23 04:17:10+0200: Error: {"error":"Illegal move 4: D6","field":"moves","id":"q89129"}
2026-07-23 04:17:16+0200: Error: {"error":"Illegal move 4: D6","field":"moves","id":"q89175"}
2026-07-23 04:17:22+0200: Error: {"error":"Illegal move 0: G3","field":"moves","id":"q89230"}
2026-07-23 04:17:22+0200: Error: {"error":"Illegal move 0: F2","field":"moves","id":"q89232"}
2026-07-23 04:17:22+0200: Error: {"error":"Illegal move 2: G3","field":"moves","id":"q89277"}
2026-07-23 04:17:22+0200: Error: {"error":"Illegal move 2: F2","field":"moves","id":"q89279"}
2026-07-23 04:17:27+0200: Error: {"error":"Illegal move 4: G3","field":"moves","id":"q89322"}
2026-07-23 04:17:27+0200: Error: {"error":"Illegal move 4: F2","field":"moves","id":"q89324"}
2026-07-23 04:17:27+0200: Error: {"error":"Illegal move 4: E1","field":"moves","id":"q89328"}
2026-07-23 04:17:32+0200: Error: {"error":"Illegal move 4: G3","field":"moves","id":"q89364"}
2026-07-23 04:17:32+0200: Error: {"error":"Illegal move 4: F2","field":"moves","id":"q89365"}
2026-07-23 04:17:37+0200: Error: {"error":"Illegal move 2: G3","field":"moves","id":"q89397"}
2026-07-23 04:17:37+0200: Error: {"error":"Illegal move 2: F2","field":"moves","id":"q89399"}
2026-07-23 04:17:38+0200: Error: {"error":"Illegal move 4: G3","field":"moves","id":"q89442"}
2026-07-23 04:17:38+0200: Error: {"error":"Illegal move 4: F2","field":"moves","id":"q89444"}
2026-07-23 04:17:38+0200: Error: {"error":"Illegal move 4: E1","field":"moves","id":"q89448"}
2026-07-23 04:17:42+0200: Error: {"error":"Illegal move 4: G3","field":"moves","id":"q89483"}
2026-07-23 04:17:42+0200: Error: {"error":"Illegal move 4: F2","field":"moves","id":"q89485"}
2026-07-23 04:17:46+0200: Error: {"error":"Illegal move 0: H5","field":"moves","id":"q89509"}
2026-07-23 04:18:39+0200: Error: {"error":"Illegal move 0: H5","field":"moves","id":"q89536"}
2026-07-23 04:18:39+0200: Error: {"error":"Illegal move 2: H5","field":"moves","id":"q89565"}
2026-07-23 04:18:42+0200: Error: {"error":"Illegal move 4: H5","field":"moves","id":"q89589"}
2026-07-23 04:18:46+0200: Error: {"error":"Illegal move 4: H5","field":"moves","id":"q89607"}
2026-07-23 04:18:49+0200: Error: {"error":"Illegal move 2: H5","field":"moves","id":"q89628"}
2026-07-23 04:18:52+0200: Error: {"error":"Illegal move 4: H5","field":"moves","id":"q89658"}
2026-07-23 04:18:55+0200: Error: {"error":"Illegal move 4: H5","field":"moves","id":"q89673"}
2026-07-23 04:19:51+0200: Error: {"error":"Illegal move 0: H5","field":"moves","id":"q89731"}
2026-07-23 04:21:49+0200: Error: {"error":"Illegal move 0: H5","field":"moves","id":"q90152"}
2026-07-23 04:21:49+0200: Error: {"error":"Illegal move 2: H5","field":"moves","id":"q90189"}
2026-07-23 04:21:54+0200: Error: {"error":"Illegal move 4: H5","field":"moves","id":"q90224"}
2026-07-23 04:21:57+0200: Error: {"error":"Illegal move 4: H5","field":"moves","id":"q90243"}
2026-07-23 04:22:00+0200: Error: {"error":"Illegal move 4: H5","field":"moves","id":"q90262"}
2026-07-23 04:22:05+0200: Error: {"error":"Illegal move 2: H5","field":"moves","id":"q90293"}
2026-07-23 04:22:08+0200: Error: {"error":"Illegal move 4: H5","field":"moves","id":"q90326"}
2026-07-23 04:22:12+0200: Error: {"error":"Illegal move 4: H5","field":"moves","id":"q90355"}
2026-07-23 04:22:16+0200: Error: {"error":"Illegal move 4: H5","field":"moves","id":"q90384"}
2026-07-23 04:22:20+0200: Error: {"error":"Illegal move 2: H5","field":"moves","id":"q90413"}
2026-07-23 04:22:23+0200: Error: {"error":"Illegal move 4: H5","field":"moves","id":"q90446"}
2026-07-23 04:22:23+0200: Error: {"error":"Illegal move 4: H5","field":"moves","id":"q90475"}
2026-07-23 04:22:27+0200: Error: {"error":"Illegal move 4: H5","field":"moves","id":"q90502"}
2026-07-23 04:23:30+0200: Error: {"error":"Illegal move 0: L10","field":"moves","id":"q90756"}
2026-07-23 04:23:52+0200: Error: {"error":"Illegal move 0: L10","field":"moves","id":"q90769"}
2026-07-23 04:24:27+0200: Error: {"error":"Illegal move 0: L10","field":"moves","id":"q90809"}
2026-07-23 04:25:11+0200: Error: {"error":"Illegal move 0: L10","field":"moves","id":"q90931"}
2026-07-23 04:25:11+0200: Error: {"error":"Illegal move 2: L10","field":"moves","id":"q90956"}
2026-07-23 04:25:13+0200: Error: {"error":"Illegal move 2: L10","field":"moves","id":"q90973"}
2026-07-23 04:25:15+0200: Error: {"error":"Illegal move 0: N11","field":"moves","id":"q90981"}
2026-07-23 04:25:57+0200: Error: {"error":"Illegal move 0: N11","field":"moves","id":"q91010"}
2026-07-23 04:25:57+0200: Error: {"error":"Illegal move 2: N11","field":"moves","id":"q91042"}
2026-07-23 04:26:01+0200: Error: {"error":"Illegal move 4: N11","field":"moves","id":"q91075"}
2026-07-23 04:26:06+0200: Error: {"error":"Illegal move 4: N11","field":"moves","id":"q91106"}
2026-07-23 04:26:10+0200: Error: {"error":"Illegal move 4: N11","field":"moves","id":"q91134"}
2026-07-23 04:26:14+0200: Error: {"error":"Illegal move 2: J12","field":"moves","id":"q91162"}
2026-07-23 04:26:14+0200: Error: {"error":"Illegal move 2: N11","field":"moves","id":"q91167"}
2026-07-23 04:26:19+0200: Error: {"error":"Illegal move 4: J12","field":"moves","id":"q91196"}
2026-07-23 04:26:19+0200: Error: {"error":"Illegal move 4: N11","field":"moves","id":"q91201"}
2026-07-23 04:26:22+0200: Error: {"error":"Illegal move 4: J12","field":"moves","id":"q91219"}
2026-07-23 04:26:22+0200: Error: {"error":"Illegal move 4: N11","field":"moves","id":"q91224"}
2026-07-23 04:26:26+0200: Error: {"error":"Illegal move 4: J12","field":"moves","id":"q91243"}
2026-07-23 04:26:26+0200: Error: {"error":"Illegal move 4: N11","field":"moves","id":"q91247"}
2026-07-23 04:26:29+0200: Error: {"error":"Illegal move 2: J12","field":"moves","id":"q91264"}
2026-07-23 04:26:29+0200: Error: {"error":"Illegal move 2: N11","field":"moves","id":"q91269"}
2026-07-23 04:26:33+0200: Error: {"error":"Illegal move 4: J12","field":"moves","id":"q91292"}
2026-07-23 04:26:33+0200: Error: {"error":"Illegal move 4: N11","field":"moves","id":"q91297"}
2026-07-23 04:26:37+0200: Error: {"error":"Illegal move 4: J12","field":"moves","id":"q91322"}
2026-07-23 04:26:37+0200: Error: {"error":"Illegal move 4: N11","field":"moves","id":"q91326"}
2026-07-23 04:26:41+0200: Error: {"error":"Illegal move 4: J12","field":"moves","id":"q91351"}
2026-07-23 04:26:41+0200: Error: {"error":"Illegal move 4: N11","field":"moves","id":"q91355"}
2026-07-23 04:27:25+0200: Error: {"error":"Illegal move 0: J12","field":"moves","id":"q91418"}
2026-07-23 04:27:25+0200: Error: {"error":"Illegal move 0: N11","field":"moves","id":"q91419"}
2026-07-23 04:29:09+0200: Error: {"error":"Illegal move 0: J12","field":"moves","id":"q91498"}
2026-07-23 04:29:09+0200: Error: {"error":"Illegal move 0: N11","field":"moves","id":"q91499"}
2026-07-23 04:29:29+0200: Error: {"error":"Illegal move 0: H12","field":"moves","id":"q91700"}
2026-07-23 04:30:25+0200: Error: {"error":"Illegal move 0: H12","field":"moves","id":"q91730"}
2026-07-23 04:30:25+0200: Error: {"error":"Illegal move 2: H12","field":"moves","id":"q91759"}
2026-07-23 04:30:29+0200: Error: {"error":"Illegal move 4: H12","field":"moves","id":"q91785"}
2026-07-23 04:30:32+0200: Error: {"error":"Illegal move 4: H12","field":"moves","id":"q91808"}
2026-07-23 04:30:35+0200: Error: {"error":"Illegal move 4: H12","field":"moves","id":"q91832"}
2026-07-23 04:30:37+0200: Error: {"error":"Illegal move 2: H12","field":"moves","id":"q91853"}
2026-07-23 04:30:40+0200: Error: {"error":"Illegal move 4: H12","field":"moves","id":"q91879"}
2026-07-23 04:30:43+0200: Error: {"error":"Illegal move 4: H12","field":"moves","id":"q91904"}
2026-07-23 04:30:45+0200: Error: {"error":"Illegal move 4: H12","field":"moves","id":"q91923"}
2026-07-23 04:30:47+0200: Error: {"error":"Illegal move 2: H12","field":"moves","id":"q91943"}
2026-07-23 04:30:49+0200: Error: {"error":"Illegal move 4: H12","field":"moves","id":"q91970"}
2026-07-23 04:30:52+0200: Error: {"error":"Illegal move 4: H12","field":"moves","id":"q91996"}
2026-07-23 04:30:56+0200: Error: {"error":"Illegal move 4: H12","field":"moves","id":"q92021"}
2026-07-23 04:30:59+0200: Error: {"error":"Illegal move 0: J8","field":"moves","id":"q92051"}
2026-07-23 04:31:29+0200: Error: {"error":"Illegal move 0: J8","field":"moves","id":"q92067"}
2026-07-23 04:31:29+0200: Error: {"error":"Illegal move 0: H12","field":"moves","id":"q92076"}
2026-07-23 04:32:07+0200: Error: {"error":"Illegal move 0: J8","field":"moves","id":"q92109"}
2026-07-23 04:32:46+0200: Error: {"error":"Illegal move 0: H12","field":"moves","id":"q92135"}
2026-07-23 04:32:46+0200: Error: {"error":"Illegal move 0: J8","field":"moves","id":"q92168"}
2026-07-23 04:32:46+0200: Error: {"error":"Illegal move 2: J8","field":"moves","id":"q92193"}
2026-07-23 04:32:49+0200: Error: {"error":"Illegal move 4: J8","field":"moves","id":"q92216"}
2026-07-23 04:32:52+0200: Error: {"error":"Illegal move 4: J8","field":"moves","id":"q92233"}
2026-07-23 04:32:54+0200: Error: {"error":"Illegal move 4: J8","field":"moves","id":"q92251"}
2026-07-23 04:32:56+0200: Error: {"error":"Illegal move 2: J8","field":"moves","id":"q92271"}
2026-07-23 04:32:58+0200: Error: {"error":"Illegal move 4: J8","field":"moves","id":"q92288"}
2026-07-23 04:33:00+0200: Error: {"error":"Illegal move 4: J8","field":"moves","id":"q92300"}
2026-07-23 04:33:02+0200: Error: {"error":"Illegal move 4: J8","field":"moves","id":"q92313"}
2026-07-23 04:33:04+0200: Error: {"error":"Illegal move 2: J8","field":"moves","id":"q92328"}
2026-07-23 04:33:06+0200: Error: {"error":"Illegal move 4: J8","field":"moves","id":"q92345"}
2026-07-23 04:33:08+0200: Error: {"error":"Illegal move 4: J8","field":"moves","id":"q92359"}
2026-07-23 04:33:10+0200: Error: {"error":"Illegal move 0: N1","field":"moves","id":"q92373"}
2026-07-23 04:33:31+0200: Error: {"error":"Illegal move 0: N1","field":"moves","id":"q92384"}
2026-07-23 04:35:35+0200: Error: {"error":"Illegal move 4: J2","field":"moves","id":"q92606"}
2026-07-23 04:35:36+0200: Error: {"error":"Illegal move 4: J2","field":"moves","id":"q92621"}
2026-07-23 04:35:45+0200: Error: {"error":"Illegal move 4: J2","field":"moves","id":"q92715"}
2026-07-23 04:35:50+0200: Error: {"error":"Illegal move 0: M1","field":"moves","id":"q92764"}
2026-07-23 04:36:20+0200: Error: {"error":"Illegal move 0: M1","field":"moves","id":"q92785"}
2026-07-23 04:36:20+0200: Error: {"error":"Illegal move 2: M1","field":"moves","id":"q92804"}
2026-07-23 04:36:21+0200: Error: {"error":"Illegal move 4: M1","field":"moves","id":"q92819"}
2026-07-23 04:36:23+0200: Error: {"error":"Illegal move 4: M1","field":"moves","id":"q92832"}
2026-07-23 04:36:25+0200: Error: {"error":"Illegal move 4: M1","field":"moves","id":"q92846"}
2026-07-23 04:36:26+0200: Error: {"error":"Illegal move 2: M1","field":"moves","id":"q92860"}
2026-07-23 04:36:28+0200: Error: {"error":"Illegal move 4: M1","field":"moves","id":"q92875"}
2026-07-23 04:36:29+0200: Error: {"error":"Illegal move 4: M1","field":"moves","id":"q92890"}
2026-07-23 04:36:31+0200: Error: {"error":"Illegal move 4: M1","field":"moves","id":"q92904"}
2026-07-23 04:36:33+0200: Error: {"error":"Illegal move 2: M1","field":"moves","id":"q92921"}
2026-07-23 04:36:35+0200: Error: {"error":"Illegal move 4: H4","field":"moves","id":"q92933"}
2026-07-23 04:36:35+0200: Error: {"error":"Illegal move 4: G3","field":"moves","id":"q92934"}
2026-07-23 04:36:35+0200: Error: {"error":"Illegal move 4: M1","field":"moves","id":"q92938"}
2026-07-23 04:36:36+0200: Error: {"error":"Illegal move 4: M1","field":"moves","id":"q92951"}
2026-07-23 04:36:38+0200: Error: {"error":"Illegal move 4: H4","field":"moves","id":"q92961"}
2026-07-23 04:36:38+0200: Error: {"error":"Illegal move 4: G3","field":"moves","id":"q92962"}
2026-07-23 04:36:38+0200: Error: {"error":"Illegal move 4: M1","field":"moves","id":"q92967"}
2026-07-23 04:37:08+0200: Error: {"error":"Illegal move 0: M1","field":"moves","id":"q93009"}
2026-07-23 04:37:57+0200: Error: {"error":"Illegal move 4: J2","field":"moves","id":"q93137"}
2026-07-23 04:38:04+0200: Error: {"error":"Illegal move 4: J2","field":"moves","id":"q93206"}
2026-07-23 04:38:15+0200: Error: {"error":"Illegal move 4: J2","field":"moves","id":"q93296"}
2026-07-23 04:38:17+0200: Error: {"error":"Illegal move 0: M1","field":"moves","id":"q93319"}
2026-07-23 04:38:17+0200: Error: {"error":"Illegal move 2: H4","field":"moves","id":"q93333"}
2026-07-23 04:38:17+0200: Error: {"error":"Illegal move 2: G3","field":"moves","id":"q93334"}
2026-07-23 04:38:17+0200: Error: {"error":"Illegal move 2: M1","field":"moves","id":"q93340"}
2026-07-23 04:38:18+0200: Error: {"error":"Illegal move 4: H4","field":"moves","id":"q93352"}
2026-07-23 04:38:18+0200: Error: {"error":"Illegal move 4: G3","field":"moves","id":"q93353"}
2026-07-23 04:38:18+0200: Error: {"error":"Illegal move 4: M1","field":"moves","id":"q93358"}
2026-07-23 04:38:19+0200: Error: {"error":"Illegal move 4: H4","field":"moves","id":"q93369"}
2026-07-23 04:38:19+0200: Error: {"error":"Illegal move 4: G3","field":"moves","id":"q93370"}
2026-07-23 04:38:19+0200: Error: {"error":"Illegal move 4: M1","field":"moves","id":"q93374"}
2026-07-23 04:38:20+0200: Error: {"error":"Illegal move 4: H4","field":"moves","id":"q93384"}
2026-07-23 04:38:20+0200: Error: {"error":"Illegal move 4: G3","field":"moves","id":"q93385"}
2026-07-23 04:38:20+0200: Error: {"error":"Illegal move 4: M1","field":"moves","id":"q93390"}
2026-07-23 04:38:21+0200: Error: {"error":"Illegal move 2: H4","field":"moves","id":"q93401"}
2026-07-23 04:38:21+0200: Error: {"error":"Illegal move 2: G3","field":"moves","id":"q93402"}
2026-07-23 04:38:21+0200: Error: {"error":"Illegal move 2: M1","field":"moves","id":"q93408"}
2026-07-23 04:38:22+0200: Error: {"error":"Illegal move 4: H4","field":"moves","id":"q93420"}
2026-07-23 04:38:22+0200: Error: {"error":"Illegal move 4: G3","field":"moves","id":"q93421"}
2026-07-23 04:38:22+0200: Error: {"error":"Illegal move 4: M1","field":"moves","id":"q93426"}
2026-07-23 04:38:22+0200: Error: {"error":"Illegal move 4: H4","field":"moves","id":"q93436"}
2026-07-23 04:38:22+0200: Error: {"error":"Illegal move 4: G3","field":"moves","id":"q93437"}
2026-07-23 04:38:23+0200: Error: {"error":"Illegal move 4: H4","field":"moves","id":"q93452"}
2026-07-23 04:38:23+0200: Error: {"error":"Illegal move 4: G3","field":"moves","id":"q93453"}
2026-07-23 04:38:23+0200: Error: {"error":"Illegal move 4: M1","field":"moves","id":"q93457"}
2026-07-23 04:38:23+0200: Error: {"error":"Illegal move 2: M1","field":"moves","id":"q93474"}
2026-07-23 04:38:25+0200: Error: {"error":"Illegal move 4: H4","field":"moves","id":"q93487"}
2026-07-23 04:38:25+0200: Error: {"error":"Illegal move 4: G3","field":"moves","id":"q93488"}
2026-07-23 04:38:25+0200: Error: {"error":"Illegal move 4: M1","field":"moves","id":"q93493"}
2026-07-23 04:38:26+0200: Error: {"error":"Illegal move 4: M1","field":"moves","id":"q93508"}
2026-07-23 04:38:28+0200: Error: {"error":"Illegal move 4: H4","field":"moves","id":"q93520"}
2026-07-23 04:38:28+0200: Error: {"error":"Illegal move 4: G3","field":"moves","id":"q93521"}
2026-07-23 04:38:28+0200: Error: {"error":"Illegal move 4: M1","field":"moves","id":"q93526"}
2026-07-23 04:39:35+0200: Error: {"error":"Illegal move 0: M5","field":"moves","id":"q93717"}
2026-07-23 04:40:31+0200: Error: {"error":"Illegal move 0: M5","field":"moves","id":"q93744"}
2026-07-23 04:40:31+0200: Error: {"error":"Illegal move 2: M5","field":"moves","id":"q93770"}
2026-07-23 04:40:35+0200: Error: {"error":"Illegal move 4: M5","field":"moves","id":"q93795"}
2026-07-23 04:40:37+0200: Error: {"error":"Illegal move 4: M5","field":"moves","id":"q93811"}
2026-07-23 04:40:40+0200: Error: {"error":"Illegal move 4: M5","field":"moves","id":"q93824"}
2026-07-23 04:40:42+0200: Error: {"error":"Illegal move 2: M5","field":"moves","id":"q93840"}
2026-07-23 04:40:42+0200: Error: {"error":"Illegal move 2: J3","field":"moves","id":"q93843"}
2026-07-23 04:40:44+0200: Error: {"error":"Illegal move 4: M5","field":"moves","id":"q93856"}
2026-07-23 04:40:44+0200: Error: {"error":"Illegal move 2: M5","field":"moves","id":"q93871"}
2026-07-23 04:41:31+0200: Error: {"error":"Illegal move 0: M5","field":"moves","id":"q93931"}
2026-07-23 04:42:40+0200: Error: {"error":"Illegal move 0: M5","field":"moves","id":"q94006"}
2026-07-23 04:42:41+0200: Error: {"error":"Illegal move 2: M5","field":"moves","id":"q94035"}
2026-07-23 04:42:43+0200: Error: {"error":"Illegal move 4: M5","field":"moves","id":"q94059"}
2026-07-23 04:42:46+0200: Error: {"error":"Illegal move 4: M5","field":"moves","id":"q94080"}
2026-07-23 04:42:51+0200: Error: {"error":"Illegal move 2: M5","field":"moves","id":"q94122"}
2026-07-23 04:42:54+0200: Error: {"error":"Illegal move 4: M5","field":"moves","id":"q94142"}
2026-07-23 04:43:08+0200: Error: {"error":"Illegal move 0: K10","field":"moves","id":"q94237"}
2026-07-23 04:43:08+0200: Error: {"error":"Illegal move 0: M8","field":"moves","id":"q94240"}
2026-07-23 04:43:08+0200: Error: {"error":"Illegal move 0: F6","field":"moves","id":"q94245"}
2026-07-23 04:43:08+0200: Error: {"error":"Illegal move 0: J6","field":"moves","id":"q94246"}
2026-07-23 04:44:39+0200: Error: {"error":"Illegal move 0: K10","field":"moves","id":"q94288"}
2026-07-23 04:44:39+0200: Error: {"error":"Illegal move 0: M8","field":"moves","id":"q94291"}
2026-07-23 04:44:39+0200: Error: {"error":"Illegal move 0: F6","field":"moves","id":"q94296"}
2026-07-23 04:44:39+0200: Error: {"error":"Illegal move 0: J6","field":"moves","id":"q94297"}
2026-07-23 04:44:40+0200: Error: {"error":"Illegal move 2: K10","field":"moves","id":"q94333"}
2026-07-23 04:44:40+0200: Error: {"error":"Illegal move 2: M8","field":"moves","id":"q94336"}
2026-07-23 04:44:40+0200: Error: {"error":"Illegal move 2: F6","field":"moves","id":"q94341"}
2026-07-23 04:44:40+0200: Error: {"error":"Illegal move 2: J6","field":"moves","id":"q94342"}
2026-07-23 04:44:44+0200: Error: {"error":"Illegal move 4: K10","field":"moves","id":"q94382"}
2026-07-23 04:44:44+0200: Error: {"error":"Illegal move 4: M8","field":"moves","id":"q94385"}
2026-07-23 04:44:44+0200: Error: {"error":"Illegal move 4: F6","field":"moves","id":"q94389"}
2026-07-23 04:44:44+0200: Error: {"error":"Illegal move 4: J6","field":"moves","id":"q94390"}
2026-07-23 04:44:49+0200: Error: {"error":"Illegal move 4: K10","field":"moves","id":"q94410"}
2026-07-23 04:44:49+0200: Error: {"error":"Illegal move 4: M8","field":"moves","id":"q94413"}
2026-07-23 04:44:49+0200: Error: {"error":"Illegal move 4: F6","field":"moves","id":"q94417"}
2026-07-23 04:44:49+0200: Error: {"error":"Illegal move 4: J6","field":"moves","id":"q94418"}
2026-07-23 04:44:53+0200: Error: {"error":"Illegal move 4: K10","field":"moves","id":"q94440"}
2026-07-23 04:44:53+0200: Error: {"error":"Illegal move 4: M8","field":"moves","id":"q94443"}
2026-07-23 04:44:53+0200: Error: {"error":"Illegal move 4: F6","field":"moves","id":"q94448"}
2026-07-23 04:44:53+0200: Error: {"error":"Illegal move 4: J6","field":"moves","id":"q94449"}
2026-07-23 04:44:58+0200: Error: {"error":"Illegal move 2: K10","field":"moves","id":"q94474"}
2026-07-23 04:44:58+0200: Error: {"error":"Illegal move 2: M8","field":"moves","id":"q94477"}
2026-07-23 04:44:58+0200: Error: {"error":"Illegal move 2: F6","field":"moves","id":"q94482"}
2026-07-23 04:44:58+0200: Error: {"error":"Illegal move 2: J6","field":"moves","id":"q94483"}
2026-07-23 04:45:02+0200: Error: {"error":"Illegal move 4: K10","field":"moves","id":"q94523"}
2026-07-23 04:45:02+0200: Error: {"error":"Illegal move 4: M8","field":"moves","id":"q94526"}
2026-07-23 04:45:02+0200: Error: {"error":"Illegal move 4: F6","field":"moves","id":"q94530"}
2026-07-23 04:45:02+0200: Error: {"error":"Illegal move 4: J6","field":"moves","id":"q94531"}
2026-07-23 04:45:06+0200: Error: {"error":"Illegal move 4: K10","field":"moves","id":"q94552"}
2026-07-23 04:45:06+0200: Error: {"error":"Illegal move 4: M8","field":"moves","id":"q94555"}
2026-07-23 04:45:06+0200: Error: {"error":"Illegal move 4: F6","field":"moves","id":"q94560"}
2026-07-23 04:45:06+0200: Error: {"error":"Illegal move 4: J6","field":"moves","id":"q94561"}
2026-07-23 04:45:11+0200: Error: {"error":"Illegal move 4: K10","field":"moves","id":"q94585"}
2026-07-23 04:45:11+0200: Error: {"error":"Illegal move 4: M8","field":"moves","id":"q94588"}
2026-07-23 04:45:11+0200: Error: {"error":"Illegal move 4: F6","field":"moves","id":"q94592"}
2026-07-23 04:45:11+0200: Error: {"error":"Illegal move 4: J6","field":"moves","id":"q94593"}
2026-07-23 04:45:16+0200: Error: {"error":"Illegal move 2: K10","field":"moves","id":"q94618"}
2026-07-23 04:45:16+0200: Error: {"error":"Illegal move 2: M8","field":"moves","id":"q94621"}
2026-07-23 04:45:16+0200: Error: {"error":"Illegal move 2: F6","field":"moves","id":"q94626"}
2026-07-23 04:45:16+0200: Error: {"error":"Illegal move 2: J6","field":"moves","id":"q94627"}
2026-07-23 04:45:21+0200: Error: {"error":"Illegal move 4: K10","field":"moves","id":"q94667"}
2026-07-23 04:45:21+0200: Error: {"error":"Illegal move 4: M8","field":"moves","id":"q94670"}
2026-07-23 04:45:21+0200: Error: {"error":"Illegal move 4: F6","field":"moves","id":"q94674"}
2026-07-23 04:45:21+0200: Error: {"error":"Illegal move 4: J6","field":"moves","id":"q94675"}
2026-07-23 04:45:25+0200: Error: {"error":"Illegal move 4: K10","field":"moves","id":"q94695"}
2026-07-23 04:45:25+0200: Error: {"error":"Illegal move 4: M8","field":"moves","id":"q94698"}
2026-07-23 04:45:25+0200: Error: {"error":"Illegal move 4: F6","field":"moves","id":"q94702"}
2026-07-23 04:45:25+0200: Error: {"error":"Illegal move 4: J6","field":"moves","id":"q94703"}
2026-07-23 04:45:29+0200: Error: {"error":"Illegal move 4: K10","field":"moves","id":"q94724"}
2026-07-23 04:45:29+0200: Error: {"error":"Illegal move 4: M8","field":"moves","id":"q94726"}
2026-07-23 04:45:29+0200: Error: {"error":"Illegal move 4: F6","field":"moves","id":"q94731"}
2026-07-23 04:45:29+0200: Error: {"error":"Illegal move 4: J6","field":"moves","id":"q94732"}
2026-07-23 04:46:51+0200: Error: {"error":"Illegal move 0: M8","field":"moves","id":"q94809"}
2026-07-23 04:46:51+0200: Error: {"error":"Illegal move 0: F6","field":"moves","id":"q94814"}
2026-07-23 04:46:51+0200: Error: {"error":"Illegal move 0: J6","field":"moves","id":"q94815"}
2026-07-23 04:49:18+0200: Error: {"error":"Illegal move 0: M8","field":"moves","id":"q95485"}
2026-07-23 04:49:18+0200: Error: {"error":"Illegal move 0: F6","field":"moves","id":"q95490"}
2026-07-23 04:49:18+0200: Error: {"error":"Illegal move 0: J6","field":"moves","id":"q95491"}
2026-07-23 04:49:19+0200: Error: {"error":"Illegal move 2: M8","field":"moves","id":"q95534"}
2026-07-23 04:49:19+0200: Error: {"error":"Illegal move 2: F6","field":"moves","id":"q95539"}
2026-07-23 04:49:19+0200: Error: {"error":"Illegal move 2: J6","field":"moves","id":"q95540"}
2026-07-23 04:49:23+0200: Error: {"error":"Illegal move 2: K10","field":"moves","id":"q95558"}
2026-07-23 04:49:23+0200: Error: {"error":"Illegal move 2: M8","field":"moves","id":"q95561"}
2026-07-23 04:49:23+0200: Error: {"error":"Illegal move 2: F6","field":"moves","id":"q95566"}
2026-07-23 04:49:23+0200: Error: {"error":"Illegal move 2: J6","field":"moves","id":"q95567"}
2026-07-23 04:49:27+0200: Error: {"error":"Illegal move 4: K10","field":"moves","id":"q95606"}
2026-07-23 04:49:27+0200: Error: {"error":"Illegal move 4: M8","field":"moves","id":"q95609"}
2026-07-23 04:49:27+0200: Error: {"error":"Illegal move 4: F6","field":"moves","id":"q95614"}
2026-07-23 04:49:27+0200: Error: {"error":"Illegal move 4: J6","field":"moves","id":"q95615"}
2026-07-23 04:49:32+0200: Error: {"error":"Illegal move 4: K10","field":"moves","id":"q95652"}
2026-07-23 04:49:32+0200: Error: {"error":"Illegal move 4: M8","field":"moves","id":"q95655"}
2026-07-23 04:49:32+0200: Error: {"error":"Illegal move 4: F6","field":"moves","id":"q95660"}
2026-07-23 04:49:32+0200: Error: {"error":"Illegal move 4: J6","field":"moves","id":"q95661"}
2026-07-23 04:49:39+0200: Error: {"error":"Illegal move 4: M8","field":"moves","id":"q95701"}
2026-07-23 04:49:39+0200: Error: {"error":"Illegal move 4: F6","field":"moves","id":"q95706"}
2026-07-23 04:49:39+0200: Error: {"error":"Illegal move 4: J6","field":"moves","id":"q95707"}
2026-07-23 04:49:46+0200: Error: {"error":"Illegal move 0: E3","field":"moves","id":"q95740"}
2026-07-23 04:49:46+0200: Error: {"error":"Illegal move 0: A1","field":"moves","id":"q95741"}
2026-07-23 04:50:05+0200: Error: {"error":"Illegal move 0: E3","field":"moves","id":"q95753"}
2026-07-23 04:50:05+0200: Error: {"error":"Illegal move 0: A1","field":"moves","id":"q95754"}
2026-07-23 04:50:05+0200: Error: {"error":"Illegal move 0: E3","field":"moves","id":"q95766"}
2026-07-23 04:50:56+0200: Error: {"error":"Illegal move 0: E3","field":"moves","id":"q95801"}
2026-07-23 04:59:38+0200: Error: {"error":"Illegal move 4: F7","field":"moves","id":"q97087"}
2026-07-23 04:59:41+0200: Error: {"error":"Illegal move 4: F7","field":"moves","id":"q97108"}
2026-07-23 04:59:51+0200: Error: {"error":"Illegal move 4: F7","field":"moves","id":"q97184"}
2026-07-23 04:59:54+0200: Error: {"error":"Illegal move 4: F7","field":"moves","id":"q97204"}
2026-07-23 05:00:01+0200: Error: {"error":"Illegal move 0: D1","field":"moves","id":"q97255"}
2026-07-23 05:00:50+0200: Error: {"error":"Illegal move 0: D1","field":"moves","id":"q97288"}
2026-07-23 05:00:50+0200: Error: {"error":"Illegal move 2: D1","field":"moves","id":"q97320"}
2026-07-23 05:00:54+0200: Error: {"error":"Illegal move 4: D1","field":"moves","id":"q97346"}
2026-07-23 05:00:57+0200: Error: {"error":"Illegal move 4: D1","field":"moves","id":"q97369"}
2026-07-23 05:01:01+0200: Error: {"error":"Illegal move 4: D1","field":"moves","id":"q97393"}
2026-07-23 05:01:04+0200: Error: {"error":"Illegal move 2: D1","field":"moves","id":"q97419"}
2026-07-23 05:01:05+0200: Error: {"error":"Illegal move 4: D1","field":"moves","id":"q97441"}
2026-07-23 05:01:08+0200: Error: {"error":"Illegal move 4: D1","field":"moves","id":"q97465"}
2026-07-23 05:01:09+0200: Error: {"error":"Illegal move 2: D1","field":"moves","id":"q97491"}
2026-07-23 05:01:11+0200: Error: {"error":"Illegal move 0: D1","field":"moves","id":"q97516"}
2026-07-23 05:03:42+0200: Error: {"error":"Illegal move 0: D1","field":"moves","id":"q97623"}
2026-07-23 05:03:42+0200: Error: {"error":"Illegal move 2: D1","field":"moves","id":"q97654"}
2026-07-23 05:03:45+0200: Error: {"error":"Illegal move 2: D1","field":"moves","id":"q97678"}
2026-07-23 05:03:49+0200: Error: {"error":"Illegal move 4: D1","field":"moves","id":"q97705"}
2026-07-23 05:03:52+0200: Error: {"error":"Illegal move 4: D1","field":"moves","id":"q97731"}
2026-07-23 05:03:56+0200: Error: {"error":"Illegal move 4: D1","field":"moves","id":"q97756"}
2026-07-23 05:03:59+0200: Error: {"error":"Illegal move 2: D1","field":"moves","id":"q97783"}
2026-07-23 05:04:01+0200: Error: {"error":"Illegal move 4: D1","field":"moves","id":"q97804"}
2026-07-23 05:04:37+0200: Error: {"error":"Illegal move 0: L7","field":"moves","id":"q98089"}
2026-07-23 05:05:53+0200: Error: {"error":"Illegal move 0: L7","field":"moves","id":"q98131"}
2026-07-23 05:05:53+0200: Error: {"error":"Illegal move 2: L7","field":"moves","id":"q98174"}
2026-07-23 05:05:57+0200: Error: {"error":"Illegal move 2: L7","field":"moves","id":"q98206"}
2026-07-23 05:07:46+0200: Error: {"error":"Illegal move 0: L7","field":"moves","id":"q98599"}
2026-07-23 05:09:54+0200: Error: {"error":"Illegal move 0: L7","field":"moves","id":"q98695"}
2026-07-23 05:09:54+0200: Error: {"error":"Illegal move 2: L7","field":"moves","id":"q98730"}
2026-07-23 05:09:59+0200: Error: {"error":"Illegal move 4: H9","field":"moves","id":"q98759"}
2026-07-23 05:09:59+0200: Error: {"error":"Illegal move 4: L7","field":"moves","id":"q98763"}
2026-07-23 05:10:02+0200: Error: {"error":"Illegal move 4: H9","field":"moves","id":"q98776"}
2026-07-23 05:10:02+0200: Error: {"error":"Illegal move 4: L7","field":"moves","id":"q98780"}
2026-07-23 05:10:04+0200: Error: {"error":"Illegal move 4: H9","field":"moves","id":"q98793"}
2026-07-23 05:10:04+0200: Error: {"error":"Illegal move 4: L7","field":"moves","id":"q98797"}
2026-07-23 05:10:07+0200: Error: {"error":"Illegal move 2: L7","field":"moves","id":"q98814"}
2026-07-23 05:10:11+0200: Error: {"error":"Illegal move 4: L7","field":"moves","id":"q98845"}
2026-07-23 05:10:15+0200: Error: {"error":"Illegal move 4: L7","field":"moves","id":"q98874"}
2026-07-23 05:10:19+0200: Error: {"error":"Illegal move 4: L7","field":"moves","id":"q98903"}
2026-07-23 05:10:23+0200: Error: {"error":"Illegal move 2: L7","field":"moves","id":"q98933"}
2026-07-23 05:10:27+0200: Error: {"error":"Illegal move 4: L7","field":"moves","id":"q98964"}
2026-07-23 05:10:31+0200: Error: {"error":"Illegal move 4: L7","field":"moves","id":"q98988"}
2026-07-23 05:10:34+0200: Error: {"error":"Illegal move 4: L7","field":"moves","id":"q99014"}
2026-07-23 05:12:11+0200: Error: {"error":"Illegal move 2: M6","field":"moves","id":"q99424"}
2026-07-23 05:12:11+0200: Error: {"error":"Illegal move 2: L5","field":"moves","id":"q99425"}
2026-07-23 05:13:04+0200: Error: {"error":"Illegal move 2: G1","field":"moves","id":"q99504"}
2026-07-23 05:14:59+0200: Error: {"error":"Illegal move 4: M6","field":"moves","id":"q99692"}
2026-07-23 05:14:59+0200: Error: {"error":"Illegal move 4: L5","field":"moves","id":"q99693"}
2026-07-23 05:15:12+0200: Error: {"error":"Illegal move 4: M6","field":"moves","id":"q99793"}
2026-07-23 05:15:16+0200: Error: {"error":"Illegal move 4: M6","field":"moves","id":"q99815"}
2026-07-23 05:15:25+0200: Error: {"error":"Illegal move 0: G13","field":"moves","id":"q99917"}
2026-07-23 05:16:06+0200: Error: {"error":"Illegal move 0: G13","field":"moves","id":"q99942"}
2026-07-23 05:16:06+0200: Error: {"error":"Illegal move 2: D13","field":"moves","id":"q99965"}
2026-07-23 05:16:06+0200: Error: {"error":"Illegal move 2: G13","field":"moves","id":"q99966"}
2026-07-23 05:16:09+0200: Error: {"error":"Illegal move 4: D13","field":"moves","id":"q99991"}
2026-07-23 05:16:09+0200: Error: {"error":"Illegal move 4: G13","field":"moves","id":"q99992"}
2026-07-23 05:16:11+0200: Error: {"error":"Illegal move 4: D13","field":"moves","id":"q100004"}
2026-07-23 05:16:11+0200: Error: {"error":"Illegal move 4: G13","field":"moves","id":"q100005"}
2026-07-23 05:16:13+0200: Error: {"error":"Illegal move 2: G13","field":"moves","id":"q100019"}
2026-07-23 05:16:17+0200: Error: {"error":"Illegal move 4: G13","field":"moves","id":"q100045"}
2026-07-23 05:16:19+0200: Error: {"error":"Illegal move 4: G13","field":"moves","id":"q100059"}
2026-07-23 05:16:21+0200: Error: {"error":"Illegal move 2: D13","field":"moves","id":"q100072"}
2026-07-23 05:16:21+0200: Error: {"error":"Illegal move 2: G13","field":"moves","id":"q100073"}
2026-07-23 05:16:24+0200: Error: {"error":"Illegal move 4: D13","field":"moves","id":"q100096"}
2026-07-23 05:16:24+0200: Error: {"error":"Illegal move 4: G13","field":"moves","id":"q100097"}
2026-07-23 05:16:26+0200: Error: {"error":"Illegal move 4: D13","field":"moves","id":"q100109"}
2026-07-23 05:16:26+0200: Error: {"error":"Illegal move 4: G13","field":"moves","id":"q100110"}
2026-07-23 05:16:28+0200: Error: {"error":"Illegal move 0: A9","field":"moves","id":"q100125"}
2026-07-23 05:17:23+0200: Error: {"error":"Illegal move 0: A9","field":"moves","id":"q100150"}
2026-07-23 05:17:24+0200: Error: {"error":"Illegal move 2: A9","field":"moves","id":"q100174"}
2026-07-23 05:17:27+0200: Error: {"error":"Illegal move 4: A9","field":"moves","id":"q100194"}
2026-07-23 05:17:29+0200: Error: {"error":"Illegal move 2: A9","field":"moves","id":"q100210"}
2026-07-23 05:17:32+0200: Error: {"error":"Illegal move 0: G13","field":"moves","id":"q100228"}
2026-07-23 05:18:07+0200: Error: {"error":"Illegal move 0: A9","field":"moves","id":"q100255"}
2026-07-23 05:18:52+0200: Error: {"error":"Illegal move 0: G13","field":"moves","id":"q100290"}
2026-07-23 05:18:53+0200: Error: {"error":"Illegal move 2: G13","field":"moves","id":"q100314"}
2026-07-23 05:18:55+0200: Error: {"error":"Illegal move 4: G13","field":"moves","id":"q100335"}
2026-07-23 05:18:59+0200: Error: {"error":"Illegal move 4: D13","field":"moves","id":"q100361"}
2026-07-23 05:18:59+0200: Error: {"error":"Illegal move 4: G13","field":"moves","id":"q100362"}
2026-07-23 05:19:00+0200: Error: {"error":"Illegal move 0: A9","field":"moves","id":"q100390"}
2026-07-23 05:19:00+0200: Error: {"error":"Illegal move 2: A9","field":"moves","id":"q100415"}
2026-07-23 05:19:02+0200: Error: {"error":"Illegal move 4: A9","field":"moves","id":"q100440"}
2026-07-23 05:19:04+0200: Error: {"error":"Illegal move 2: A9","field":"moves","id":"q100453"}
2026-07-23 05:19:07+0200: Error: {"error":"Illegal move 4: A9","field":"moves","id":"q100475"}
2026-07-23 05:19:09+0200: Error: {"error":"Illegal move 4: A9","field":"moves","id":"q100488"}
2026-07-23 05:19:11+0200: Error: {"error":"Illegal move 4: A9","field":"moves","id":"q100501"}
2026-07-23 05:19:12+0200: Error: {"error":"Illegal move 2: A9","field":"moves","id":"q100514"}
2026-07-23 05:19:15+0200: Error: {"error":"Illegal move 4: A9","field":"moves","id":"q100537"}
2026-07-23 05:19:15+0200: Error: {"error":"Illegal move 4: A9","field":"moves","id":"q100552"}
2026-07-23 05:19:15+0200: Error: {"error":"Illegal move 4: A9","field":"moves","id":"q100564"}
2026-07-23 05:19:17+0200: Error: {"error":"Illegal move 0: E2","field":"moves","id":"q100583"}
2026-07-23 05:19:53+0200: Error: {"error":"Illegal move 0: E2","field":"moves","id":"q100599"}
2026-07-23 05:22:00+0200: Error: {"error":"Illegal move 4: E2","field":"moves","id":"q100769"}
2026-07-23 05:22:48+0200: Error: {"error":"Illegal move 0: H5","field":"moves","id":"q100946"}
2026-07-23 05:23:14+0200: Error: {"error":"Illegal move 0: H5","field":"moves","id":"q100960"}
2026-07-23 05:23:52+0200: Error: {"error":"Illegal move 0: H5","field":"moves","id":"q100998"}
2026-07-23 05:24:37+0200: Error: {"error":"Illegal move 0: H5","field":"moves","id":"q101059"}
2026-07-23 05:24:38+0200: Error: {"error":"Illegal move 2: H5","field":"moves","id":"q101084"}
2026-07-23 05:24:39+0200: Error: {"error":"Illegal move 4: H5","field":"moves","id":"q101113"}
2026-07-23 05:24:42+0200: Error: {"error":"Illegal move 0: D13","field":"moves","id":"q101131"}
2026-07-23 05:24:42+0200: Error: {"error":"Illegal move 0: H7","field":"moves","id":"q101140"}
2026-07-23 05:24:42+0200: Error: {"error":"Illegal move 0: G6","field":"moves","id":"q101142"}
2026-07-23 05:24:58+0200: Error: {"error":"Illegal move 0: D13","field":"moves","id":"q101146"}
2026-07-23 05:24:58+0200: Error: {"error":"Illegal move 0: H7","field":"moves","id":"q101155"}
2026-07-23 05:24:58+0200: Error: {"error":"Illegal move 0: G6","field":"moves","id":"q101157"}
2026-07-23 05:24:58+0200: Error: {"error":"Illegal move 0: H7","field":"moves","id":"q101168"}
2026-07-23 05:24:58+0200: Error: {"error":"Illegal move 0: G6","field":"moves","id":"q101170"}
2026-07-23 05:25:16+0200: Error: {"error":"Illegal move 0: C9","field":"moves","id":"q101184"}
2026-07-23 05:25:16+0200: Error: {"error":"Illegal move 0: B8","field":"moves","id":"q101185"}
2026-07-23 05:25:33+0200: Error: {"error":"Illegal move 0: H7","field":"moves","id":"q101212"}
2026-07-23 05:25:33+0200: Error: {"error":"Illegal move 0: G6","field":"moves","id":"q101214"}
2026-07-23 05:25:33+0200: Error: {"error":"Illegal move 2: A11","field":"moves","id":"q101225"}
2026-07-23 05:25:33+0200: Error: {"error":"Illegal move 2: H7","field":"moves","id":"q101228"}
2026-07-23 05:25:33+0200: Error: {"error":"Illegal move 2: G6","field":"moves","id":"q101230"}
2026-07-23 05:25:34+0200: Error: {"error":"Illegal move 2: A11","field":"moves","id":"q101236"}
2026-07-23 05:25:34+0200: Error: {"error":"Illegal move 2: H7","field":"moves","id":"q101239"}
2026-07-23 05:25:34+0200: Error: {"error":"Illegal move 2: G6","field":"moves","id":"q101241"}
2026-07-23 05:25:34+0200: Error: {"error":"Illegal move 0: C9","field":"moves","id":"q101250"}
2026-07-23 05:25:34+0200: Error: {"error":"Illegal move 0: B8","field":"moves","id":"q101251"}
2026-07-23 05:26:25+0200: Error: {"error":"Illegal move 2: N13","field":"moves","id":"q101310"}
2026-07-23 05:26:28+0200: Error: {"error":"Illegal move 4: J13","field":"moves","id":"q101327"}
2026-07-23 05:26:28+0200: Error: {"error":"Illegal move 4: N13","field":"moves","id":"q101329"}
2026-07-23 05:26:30+0200: Error: {"error":"Illegal move 4: N13","field":"moves","id":"q101346"}
2026-07-23 05:26:36+0200: Error: {"error":"Illegal move 4: L12","field":"moves","id":"q101384"}
2026-07-23 05:27:46+0200: Error: {"error":"Illegal move 0: M10","field":"moves","id":"q101443"}
2026-07-23 05:28:54+0200: Error: {"error":"Illegal move 0: M10","field":"moves","id":"q101520"}
2026-07-23 05:31:18+0200: Error: {"error":"Illegal move 4: N1","field":"moves","id":"q101864"}
2026-07-23 05:34:20+0200: Error: {"error":"Illegal move 4: K6","field":"moves","id":"q102673"}
2026-07-23 05:34:23+0200: Error: {"error":"Illegal move 4: N1","field":"moves","id":"q102716"}
2026-07-23 05:34:25+0200: Error: {"error":"Illegal move 0: M13","field":"moves","id":"q102734"}
2026-07-23 05:34:25+0200: Error: {"error":"Illegal move 0: N12","field":"moves","id":"q102735"}
2026-07-23 05:34:57+0200: Error: {"error":"Illegal move 0: M13","field":"moves","id":"q102751"}
2026-07-23 05:34:57+0200: Error: {"error":"Illegal move 0: N12","field":"moves","id":"q102752"}
2026-07-23 05:34:57+0200: Error: {"error":"Illegal move 2: M13","field":"moves","id":"q102765"}
2026-07-23 05:34:57+0200: Error: {"error":"Illegal move 2: N12","field":"moves","id":"q102766"}
2026-07-23 05:34:58+0200: Error: {"error":"Illegal move 2: M13","field":"moves","id":"q102774"}
2026-07-23 05:34:58+0200: Error: {"error":"Illegal move 2: N12","field":"moves","id":"q102775"}
2026-07-23 05:36:48+0200: Error: {"error":"Illegal move 2: N12","field":"moves","id":"q102985"}
2026-07-23 05:36:49+0200: Error: {"error":"Illegal move 4: N12","field":"moves","id":"q103002"}
2026-07-23 05:36:51+0200: Error: {"error":"Illegal move 4: N12","field":"moves","id":"q103012"}
2026-07-23 05:36:52+0200: Error: {"error":"Illegal move 4: N12","field":"moves","id":"q103023"}
2026-07-23 05:36:54+0200: Error: {"error":"Illegal move 2: M13","field":"moves","id":"q103033"}
2026-07-23 05:36:54+0200: Error: {"error":"Illegal move 2: N12","field":"moves","id":"q103034"}
2026-07-23 05:36:56+0200: Error: {"error":"Illegal move 4: M13","field":"moves","id":"q103047"}
2026-07-23 05:36:56+0200: Error: {"error":"Illegal move 4: N12","field":"moves","id":"q103048"}
2026-07-23 05:36:57+0200: Error: {"error":"Illegal move 4: M13","field":"moves","id":"q103055"}
2026-07-23 05:36:57+0200: Error: {"error":"Illegal move 4: N12","field":"moves","id":"q103056"}
2026-07-23 05:36:58+0200: Error: {"error":"Illegal move 4: M13","field":"moves","id":"q103064"}
2026-07-23 05:36:58+0200: Error: {"error":"Illegal move 4: N12","field":"moves","id":"q103065"}
2026-07-23 05:40:42+0200: Error: {"error":"Illegal move 4: G2","field":"moves","id":"q103472"}
2026-07-23 05:40:42+0200: Error: {"error":"Illegal move 4: F1","field":"moves","id":"q103474"}
2026-07-23 05:40:45+0200: Error: {"error":"Illegal move 4: G2","field":"moves","id":"q103491"}
2026-07-23 05:40:45+0200: Error: {"error":"Illegal move 4: F1","field":"moves","id":"q103493"}
2026-07-23 05:40:55+0200: Error: {"error":"Illegal move 4: G2","field":"moves","id":"q103588"}
2026-07-23 05:40:55+0200: Error: {"error":"Illegal move 4: F1","field":"moves","id":"q103590"}
2026-07-23 05:40:59+0200: Error: {"error":"Illegal move 4: G2","field":"moves","id":"q103609"}
2026-07-23 05:41:21+0200: Error: {"error":"Illegal move 2: J1","field":"moves","id":"q103811"}
2026-07-23 05:41:21+0200: Error: {"error":"Illegal move 2: L1","field":"moves","id":"q103812"}
2026-07-23 05:41:24+0200: Error: {"error":"Illegal move 4: L1","field":"moves","id":"q103850"}
2026-07-23 05:41:29+0200: Error: {"error":"Illegal move 4: J1","field":"moves","id":"q103886"}
2026-07-23 05:41:29+0200: Error: {"error":"Illegal move 4: L1","field":"moves","id":"q103887"}
2026-07-23 05:41:34+0200: Error: {"error":"Illegal move 4: J1","field":"moves","id":"q103920"}
2026-07-23 05:41:34+0200: Error: {"error":"Illegal move 4: L1","field":"moves","id":"q103921"}
2026-07-23 05:41:54+0200: Error: {"error":"Illegal move 4: E1","field":"moves","id":"q104061"}
2026-07-23 05:43:16+0200: Error: {"error":"Illegal move 0: M10","field":"moves","id":"q104173"}
2026-07-23 05:43:53+0200: Error: {"error":"Illegal move 2: G12","field":"moves","id":"q104239"}
2026-07-23 05:43:59+0200: Error: {"error":"Illegal move 4: G12","field":"moves","id":"q104281"}
2026-07-23 05:44:05+0200: Error: {"error":"Illegal move 4: G12","field":"moves","id":"q104312"}
2026-07-23 05:44:09+0200: Error: {"error":"Illegal move 2: G12","field":"moves","id":"q104341"}
2026-07-23 05:44:15+0200: Error: {"error":"Illegal move 4: G12","field":"moves","id":"q104383"}
2026-07-23 05:44:16+0200: Error: {"error":"Illegal move 4: G12","field":"moves","id":"q104413"}
2026-07-23 05:44:24+0200: Error: {"error":"Illegal move 0: M10","field":"moves","id":"q104472"}
2026-07-23 05:44:24+0200: Error: {"error":"Illegal move 2: M10","field":"moves","id":"q104511"}
2026-07-23 05:44:24+0200: Error: {"error":"Illegal move 2: N9","field":"moves","id":"q104513"}
2026-07-23 05:44:28+0200: Error: {"error":"Illegal move 2: M10","field":"moves","id":"q104527"}
2026-07-23 05:44:28+0200: Error: {"error":"Illegal move 2: N9","field":"moves","id":"q104529"}
2026-07-23 05:44:32+0200: Error: {"error":"Illegal move 4: J10","field":"moves","id":"q104554"}
2026-07-23 05:44:32+0200: Error: {"error":"Illegal move 4: M10","field":"moves","id":"q104555"}
2026-07-23 05:44:32+0200: Error: {"error":"Illegal move 4: N9","field":"moves","id":"q104557"}
2026-07-23 05:44:34+0200: Error: {"error":"Illegal move 4: J10","field":"moves","id":"q104572"}
2026-07-23 05:44:34+0200: Error: {"error":"Illegal move 4: M10","field":"moves","id":"q104573"}
2026-07-23 05:44:34+0200: Error: {"error":"Illegal move 4: N9","field":"moves","id":"q104575"}
2026-07-23 05:44:37+0200: Error: {"error":"Illegal move 0: J8","field":"moves","id":"q104583"}
2026-07-23 05:45:47+0200: Error: {"error":"Illegal move 0: J8","field":"moves","id":"q104638"}
2026-07-23 05:45:51+0200: Error: {"error":"Illegal move 4: B7","field":"moves","id":"q104748"}
2026-07-23 05:45:58+0200: Error: {"error":"Illegal move 4: B7","field":"moves","id":"q104799"}
2026-07-23 05:46:12+0200: Error: {"error":"Illegal move 2: J8","field":"moves","id":"q104899"}
2026-07-23 05:46:18+0200: Error: {"error":"Illegal move 4: J8","field":"moves","id":"q104952"}
2026-07-23 05:46:24+0200: Error: {"error":"Illegal move 4: J8","field":"moves","id":"q105001"}
2026-07-23 05:46:31+0200: Error: {"error":"Illegal move 4: J8","field":"moves","id":"q105050"}
2026-07-23 05:46:31+0200: Error: {"error":"Illegal move 4: B7","field":"moves","id":"q105051"}
2026-07-23 05:46:38+0200: Error: {"error":"Illegal move 2: J8","field":"moves","id":"q105100"}
2026-07-23 05:46:41+0200: Error: {"error":"Illegal move 4: J8","field":"moves","id":"q105153"}
2026-07-23 05:46:42+0200: Error: {"error":"Illegal move 4: B7","field":"moves","id":"q105203"}
2026-07-23 05:46:43+0200: Error: {"error":"Illegal move 4: J8","field":"moves","id":"q105253"}
2026-07-23 05:46:43+0200: Error: {"error":"Illegal move 4: B7","field":"moves","id":"q105254"}
2026-07-23 05:46:50+0200: Error: {"error":"Illegal move 0: B6","field":"moves","id":"q105308"}
2026-07-23 05:46:50+0200: Error: {"error":"Illegal move 0: A5","field":"moves","id":"q105311"}
2026-07-23 05:48:20+0200: Error: {"error":"Illegal move 0: B6","field":"moves","id":"q105352"}
2026-07-23 05:48:20+0200: Error: {"error":"Illegal move 0: A5","field":"moves","id":"q105355"}
2026-07-23 05:48:20+0200: Error: {"error":"Illegal move 2: B6","field":"moves","id":"q105398"}
2026-07-23 05:48:20+0200: Error: {"error":"Illegal move 2: A5","field":"moves","id":"q105401"}
2026-07-23 05:48:25+0200: Error: {"error":"Illegal move 0: J8","field":"moves","id":"q105425"}
2026-07-23 05:49:30+0200: Error: {"error":"Illegal move 0: A5","field":"moves","id":"q105485"}
2026-07-23 05:50:53+0200: Error: {"error":"Illegal move 0: J8","field":"moves","id":"q105568"}
2026-07-23 05:50:53+0200: Error: {"error":"Illegal move 2: J8","field":"moves","id":"q105624"}
2026-07-23 05:51:00+0200: Error: {"error":"Illegal move 4: J8","field":"moves","id":"q105679"}
2026-07-23 05:51:07+0200: Error: {"error":"Illegal move 4: J8","field":"moves","id":"q105736"}
2026-07-23 05:51:13+0200: Error: {"error":"Illegal move 4: J8","field":"moves","id":"q105786"}
2026-07-23 05:51:19+0200: Error: {"error":"Illegal move 2: J8","field":"moves","id":"q105837"}
2026-07-23 05:51:22+0200: Error: {"error":"Illegal move 4: J8","field":"moves","id":"q105892"}
2026-07-23 05:51:28+0200: Error: {"error":"Illegal move 4: J8","field":"moves","id":"q105945"}
2026-07-23 05:51:32+0200: Error: {"error":"Illegal move 4: J8","field":"moves","id":"q105995"}
2026-07-23 05:51:32+0200: Error: {"error":"Illegal move 4: B7","field":"moves","id":"q105996"}
2026-07-23 05:51:39+0200: Error: {"error":"Illegal move 0: A5","field":"moves","id":"q106052"}
2026-07-23 05:51:40+0200: Error: {"error":"Illegal move 2: B6","field":"moves","id":"q106109"}
2026-07-23 05:51:40+0200: Error: {"error":"Illegal move 2: A5","field":"moves","id":"q106112"}
2026-07-23 05:51:45+0200: Error: {"error":"Illegal move 4: B6","field":"moves","id":"q106171"}
2026-07-23 05:51:45+0200: Error: {"error":"Illegal move 4: A5","field":"moves","id":"q106174"}
2026-07-23 05:51:52+0200: Error: {"error":"Illegal move 4: B6","field":"moves","id":"q106228"}
2026-07-23 05:51:52+0200: Error: {"error":"Illegal move 4: A5","field":"moves","id":"q106231"}
2026-07-23 05:52:01+0200: Error: {"error":"Illegal move 4: B6","field":"moves","id":"q106285"}
2026-07-23 05:52:01+0200: Error: {"error":"Illegal move 4: A5","field":"moves","id":"q106288"}
2026-07-23 05:52:09+0200: Error: {"error":"Illegal move 2: A5","field":"moves","id":"q106341"}
2026-07-23 05:52:13+0200: Error: {"error":"Illegal move 4: B6","field":"moves","id":"q106394"}
2026-07-23 05:52:13+0200: Error: {"error":"Illegal move 4: A5","field":"moves","id":"q106396"}
2026-07-23 05:52:20+0200: Error: {"error":"Illegal move 4: A5","field":"moves","id":"q106446"}
2026-07-23 05:53:57+0200: Error: {"error":"Illegal move 0: H7","field":"moves","id":"q106570"}
2026-07-23 05:55:49+0200: Error: {"error":"Illegal move 0: H7","field":"moves","id":"q106627"}
2026-07-23 05:55:50+0200: Error: {"error":"Illegal move 2: H7","field":"moves","id":"q106682"}
2026-07-23 05:55:58+0200: Error: {"error":"Illegal move 4: H7","field":"moves","id":"q106731"}
2026-07-23 05:56:05+0200: Error: {"error":"Illegal move 4: H7","field":"moves","id":"q106782"}
2026-07-23 05:56:12+0200: Error: {"error":"Illegal move 2: H7","field":"moves","id":"q106825"}
2026-07-23 05:56:20+0200: Error: {"error":"Illegal move 4: H7","field":"moves","id":"q106877"}
2026-07-23 05:56:27+0200: Error: {"error":"Illegal move 4: H7","field":"moves","id":"q106922"}
2026-07-23 05:56:35+0200: Error: {"error":"Illegal move 4: H7","field":"moves","id":"q106967"}
2026-07-23 05:58:08+0200: Error: {"error":"Illegal move 0: H7","field":"moves","id":"q107076"}
2026-07-23 06:01:31+0200: Error: {"error":"Illegal move 4: H12","field":"moves","id":"q107604"}
2026-07-23 06:02:07+0200: Error: {"error":"Illegal move 0: H7","field":"moves","id":"q107948"}
2026-07-23 06:02:08+0200: Error: {"error":"Illegal move 2: H7","field":"moves","id":"q108007"}
2026-07-23 06:02:15+0200: Error: {"error":"Illegal move 4: H7","field":"moves","id":"q108062"}
2026-07-23 06:02:23+0200: Error: {"error":"Illegal move 4: H7","field":"moves","id":"q108116"}
2026-07-23 06:02:28+0200: Error: {"error":"Illegal move 4: H7","field":"moves","id":"q108147"}
2026-07-23 06:02:35+0200: Error: {"error":"Illegal move 2: H7","field":"moves","id":"q108202"}
2026-07-23 06:02:42+0200: Error: {"error":"Illegal move 4: H7","field":"moves","id":"q108258"}
2026-07-23 06:02:49+0200: Error: {"error":"Illegal move 4: H7","field":"moves","id":"q108312"}
2026-07-23 06:02:56+0200: Error: {"error":"Illegal move 4: H7","field":"moves","id":"q108365"}
2026-07-23 06:03:03+0200: Error: {"error":"Illegal move 2: H7","field":"moves","id":"q108420"}
2026-07-23 06:03:08+0200: Error: {"error":"Illegal move 4: H7","field":"moves","id":"q108474"}
2026-07-23 06:03:09+0200: Error: {"error":"Illegal move 4: H7","field":"moves","id":"q108528"}
2026-07-23 06:04:20+0200: Error: {"error":"Illegal move 0: A13","field":"moves","id":"q108828"}
2026-07-23 06:04:20+0200: Error: {"error":"Illegal move 0: E13","field":"moves","id":"q108829"}
2026-07-23 06:05:07+0200: Error: {"error":"Illegal move 0: A13","field":"moves","id":"q108856"}
2026-07-23 06:05:07+0200: Error: {"error":"Illegal move 0: E13","field":"moves","id":"q108857"}
2026-07-23 06:05:54+0200: Error: {"error":"Illegal move 0: A13","field":"moves","id":"q108928"}
2026-07-23 06:05:54+0200: Error: {"error":"Illegal move 0: E13","field":"moves","id":"q108929"}
2026-07-23 06:07:02+0200: Error: {"error":"Illegal move 2: C8","field":"moves","id":"q109057"}
2026-07-23 06:07:23+0200: Error: {"error":"Illegal move 4: B11","field":"moves","id":"q109222"}
2026-07-23 06:07:30+0200: Error: {"error":"Illegal move 0: A13","field":"moves","id":"q109268"}
2026-07-23 06:07:30+0200: Error: {"error":"Illegal move 0: E13","field":"moves","id":"q109269"}
2026-07-23 06:07:30+0200: Error: {"error":"Illegal move 2: E13","field":"moves","id":"q109307"}
2026-07-23 06:07:33+0200: Error: {"error":"Illegal move 4: E13","field":"moves","id":"q109342"}
2026-07-23 06:07:36+0200: Error: {"error":"Illegal move 2: A13","field":"moves","id":"q109372"}
2026-07-23 06:07:36+0200: Error: {"error":"Illegal move 2: E13","field":"moves","id":"q109373"}
2026-07-23 06:07:39+0200: Error: {"error":"Illegal move 4: A13","field":"moves","id":"q109407"}
2026-07-23 06:07:39+0200: Error: {"error":"Illegal move 4: E13","field":"moves","id":"q109408"}
2026-07-23 06:07:42+0200: Error: {"error":"Illegal move 4: A13","field":"moves","id":"q109438"}
2026-07-23 06:07:42+0200: Error: {"error":"Illegal move 4: E13","field":"moves","id":"q109439"}
2026-07-23 06:07:46+0200: Error: {"error":"Illegal move 0: A1","field":"moves","id":"q109476"}
2026-07-23 06:07:59+0200: Error: {"error":"Illegal move 0: A1","field":"moves","id":"q109487"}
2026-07-23 06:09:04+0200: Error: {"error":"Illegal move 4: A1","field":"moves","id":"q109597"}
2026-07-23 06:09:05+0200: Error: {"error":"Illegal move 2: E3","field":"moves","id":"q109620"}
2026-07-23 06:09:05+0200: Error: {"error":"Illegal move 2: D2","field":"moves","id":"q109622"}
2026-07-23 06:09:06+0200: Error: {"error":"Illegal move 4: E3","field":"moves","id":"q109633"}
2026-07-23 06:09:06+0200: Error: {"error":"Illegal move 4: D2","field":"moves","id":"q109634"}
2026-07-23 06:09:07+0200: Error: {"error":"Illegal move 0: F10","field":"moves","id":"q109643"}
2026-07-23 06:09:54+0200: Error: {"error":"Illegal move 0: F10","field":"moves","id":"q109670"}
2026-07-23 06:09:54+0200: Error: {"error":"Illegal move 2: F10","field":"moves","id":"q109698"}
2026-07-23 06:09:56+0200: Error: {"error":"Illegal move 4: F10","field":"moves","id":"q109723"}
2026-07-23 06:09:59+0200: Error: {"error":"Illegal move 4: F10","field":"moves","id":"q109748"}
2026-07-23 06:10:02+0200: Error: {"error":"Illegal move 4: F10","field":"moves","id":"q109771"}
2026-07-23 06:10:05+0200: Error: {"error":"Illegal move 2: F10","field":"moves","id":"q109792"}
2026-07-23 06:10:07+0200: Error: {"error":"Illegal move 4: F10","field":"moves","id":"q109817"}
2026-07-23 06:10:09+0200: Error: {"error":"Illegal move 4: F10","field":"moves","id":"q109839"}
2026-07-23 06:10:12+0200: Error: {"error":"Illegal move 4: F10","field":"moves","id":"q109862"}
2026-07-23 06:10:15+0200: Error: {"error":"Illegal move 2: F10","field":"moves","id":"q109880"}
2026-07-23 06:10:17+0200: Error: {"error":"Illegal move 4: F10","field":"moves","id":"q109904"}
2026-07-23 06:10:19+0200: Error: {"error":"Illegal move 4: F10","field":"moves","id":"q109926"}
2026-07-23 06:10:23+0200: Error: {"error":"Illegal move 0: H13","field":"moves","id":"q109948"}
2026-07-23 06:11:03+0200: Error: {"error":"Illegal move 0: H13","field":"moves","id":"q109968"}
2026-07-23 06:11:03+0200: Error: {"error":"Illegal move 0: F10","field":"moves","id":"q109991"}
2026-07-23 06:11:40+0200: Error: {"error":"Illegal move 0: H13","field":"moves","id":"q110012"}
2026-07-23 06:12:37+0200: Error: {"error":"Illegal move 0: F10","field":"moves","id":"q110085"}
2026-07-23 06:12:37+0200: Error: {"error":"Illegal move 2: F10","field":"moves","id":"q110110"}
2026-07-23 06:12:40+0200: Error: {"error":"Illegal move 4: F10","field":"moves","id":"q110135"}
2026-07-23 06:12:43+0200: Error: {"error":"Illegal move 4: F10","field":"moves","id":"q110158"}
2026-07-23 06:12:43+0200: Error: {"error":"Illegal move 4: G8","field":"moves","id":"q110161"}
2026-07-23 06:12:46+0200: Error: {"error":"Illegal move 0: H13","field":"moves","id":"q110180"}
2026-07-23 06:12:47+0200: Error: {"error":"Illegal move 2: H13","field":"moves","id":"q110211"}
2026-07-23 06:12:49+0200: Error: {"error":"Illegal move 4: H13","field":"moves","id":"q110239"}
2026-07-23 06:12:53+0200: Error: {"error":"Illegal move 4: H13","field":"moves","id":"q110267"}
2026-07-23 06:12:56+0200: Error: {"error":"Illegal move 4: H13","field":"moves","id":"q110292"}
2026-07-23 06:12:59+0200: Error: {"error":"Illegal move 2: H13","field":"moves","id":"q110317"}
2026-07-23 06:13:02+0200: Error: {"error":"Illegal move 4: H13","field":"moves","id":"q110344"}
2026-07-23 06:13:05+0200: Error: {"error":"Illegal move 4: H13","field":"moves","id":"q110367"}
2026-07-23 06:13:07+0200: Error: {"error":"Illegal move 4: H13","field":"moves","id":"q110392"}
2026-07-23 06:13:07+0200: Error: {"error":"Illegal move 4: E6","field":"moves","id":"q110400"}
2026-07-23 06:13:11+0200: Error: {"error":"Illegal move 2: H13","field":"moves","id":"q110416"}
2026-07-23 06:13:14+0200: Error: {"error":"Illegal move 4: H13","field":"moves","id":"q110443"}
2026-07-23 06:13:17+0200: Error: {"error":"Illegal move 4: H13","field":"moves","id":"q110468"}
2026-07-23 06:13:19+0200: Error: {"error":"Illegal move 4: H13","field":"moves","id":"q110480"}
2026-07-23 06:13:22+0200: Error: {"error":"Illegal move 0: D9","field":"moves","id":"q110511"}
2026-07-23 06:13:22+0200: Error: {"error":"Illegal move 0: E7","field":"moves","id":"q110516"}
2026-07-23 06:14:24+0200: Error: {"error":"Illegal move 0: D9","field":"moves","id":"q110545"}
2026-07-23 06:14:24+0200: Error: {"error":"Illegal move 0: E7","field":"moves","id":"q110550"}
2026-07-23 06:14:24+0200: Error: {"error":"Illegal move 2: D9","field":"moves","id":"q110580"}
2026-07-23 06:14:24+0200: Error: {"error":"Illegal move 2: E7","field":"moves","id":"q110585"}
2026-07-23 06:14:28+0200: Error: {"error":"Illegal move 4: D9","field":"moves","id":"q110614"}
2026-07-23 06:14:28+0200: Error: {"error":"Illegal move 4: E7","field":"moves","id":"q110618"}
2026-07-23 06:14:28+0200: Error: {"error":"Illegal move 4: G7","field":"moves","id":"q110619"}
2026-07-23 06:14:32+0200: Error: {"error":"Illegal move 4: D9","field":"moves","id":"q110642"}
2026-07-23 06:14:32+0200: Error: {"error":"Illegal move 4: E7","field":"moves","id":"q110646"}
2026-07-23 06:14:32+0200: Error: {"error":"Illegal move 4: G7","field":"moves","id":"q110647"}
2026-07-23 06:14:36+0200: Error: {"error":"Illegal move 2: D9","field":"moves","id":"q110672"}
2026-07-23 06:14:36+0200: Error: {"error":"Illegal move 2: E7","field":"moves","id":"q110676"}
2026-07-23 06:14:40+0200: Error: {"error":"Illegal move 4: D9","field":"moves","id":"q110701"}
2026-07-23 06:14:40+0200: Error: {"error":"Illegal move 4: E7","field":"moves","id":"q110705"}
2026-07-23 06:14:44+0200: Error: {"error":"Illegal move 2: D9","field":"moves","id":"q110733"}
2026-07-23 06:14:44+0200: Error: {"error":"Illegal move 2: E7","field":"moves","id":"q110738"}
2026-07-23 06:14:47+0200: Error: {"error":"Illegal move 4: D9","field":"moves","id":"q110760"}
2026-07-23 06:14:47+0200: Error: {"error":"Illegal move 4: E7","field":"moves","id":"q110765"}
2026-07-23 06:14:51+0200: Error: {"error":"Illegal move 0: C12","field":"moves","id":"q110782"}
2026-07-23 06:15:41+0200: Error: {"error":"Illegal move 0: C12","field":"moves","id":"q110804"}
2026-07-23 06:15:41+0200: Error: {"error":"Illegal move 0: D9","field":"moves","id":"q110835"}
2026-07-23 06:15:41+0200: Error: {"error":"Illegal move 0: E7","field":"moves","id":"q110840"}
2026-07-23 06:18:23+0200: Error: {"error":"Illegal move 0: D9","field":"moves","id":"q110948"}
2026-07-23 06:18:23+0200: Error: {"error":"Illegal move 0: E7","field":"moves","id":"q110953"}
2026-07-23 06:18:54+0200: Error: {"error":"Illegal move 4: C12","field":"moves","id":"q111250"}
2026-07-23 06:18:58+0200: Error: {"error":"Illegal move 4: C12","field":"moves","id":"q111271"}
2026-07-23 06:19:02+0200: Error: {"error":"Illegal move 2: C12","field":"moves","id":"q111296"}
2026-07-23 06:19:05+0200: Error: {"error":"Illegal move 0: M8","field":"moves","id":"q111327"}
2026-07-23 06:19:37+0200: Error: {"error":"Illegal move 0: M8","field":"moves","id":"q111343"}
2026-07-23 06:19:37+0200: Error: {"error":"Illegal move 0: M12","field":"moves","id":"q111351"}
2026-07-23 06:20:13+0200: Error: {"error":"Illegal move 0: M12","field":"moves","id":"q111373"}
2026-07-23 06:20:14+0200: Error: {"error":"Illegal move 2: M12","field":"moves","id":"q111394"}
2026-07-23 06:20:16+0200: Error: {"error":"Illegal move 2: M12","field":"moves","id":"q111406"}
2026-07-23 06:20:18+0200: Error: {"error":"Illegal move 0: M8","field":"moves","id":"q111432"}
2026-07-23 06:20:54+0200: Error: {"error":"Illegal move 0: M12","field":"moves","id":"q111446"}
2026-07-23 06:21:32+0200: Error: {"error":"Illegal move 0: M8","field":"moves","id":"q111486"}
2026-07-23 06:21:33+0200: Error: {"error":"Illegal move 0: M12","field":"moves","id":"q111500"}
2026-07-23 06:21:33+0200: Error: {"error":"Illegal move 2: M12","field":"moves","id":"q111522"}
2026-07-23 06:21:35+0200: Error: {"error":"Illegal move 4: M12","field":"moves","id":"q111541"}
2026-07-23 06:23:18+0200: Error: {"error":"Illegal move 4: N5","field":"moves","id":"q111721"}
2026-07-23 06:23:20+0200: Error: {"error":"Illegal move 0: H8","field":"moves","id":"q111746"}
2026-07-23 06:23:20+0200: Error: {"error":"Illegal move 0: J7","field":"moves","id":"q111750"}
2026-07-23 06:23:20+0200: Error: {"error":"Illegal move 0: H6","field":"moves","id":"q111753"}
2026-07-23 06:25:08+0200: Error: {"error":"Illegal move 0: H8","field":"moves","id":"q111803"}
2026-07-23 06:25:08+0200: Error: {"error":"Illegal move 0: J7","field":"moves","id":"q111807"}
2026-07-23 06:25:08+0200: Error: {"error":"Illegal move 0: H6","field":"moves","id":"q111810"}
2026-07-23 06:25:09+0200: Error: {"error":"Illegal move 2: H8","field":"moves","id":"q111859"}
2026-07-23 06:25:09+0200: Error: {"error":"Illegal move 2: J7","field":"moves","id":"q111863"}
2026-07-23 06:25:09+0200: Error: {"error":"Illegal move 2: H6","field":"moves","id":"q111866"}
2026-07-23 06:25:16+0200: Error: {"error":"Illegal move 4: H8","field":"moves","id":"q111912"}
2026-07-23 06:25:16+0200: Error: {"error":"Illegal move 4: J7","field":"moves","id":"q111916"}
2026-07-23 06:25:16+0200: Error: {"error":"Illegal move 4: H6","field":"moves","id":"q111919"}
2026-07-23 06:25:22+0200: Error: {"error":"Illegal move 4: H8","field":"moves","id":"q111961"}
2026-07-23 06:25:22+0200: Error: {"error":"Illegal move 4: J7","field":"moves","id":"q111965"}
2026-07-23 06:25:22+0200: Error: {"error":"Illegal move 4: H6","field":"moves","id":"q111967"}
2026-07-23 06:25:29+0200: Error: {"error":"Illegal move 4: H8","field":"moves","id":"q112008"}
2026-07-23 06:25:29+0200: Error: {"error":"Illegal move 4: J7","field":"moves","id":"q112012"}
2026-07-23 06:25:29+0200: Error: {"error":"Illegal move 4: H6","field":"moves","id":"q112015"}
2026-07-23 06:25:37+0200: Error: {"error":"Illegal move 2: H8","field":"moves","id":"q112057"}
2026-07-23 06:25:37+0200: Error: {"error":"Illegal move 2: J7","field":"moves","id":"q112061"}
2026-07-23 06:25:37+0200: Error: {"error":"Illegal move 2: H6","field":"moves","id":"q112064"}
2026-07-23 06:25:44+0200: Error: {"error":"Illegal move 4: H8","field":"moves","id":"q112112"}
2026-07-23 06:25:44+0200: Error: {"error":"Illegal move 4: J7","field":"moves","id":"q112116"}
2026-07-23 06:25:44+0200: Error: {"error":"Illegal move 4: H6","field":"moves","id":"q112119"}
2026-07-23 06:25:52+0200: Error: {"error":"Illegal move 4: H8","field":"moves","id":"q112159"}
2026-07-23 06:25:52+0200: Error: {"error":"Illegal move 4: J7","field":"moves","id":"q112163"}
2026-07-23 06:25:52+0200: Error: {"error":"Illegal move 4: H6","field":"moves","id":"q112166"}
2026-07-23 06:25:59+0200: Error: {"error":"Illegal move 4: H8","field":"moves","id":"q112206"}
2026-07-23 06:25:59+0200: Error: {"error":"Illegal move 4: J7","field":"moves","id":"q112210"}
2026-07-23 06:25:59+0200: Error: {"error":"Illegal move 4: H6","field":"moves","id":"q112213"}
2026-07-23 06:27:38+0200: Error: {"error":"Illegal move 0: H8","field":"moves","id":"q112314"}
2026-07-23 06:27:38+0200: Error: {"error":"Illegal move 0: J7","field":"moves","id":"q112318"}
2026-07-23 06:27:38+0200: Error: {"error":"Illegal move 0: H6","field":"moves","id":"q112321"}
2026-07-23 06:31:41+0200: Error: {"error":"Illegal move 0: H8","field":"moves","id":"q112924"}
2026-07-23 06:31:41+0200: Error: {"error":"Illegal move 0: J7","field":"moves","id":"q112928"}
2026-07-23 06:31:41+0200: Error: {"error":"Illegal move 0: H6","field":"moves","id":"q112931"}
2026-07-23 06:31:41+0200: Error: {"error":"Illegal move 2: H8","field":"moves","id":"q112982"}
2026-07-23 06:31:41+0200: Error: {"error":"Illegal move 2: J7","field":"moves","id":"q112985"}
2026-07-23 06:31:41+0200: Error: {"error":"Illegal move 2: H6","field":"moves","id":"q112988"}
2026-07-23 06:31:47+0200: Error: {"error":"Illegal move 4: H8","field":"moves","id":"q113036"}
2026-07-23 06:31:47+0200: Error: {"error":"Illegal move 4: J7","field":"moves","id":"q113039"}
2026-07-23 06:31:53+0200: Error: {"error":"Illegal move 4: H8","field":"moves","id":"q113087"}
2026-07-23 06:31:53+0200: Error: {"error":"Illegal move 4: J7","field":"moves","id":"q113090"}
2026-07-23 06:31:53+0200: Error: {"error":"Illegal move 4: H6","field":"moves","id":"q113093"}
2026-07-23 06:32:00+0200: Error: {"error":"Illegal move 2: H8","field":"moves","id":"q113137"}
2026-07-23 06:32:00+0200: Error: {"error":"Illegal move 2: J7","field":"moves","id":"q113141"}
2026-07-23 06:32:00+0200: Error: {"error":"Illegal move 2: H6","field":"moves","id":"q113144"}
2026-07-23 06:32:07+0200: Error: {"error":"Illegal move 4: H8","field":"moves","id":"q113191"}
2026-07-23 06:32:07+0200: Error: {"error":"Illegal move 4: J7","field":"moves","id":"q113195"}
2026-07-23 06:32:07+0200: Error: {"error":"Illegal move 4: H6","field":"moves","id":"q113198"}
2026-07-23 06:32:14+0200: Error: {"error":"Illegal move 4: H8","field":"moves","id":"q113243"}
2026-07-23 06:32:14+0200: Error: {"error":"Illegal move 4: J7","field":"moves","id":"q113247"}
2026-07-23 06:32:14+0200: Error: {"error":"Illegal move 4: H6","field":"moves","id":"q113250"}
2026-07-23 06:32:21+0200: Error: {"error":"Illegal move 4: H8","field":"moves","id":"q113294"}
2026-07-23 06:32:21+0200: Error: {"error":"Illegal move 4: J7","field":"moves","id":"q113298"}
2026-07-23 06:32:21+0200: Error: {"error":"Illegal move 4: H6","field":"moves","id":"q113301"}
2026-07-23 06:32:21+0200: Error: {"error":"Illegal move 4: K3","field":"moves","id":"q113308"}
2026-07-23 06:32:29+0200: Error: {"error":"Illegal move 2: H8","field":"moves","id":"q113346"}
2026-07-23 06:32:29+0200: Error: {"error":"Illegal move 2: J7","field":"moves","id":"q113350"}
2026-07-23 06:32:29+0200: Error: {"error":"Illegal move 2: H6","field":"moves","id":"q113353"}
2026-07-23 06:32:34+0200: Error: {"error":"Illegal move 4: H8","field":"moves","id":"q113400"}
2026-07-23 06:32:34+0200: Error: {"error":"Illegal move 4: J7","field":"moves","id":"q113404"}
2026-07-23 06:32:34+0200: Error: {"error":"Illegal move 4: H6","field":"moves","id":"q113407"}
2026-07-23 06:32:41+0200: Error: {"error":"Illegal move 4: H8","field":"moves","id":"q113451"}
2026-07-23 06:32:41+0200: Error: {"error":"Illegal move 4: J7","field":"moves","id":"q113455"}
2026-07-23 06:32:41+0200: Error: {"error":"Illegal move 4: H6","field":"moves","id":"q113458"}
2026-07-23 06:32:41+0200: Error: {"error":"Illegal move 4: K3","field":"moves","id":"q113465"}
2026-07-23 06:32:48+0200: Error: {"error":"Illegal move 0: F10","field":"moves","id":"q113498"}
2026-07-23 06:32:48+0200: Error: {"error":"Illegal move 0: E9","field":"moves","id":"q113499"}
2026-07-23 06:33:55+0200: Error: {"error":"Illegal move 0: F10","field":"moves","id":"q113537"}
2026-07-23 06:33:55+0200: Error: {"error":"Illegal move 0: E9","field":"moves","id":"q113538"}
2026-07-23 06:33:55+0200: Error: {"error":"Illegal move 2: F10","field":"moves","id":"q113577"}
2026-07-23 06:33:55+0200: Error: {"error":"Illegal move 2: E9","field":"moves","id":"q113578"}
2026-07-23 06:34:00+0200: Error: {"error":"Illegal move 4: F10","field":"moves","id":"q113615"}
2026-07-23 06:34:00+0200: Error: {"error":"Illegal move 4: E9","field":"moves","id":"q113616"}
2026-07-23 06:34:05+0200: Error: {"error":"Illegal move 4: F10","field":"moves","id":"q113651"}
2026-07-23 06:34:05+0200: Error: {"error":"Illegal move 4: E9","field":"moves","id":"q113652"}
2026-07-23 06:34:10+0200: Error: {"error":"Illegal move 4: F10","field":"moves","id":"q113687"}
2026-07-23 06:34:10+0200: Error: {"error":"Illegal move 4: E9","field":"moves","id":"q113688"}
2026-07-23 06:34:15+0200: Error: {"error":"Illegal move 2: F10","field":"moves","id":"q113723"}
2026-07-23 06:34:15+0200: Error: {"error":"Illegal move 2: E9","field":"moves","id":"q113724"}
2026-07-23 06:34:20+0200: Error: {"error":"Illegal move 4: F10","field":"moves","id":"q113761"}
2026-07-23 06:34:20+0200: Error: {"error":"Illegal move 4: E9","field":"moves","id":"q113762"}
2026-07-23 06:34:24+0200: Error: {"error":"Illegal move 4: F10","field":"moves","id":"q113797"}
2026-07-23 06:34:24+0200: Error: {"error":"Illegal move 4: E9","field":"moves","id":"q113798"}
2026-07-23 06:34:28+0200: Error: {"error":"Illegal move 4: F10","field":"moves","id":"q113833"}
2026-07-23 06:34:28+0200: Error: {"error":"Illegal move 4: E9","field":"moves","id":"q113834"}
2026-07-23 06:34:32+0200: Error: {"error":"Illegal move 2: F10","field":"moves","id":"q113869"}
2026-07-23 06:34:32+0200: Error: {"error":"Illegal move 2: E9","field":"moves","id":"q113870"}
2026-07-23 06:34:36+0200: Error: {"error":"Illegal move 4: F10","field":"moves","id":"q113905"}
2026-07-23 06:34:36+0200: Error: {"error":"Illegal move 4: E9","field":"moves","id":"q113906"}
2026-07-23 06:34:41+0200: Error: {"error":"Illegal move 4: F10","field":"moves","id":"q113940"}
2026-07-23 06:34:41+0200: Error: {"error":"Illegal move 4: E9","field":"moves","id":"q113941"}
2026-07-23 06:34:46+0200: Error: {"error":"Illegal move 4: F10","field":"moves","id":"q113975"}
2026-07-23 06:34:46+0200: Error: {"error":"Illegal move 4: E9","field":"moves","id":"q113976"}
2026-07-23 06:34:50+0200: Error: {"error":"Illegal move 0: D13","field":"moves","id":"q114008"}
2026-07-23 06:34:50+0200: Error: {"error":"Illegal move 0: M9","field":"moves","id":"q114013"}
2026-07-23 06:35:21+0200: Error: {"error":"Illegal move 0: D13","field":"moves","id":"q114024"}
2026-07-23 06:35:21+0200: Error: {"error":"Illegal move 0: M9","field":"moves","id":"q114029"}
2026-07-23 06:35:21+0200: Error: {"error":"Illegal move 2: D13","field":"moves","id":"q114041"}
2026-07-23 06:35:21+0200: Error: {"error":"Illegal move 2: M9","field":"moves","id":"q114045"}
2026-07-23 06:36:02+0200: Error: {"error":"Illegal move 0: D13","field":"moves","id":"q114083"}
2026-07-23 06:36:02+0200: Error: {"error":"Illegal move 0: M9","field":"moves","id":"q114089"}
2026-07-23 06:36:41+0200: Error: {"error":"Illegal move 2: F10","field":"moves","id":"q114143"}
2026-07-23 06:36:41+0200: Error: {"error":"Illegal move 2: E9","field":"moves","id":"q114144"}
2026-07-23 06:36:42+0200: Error: {"error":"Illegal move 2: F10","field":"moves","id":"q114156"}
2026-07-23 06:36:42+0200: Error: {"error":"Illegal move 2: E9","field":"moves","id":"q114157"}
2026-07-23 06:36:43+0200: Error: {"error":"Illegal move 0: D13","field":"moves","id":"q114165"}
2026-07-23 06:36:43+0200: Error: {"error":"Illegal move 0: M9","field":"moves","id":"q114171"}
2026-07-23 06:36:43+0200: Error: {"error":"Illegal move 2: D13","field":"moves","id":"q114187"}
2026-07-23 06:36:43+0200: Error: {"error":"Illegal move 2: M9","field":"moves","id":"q114193"}
2026-07-23 06:36:45+0200: Error: {"error":"Illegal move 4: D13","field":"moves","id":"q114206"}
2026-07-23 06:36:45+0200: Error: {"error":"Illegal move 4: M9","field":"moves","id":"q114212"}
2026-07-23 06:36:48+0200: Error: {"error":"Illegal move 4: D13","field":"moves","id":"q114225"}
2026-07-23 06:36:48+0200: Error: {"error":"Illegal move 4: M9","field":"moves","id":"q114231"}
2026-07-23 06:36:50+0200: Error: {"error":"Illegal move 2: D13","field":"moves","id":"q114242"}
2026-07-23 06:36:50+0200: Error: {"error":"Illegal move 2: M9","field":"moves","id":"q114248"}
2026-07-23 06:36:52+0200: Error: {"error":"Illegal move 4: D13","field":"moves","id":"q114265"}
2026-07-23 06:36:52+0200: Error: {"error":"Illegal move 4: M9","field":"moves","id":"q114271"}
2026-07-23 06:36:52+0200: Error: {"error":"Illegal move 4: D13","field":"moves","id":"q114284"}
2026-07-23 06:36:52+0200: Error: {"error":"Illegal move 4: M9","field":"moves","id":"q114290"}
2026-07-23 06:36:55+0200: Error: {"error":"Illegal move 0: F10","field":"moves","id":"q114304"}
2026-07-23 06:37:42+0200: Error: {"error":"Illegal move 0: F10","field":"moves","id":"q114331"}
2026-07-23 06:37:42+0200: Error: {"error":"Illegal move 2: F10","field":"moves","id":"q114358"}
2026-07-23 06:37:44+0200: Error: {"error":"Illegal move 4: F10","field":"moves","id":"q114380"}
2026-07-23 06:37:47+0200: Error: {"error":"Illegal move 4: F10","field":"moves","id":"q114400"}
2026-07-23 06:37:49+0200: Error: {"error":"Illegal move 4: F10","field":"moves","id":"q114420"}
2026-07-23 06:37:51+0200: Error: {"error":"Illegal move 2: F10","field":"moves","id":"q114440"}
2026-07-23 06:37:54+0200: Error: {"error":"Illegal move 4: F10","field":"moves","id":"q114465"}
2026-07-23 06:37:57+0200: Error: {"error":"Illegal move 4: F10","field":"moves","id":"q114488"}
2026-07-23 06:38:00+0200: Error: {"error":"Illegal move 4: F10","field":"moves","id":"q114511"}
2026-07-23 06:38:02+0200: Error: {"error":"Illegal move 2: F10","field":"moves","id":"q114534"}
2026-07-23 06:38:05+0200: Error: {"error":"Illegal move 4: F10","field":"moves","id":"q114556"}
2026-07-23 06:38:07+0200: Error: {"error":"Illegal move 4: F10","field":"moves","id":"q114576"}
2026-07-23 06:38:09+0200: Error: {"error":"Illegal move 4: F10","field":"moves","id":"q114596"}
2026-07-23 06:38:12+0200: Error: {"error":"Illegal move 0: N10","field":"moves","id":"q114618"}
2026-07-23 06:38:12+0200: Error: {"error":"Illegal move 0: G7","field":"moves","id":"q114619"}
2026-07-23 06:38:12+0200: Error: {"error":"Illegal move 0: H6","field":"moves","id":"q114621"}
2026-07-23 06:38:12+0200: Error: {"error":"Illegal move 0: M5","field":"moves","id":"q114624"}
2026-07-23 06:38:32+0200: Error: {"error":"Illegal move 0: N10","field":"moves","id":"q114632"}
2026-07-23 06:38:32+0200: Error: {"error":"Illegal move 0: G7","field":"moves","id":"q114633"}
2026-07-23 06:38:32+0200: Error: {"error":"Illegal move 0: H6","field":"moves","id":"q114635"}
2026-07-23 06:38:32+0200: Error: {"error":"Illegal move 0: M5","field":"moves","id":"q114638"}
2026-07-23 06:39:04+0200: Error: {"error":"Illegal move 0: N10","field":"moves","id":"q114666"}
2026-07-23 06:39:04+0200: Error: {"error":"Illegal move 0: M5","field":"moves","id":"q114672"}
2026-07-23 06:39:39+0200: Error: {"error":"Illegal move 0: N10","field":"moves","id":"q114752"}
2026-07-23 06:39:39+0200: Error: {"error":"Illegal move 0: M5","field":"moves","id":"q114758"}
2026-07-23 06:39:39+0200: Error: {"error":"Illegal move 2: N10","field":"moves","id":"q114770"}
2026-07-23 06:39:39+0200: Error: {"error":"Illegal move 2: G7","field":"moves","id":"q114771"}
2026-07-23 06:39:39+0200: Error: {"error":"Illegal move 2: H6","field":"moves","id":"q114773"}
2026-07-23 06:39:40+0200: Error: {"error":"Illegal move 4: N10","field":"moves","id":"q114784"}
2026-07-23 06:39:40+0200: Error: {"error":"Illegal move 4: G7","field":"moves","id":"q114785"}
2026-07-23 06:39:40+0200: Error: {"error":"Illegal move 4: H6","field":"moves","id":"q114787"}
2026-07-23 06:39:40+0200: Error: {"error":"Illegal move 4: H4","field":"moves","id":"q114790"}
2026-07-23 06:43:05+0200: Error: {"error":"Illegal move 0: F12","field":"moves","id":"q115160"}
2026-07-23 06:43:42+0200: Error: {"error":"Illegal move 0: F12","field":"moves","id":"q115177"}
2026-07-23 06:43:42+0200: Error: {"error":"Illegal move 0: J10","field":"moves","id":"q115197"}
2026-07-23 06:43:42+0200: Error: {"error":"Illegal move 0: L10","field":"moves","id":"q115198"}
2026-07-23 06:43:42+0200: Error: {"error":"Illegal move 0: H9","field":"moves","id":"q115199"}
2026-07-23 06:44:14+0200: Error: {"error":"Illegal move 0: J10","field":"moves","id":"q115214"}
2026-07-23 06:44:14+0200: Error: {"error":"Illegal move 0: L10","field":"moves","id":"q115215"}
2026-07-23 06:44:14+0200: Error: {"error":"Illegal move 0: H9","field":"moves","id":"q115216"}
2026-07-23 06:44:14+0200: Error: {"error":"Illegal move 0: F12","field":"moves","id":"q115228"}
2026-07-23 06:44:52+0200: Error: {"error":"Illegal move 0: L10","field":"moves","id":"q115258"}
2026-07-23 06:45:35+0200: Error: {"error":"Illegal move 0: F12","field":"moves","id":"q115292"}
2026-07-23 06:45:43+0200: Error: {"error":"Illegal move 4: G13","field":"moves","id":"q115375"}
2026-07-23 06:45:43+0200: Error: {"error":"Illegal move 4: F12","field":"moves","id":"q115379"}
2026-07-23 06:45:45+0200: Error: {"error":"Illegal move 2: F12","field":"moves","id":"q115395"}
2026-07-23 06:45:47+0200: Error: {"error":"Illegal move 0: L10","field":"moves","id":"q115416"}
2026-07-23 06:45:48+0200: Error: {"error":"Illegal move 2: J10","field":"moves","id":"q115440"}
2026-07-23 06:45:48+0200: Error: {"error":"Illegal move 2: L10","field":"moves","id":"q115441"}
2026-07-23 06:45:48+0200: Error: {"error":"Illegal move 2: H9","field":"moves","id":"q115442"}
2026-07-23 06:45:49+0200: Error: {"error":"Illegal move 4: J10","field":"moves","id":"q115464"}
2026-07-23 06:45:49+0200: Error: {"error":"Illegal move 4: L10","field":"moves","id":"q115465"}
2026-07-23 06:45:49+0200: Error: {"error":"Illegal move 4: H9","field":"moves","id":"q115466"}
2026-07-23 06:45:52+0200: Error: {"error":"Illegal move 4: J10","field":"moves","id":"q115485"}
2026-07-23 06:45:52+0200: Error: {"error":"Illegal move 4: L10","field":"moves","id":"q115486"}
2026-07-23 06:45:52+0200: Error: {"error":"Illegal move 4: H9","field":"moves","id":"q115487"}
2026-07-23 06:45:54+0200: Error: {"error":"Illegal move 4: J10","field":"moves","id":"q115498"}
2026-07-23 06:45:54+0200: Error: {"error":"Illegal move 4: H9","field":"moves","id":"q115500"}
2026-07-23 06:45:55+0200: Error: {"error":"Illegal move 2: J10","field":"moves","id":"q115512"}
2026-07-23 06:45:55+0200: Error: {"error":"Illegal move 2: L10","field":"moves","id":"q115513"}
2026-07-23 06:45:55+0200: Error: {"error":"Illegal move 2: H9","field":"moves","id":"q115514"}
2026-07-23 06:45:56+0200: Error: {"error":"Illegal move 4: J10","field":"moves","id":"q115536"}
2026-07-23 06:45:56+0200: Error: {"error":"Illegal move 4: L10","field":"moves","id":"q115537"}
2026-07-23 06:45:56+0200: Error: {"error":"Illegal move 4: H9","field":"moves","id":"q115538"}
2026-07-23 06:45:57+0200: Error: {"error":"Illegal move 4: J10","field":"moves","id":"q115558"}
2026-07-23 06:45:57+0200: Error: {"error":"Illegal move 4: L10","field":"moves","id":"q115559"}
2026-07-23 06:45:57+0200: Error: {"error":"Illegal move 4: H9","field":"moves","id":"q115560"}
2026-07-23 06:48:05+0200: Error: {"error":"Illegal move 0: G1","field":"moves","id":"q115998"}
2026-07-23 06:49:19+0200: Error: {"error":"Illegal move 0: G1","field":"moves","id":"q116043"}
2026-07-23 06:49:20+0200: Error: {"error":"Illegal move 2: G1","field":"moves","id":"q116086"}
2026-07-23 06:49:24+0200: Error: {"error":"Illegal move 4: G1","field":"moves","id":"q116126"}
2026-07-23 06:49:29+0200: Error: {"error":"Illegal move 4: G1","field":"moves","id":"q116159"}
2026-07-23 06:49:33+0200: Error: {"error":"Illegal move 4: G1","field":"moves","id":"q116187"}
2026-07-23 06:49:37+0200: Error: {"error":"Illegal move 2: G1","field":"moves","id":"q116219"}
2026-07-23 06:49:40+0200: Error: {"error":"Illegal move 4: G1","field":"moves","id":"q116258"}
2026-07-23 06:49:45+0200: Error: {"error":"Illegal move 4: G1","field":"moves","id":"q116295"}
2026-07-23 06:49:50+0200: Error: {"error":"Illegal move 4: G1","field":"moves","id":"q116332"}
2026-07-23 06:49:55+0200: Error: {"error":"Illegal move 2: G1","field":"moves","id":"q116371"}
2026-07-23 06:49:59+0200: Error: {"error":"Illegal move 4: G1","field":"moves","id":"q116410"}
2026-07-23 06:50:05+0200: Error: {"error":"Illegal move 4: G1","field":"moves","id":"q116447"}
2026-07-23 06:50:10+0200: Error: {"error":"Illegal move 4: G1","field":"moves","id":"q116484"}
2026-07-23 06:51:30+0200: Error: {"error":"Illegal move 0: G1","field":"moves","id":"q116574"}
2026-07-23 06:55:24+0200: Error: {"error":"Illegal move 4: E2","field":"moves","id":"q116991"}
2026-07-23 06:55:31+0200: Error: {"error":"Illegal move 0: G1","field":"moves","id":"q117041"}
2026-07-23 06:55:31+0200: Error: {"error":"Illegal move 2: G1","field":"moves","id":"q117086"}
2026-07-23 06:55:37+0200: Error: {"error":"Illegal move 4: G1","field":"moves","id":"q117127"}
2026-07-23 06:55:43+0200: Error: {"error":"Illegal move 4: G1","field":"moves","id":"q117166"}
2026-07-23 06:55:49+0200: Error: {"error":"Illegal move 4: G1","field":"moves","id":"q117205"}
2026-07-23 06:55:54+0200: Error: {"error":"Illegal move 2: G1","field":"moves","id":"q117246"}
2026-07-23 06:55:59+0200: Error: {"error":"Illegal move 4: G1","field":"moves","id":"q117287"}
2026-07-23 06:56:04+0200: Error: {"error":"Illegal move 4: G1","field":"moves","id":"q117326"}
2026-07-23 06:56:10+0200: Error: {"error":"Illegal move 4: G1","field":"moves","id":"q117365"}
2026-07-23 06:56:39+0200: Error: {"error":"Illegal move 0: L6","field":"moves","id":"q117562"}
2026-07-23 06:57:41+0200: Error: {"error":"Illegal move 0: L6","field":"moves","id":"q117594"}
2026-07-23 07:00:23+0200: Error: {"error":"Illegal move 0: L6","field":"moves","id":"q118335"}
2026-07-23 07:02:57+0200: Error: {"error":"Illegal move 0: L6","field":"moves","id":"q118450"}
2026-07-23 07:02:57+0200: Error: {"error":"Illegal move 2: K7","field":"moves","id":"q118498"}
2026-07-23 07:02:57+0200: Error: {"error":"Illegal move 2: L6","field":"moves","id":"q118501"}
2026-07-23 07:03:00+0200: Error: {"error":"Illegal move 4: K7","field":"moves","id":"q118528"}
2026-07-23 07:03:00+0200: Error: {"error":"Illegal move 4: L6","field":"moves","id":"q118530"}
2026-07-23 07:03:05+0200: Error: {"error":"Illegal move 4: K7","field":"moves","id":"q118551"}
2026-07-23 07:03:05+0200: Error: {"error":"Illegal move 4: L6","field":"moves","id":"q118554"}
2026-07-23 07:03:09+0200: Error: {"error":"Illegal move 4: K7","field":"moves","id":"q118576"}
2026-07-23 07:03:09+0200: Error: {"error":"Illegal move 4: L6","field":"moves","id":"q118579"}
2026-07-23 07:03:13+0200: Error: {"error":"Illegal move 2: L6","field":"moves","id":"q118605"}
2026-07-23 07:03:15+0200: Error: {"error":"Illegal move 4: L6","field":"moves","id":"q118654"}
2026-07-23 07:03:20+0200: Error: {"error":"Illegal move 4: L6","field":"moves","id":"q118699"}
2026-07-23 07:03:23+0200: Error: {"error":"Illegal move 4: K7","field":"moves","id":"q118740"}
2026-07-23 07:03:23+0200: Error: {"error":"Illegal move 4: L6","field":"moves","id":"q118743"}
2026-07-23 07:03:29+0200: Error: {"error":"Illegal move 2: L6","field":"moves","id":"q118791"}
2026-07-23 07:03:32+0200: Error: {"error":"Illegal move 4: L6","field":"moves","id":"q118840"}
2026-07-23 07:03:37+0200: Error: {"error":"Illegal move 4: L6","field":"moves","id":"q118884"}
2026-07-23 07:03:39+0200: Error: {"error":"Illegal move 4: L6","field":"moves","id":"q118929"}
2026-07-23 07:03:47+0200: Error: {"error":"Illegal move 2: E2","field":"moves","id":"q119041"}
2026-07-23 07:03:50+0200: Error: {"error":"Illegal move 4: E2","field":"moves","id":"q119090"}
2026-07-23 07:04:03+0200: Error: {"error":"Illegal move 4: E2","field":"moves","id":"q119181"}
2026-07-23 07:04:24+0200: Error: {"error":"Illegal move 0: D8","field":"moves","id":"q119365"}
2026-07-23 07:05:03+0200: Error: {"error":"Illegal move 0: D8","field":"moves","id":"q119384"}
2026-07-23 07:06:03+0200: Error: {"error":"Illegal move 0: D8","field":"moves","id":"q119436"}
2026-07-23 07:07:03+0200: Error: {"error":"Illegal move 4: B9","field":"moves","id":"q119570"}
2026-07-23 07:07:03+0200: Error: {"error":"Illegal move 4: A8","field":"moves","id":"q119571"}
2026-07-23 07:07:12+0200: Error: {"error":"Illegal move 0: D8","field":"moves","id":"q119626"}
2026-07-23 07:07:12+0200: Error: {"error":"Illegal move 2: B8","field":"moves","id":"q119657"}
2026-07-23 07:07:12+0200: Error: {"error":"Illegal move 2: D8","field":"moves","id":"q119658"}
2026-07-23 07:07:14+0200: Error: {"error":"Illegal move 2: G12","field":"moves","id":"q119673"}
2026-07-23 07:07:14+0200: Error: {"error":"Illegal move 2: F11","field":"moves","id":"q119675"}
2026-07-23 07:07:14+0200: Error: {"error":"Illegal move 2: D8","field":"moves","id":"q119680"}
2026-07-23 07:07:17+0200: Error: {"error":"Illegal move 4: G12","field":"moves","id":"q119704"}
2026-07-23 07:07:17+0200: Error: {"error":"Illegal move 4: F11","field":"moves","id":"q119706"}
2026-07-23 07:07:17+0200: Error: {"error":"Illegal move 4: B8","field":"moves","id":"q119709"}
2026-07-23 07:07:17+0200: Error: {"error":"Illegal move 4: D8","field":"moves","id":"q119710"}
2026-07-23 07:07:19+0200: Error: {"error":"Illegal move 4: G12","field":"moves","id":"q119723"}
2026-07-23 07:07:19+0200: Error: {"error":"Illegal move 4: F11","field":"moves","id":"q119725"}
2026-07-23 07:07:19+0200: Error: {"error":"Illegal move 4: D8","field":"moves","id":"q119729"}
2026-07-23 07:07:22+0200: Error: {"error":"Illegal move 4: G12","field":"moves","id":"q119747"}
2026-07-23 07:07:22+0200: Error: {"error":"Illegal move 4: F11","field":"moves","id":"q119749"}
2026-07-23 07:07:22+0200: Error: {"error":"Illegal move 4: D8","field":"moves","id":"q119752"}
2026-07-23 07:11:12+0200: Error: {"error":"Illegal move 0: H11","field":"moves","id":"q120687"}
2026-07-23 07:13:18+0200: Error: {"error":"Illegal move 0: H11","field":"moves","id":"q120758"}
2026-07-23 07:13:18+0200: Error: {"error":"Illegal move 2: H11","field":"moves","id":"q120829"}
2026-07-23 07:13:25+0200: Error: {"error":"Illegal move 2: H11","field":"moves","id":"q120873"}
2026-07-23 07:13:29+0200: Error: {"error":"Illegal move 4: H11","field":"moves","id":"q120940"}
2026-07-23 07:13:39+0200: Error: {"error":"Illegal move 4: H11","field":"moves","id":"q121001"}
2026-07-23 07:13:48+0200: Error: {"error":"Illegal move 4: H11","field":"moves","id":"q121063"}
2026-07-23 07:13:58+0200: Error: {"error":"Illegal move 2: H11","field":"moves","id":"q121126"}
2026-07-23 07:14:01+0200: Error: {"error":"Illegal move 4: H11","field":"moves","id":"q121193"}
2026-07-23 07:14:09+0200: Error: {"error":"Illegal move 4: H11","field":"moves","id":"q121241"}
2026-07-23 07:14:18+0200: Error: {"error":"Illegal move 4: H11","field":"moves","id":"q121304"}
2026-07-23 07:16:05+0200: Error: {"error":"Illegal move 0: H11","field":"moves","id":"q121441"}
2026-07-23 07:21:10+0200: Error: {"error":"Illegal move 0: H11","field":"moves","id":"q122498"}
2026-07-23 07:21:11+0200: Error: {"error":"Illegal move 2: H11","field":"moves","id":"q122569"}
2026-07-23 07:21:20+0200: Error: {"error":"Illegal move 4: H11","field":"moves","id":"q122637"}
2026-07-23 07:21:29+0200: Error: {"error":"Illegal move 4: H11","field":"moves","id":"q122702"}
2026-07-23 07:21:37+0200: Error: {"error":"Illegal move 4: H11","field":"moves","id":"q122765"}
2026-07-23 07:25:12+0200: Error: {"error":"Illegal move 0: M7","field":"moves","id":"q123101"}
2026-07-23 07:25:12+0200: Error: {"error":"Illegal move 0: K4","field":"moves","id":"q123107"}
2026-07-23 07:25:12+0200: Error: {"error":"Illegal move 0: H3","field":"moves","id":"q123108"}
2026-07-23 07:25:41+0200: Error: {"error":"Illegal move 0: M7","field":"moves","id":"q123118"}
2026-07-23 07:25:41+0200: Error: {"error":"Illegal move 0: K4","field":"moves","id":"q123124"}
2026-07-23 07:25:41+0200: Error: {"error":"Illegal move 0: H3","field":"moves","id":"q123125"}
2026-07-23 07:26:15+0200: Error: {"error":"Illegal move 0: M7","field":"moves","id":"q123281"}
2026-07-23 07:26:15+0200: Error: {"error":"Illegal move 0: K4","field":"moves","id":"q123287"}
2026-07-23 07:27:03+0200: Error: {"error":"Illegal move 0: M7","field":"moves","id":"q123319"}
2026-07-23 07:27:03+0200: Error: {"error":"Illegal move 0: K4","field":"moves","id":"q123325"}
2026-07-23 07:27:03+0200: Error: {"error":"Illegal move 2: M7","field":"moves","id":"q123335"}
2026-07-23 07:27:05+0200: Error: {"error":"Illegal move 2: M7","field":"moves","id":"q123344"}
2026-07-23 07:27:05+0200: Error: {"error":"Illegal move 2: K4","field":"moves","id":"q123349"}
2026-07-23 07:27:05+0200: Error: {"error":"Illegal move 2: H3","field":"moves","id":"q123350"}
2026-07-23 07:27:05+0200: Error: {"error":"Illegal move 2: M7","field":"moves","id":"q123353"}
2026-07-23 07:27:05+0200: Error: {"error":"Illegal move 2: K4","field":"moves","id":"q123358"}
2026-07-23 07:27:05+0200: Error: {"error":"Illegal move 2: H3","field":"moves","id":"q123359"}
2026-07-23 07:27:16+0200: Error: {"error":"Illegal move 0: K11","field":"moves","id":"q123483"}
2026-07-23 07:27:50+0200: Error: {"error":"Illegal move 0: K11","field":"moves","id":"q123508"}
2026-07-23 07:27:50+0200: Error: {"error":"Illegal move 2: K11","field":"moves","id":"q123531"}
2026-07-23 07:27:52+0200: Error: {"error":"Illegal move 4: K11","field":"moves","id":"q123551"}
2026-07-23 07:27:54+0200: Error: {"error":"Illegal move 4: K11","field":"moves","id":"q123568"}
2026-07-23 07:27:56+0200: Error: {"error":"Illegal move 4: K11","field":"moves","id":"q123585"}
2026-07-23 07:27:58+0200: Error: {"error":"Illegal move 2: K11","field":"moves","id":"q123597"}
2026-07-23 07:28:00+0200: Error: {"error":"Illegal move 4: K11","field":"moves","id":"q123618"}
2026-07-23 07:28:02+0200: Error: {"error":"Illegal move 4: K11","field":"moves","id":"q123635"}
2026-07-23 07:28:04+0200: Error: {"error":"Illegal move 4: K11","field":"moves","id":"q123658"}
2026-07-23 07:28:09+0200: Error: {"error":"Illegal move 2: K11","field":"moves","id":"q123685"}
2026-07-23 07:28:10+0200: Error: {"error":"Illegal move 4: K11","field":"moves","id":"q123705"}
2026-07-23 07:28:12+0200: Error: {"error":"Illegal move 4: N13","field":"moves","id":"q123719"}
2026-07-23 07:28:12+0200: Error: {"error":"Illegal move 4: K11","field":"moves","id":"q123722"}
2026-07-23 07:28:13+0200: Error: {"error":"Illegal move 4: K11","field":"moves","id":"q123747"}
2026-07-23 07:28:17+0200: Error: {"error":"Illegal move 0: H12","field":"moves","id":"q123773"}
2026-07-23 07:28:17+0200: Error: {"error":"Illegal move 0: G11","field":"moves","id":"q123775"}
2026-07-23 07:28:17+0200: Error: {"error":"Illegal move 0: N8","field":"moves","id":"q123781"}
2026-07-23 07:28:17+0200: Error: {"error":"Illegal move 0: M7","field":"moves","id":"q123782"}
2026-07-23 07:28:45+0200: Error: {"error":"Illegal move 0: H12","field":"moves","id":"q123791"}
2026-07-23 07:28:45+0200: Error: {"error":"Illegal move 0: G11","field":"moves","id":"q123793"}
2026-07-23 07:28:45+0200: Error: {"error":"Illegal move 0: N8","field":"moves","id":"q123799"}
2026-07-23 07:28:45+0200: Error: {"error":"Illegal move 0: M7","field":"moves","id":"q123800"}
2026-07-23 07:28:45+0200: Error: {"error":"Illegal move 2: H12","field":"moves","id":"q123810"}
2026-07-23 07:28:45+0200: Error: {"error":"Illegal move 2: G11","field":"moves","id":"q123812"}
2026-07-23 07:28:45+0200: Error: {"error":"Illegal move 2: N8","field":"moves","id":"q123818"}
2026-07-23 07:28:45+0200: Error: {"error":"Illegal move 2: M7","field":"moves","id":"q123819"}
2026-07-23 07:28:46+0200: Error: {"error":"Illegal move 4: H12","field":"moves","id":"q123823"}
2026-07-23 07:28:46+0200: Error: {"error":"Illegal move 4: G11","field":"moves","id":"q123826"}
2026-07-23 07:28:46+0200: Error: {"error":"Illegal move 4: N8","field":"moves","id":"q123830"}
2026-07-23 07:28:46+0200: Error: {"error":"Illegal move 4: M7","field":"moves","id":"q123831"}
2026-07-23 07:28:48+0200: Error: {"error":"Illegal move 2: H12","field":"moves","id":"q123833"}
2026-07-23 07:28:48+0200: Error: {"error":"Illegal move 2: G11","field":"moves","id":"q123835"}
2026-07-23 07:28:48+0200: Error: {"error":"Illegal move 2: N8","field":"moves","id":"q123841"}
2026-07-23 07:28:48+0200: Error: {"error":"Illegal move 2: M7","field":"moves","id":"q123842"}
2026-07-23 07:28:49+0200: Error: {"error":"Illegal move 0: K11","field":"moves","id":"q123851"}
2026-07-23 07:29:21+0200: Error: {"error":"Illegal move 0: H12","field":"moves","id":"q123873"}
2026-07-23 07:29:21+0200: Error: {"error":"Illegal move 0: G11","field":"moves","id":"q123876"}
2026-07-23 07:29:21+0200: Error: {"error":"Illegal move 0: N8","field":"moves","id":"q123882"}
2026-07-23 07:29:21+0200: Error: {"error":"Illegal move 0: M7","field":"moves","id":"q123883"}
2026-07-23 07:29:48+0200: Error: {"error":"Illegal move 0: K11","field":"moves","id":"q123906"}
2026-07-23 07:29:48+0200: Error: {"error":"Illegal move 2: K11","field":"moves","id":"q123932"}
2026-07-23 07:29:51+0200: Error: {"error":"Illegal move 4: K11","field":"moves","id":"q123951"}
2026-07-23 07:29:53+0200: Error: {"error":"Illegal move 4: K11","field":"moves","id":"q123972"}
2026-07-23 07:29:56+0200: Error: {"error":"Illegal move 2: K11","field":"moves","id":"q123990"}
2026-07-23 07:29:58+0200: Error: {"error":"Illegal move 4: K11","field":"moves","id":"q124012"}
2026-07-23 07:30:00+0200: Error: {"error":"Illegal move 4: K11","field":"moves","id":"q124031"}
2026-07-23 07:30:02+0200: Error: {"error":"Illegal move 2: K11","field":"moves","id":"q124043"}
2026-07-23 07:30:04+0200: Error: {"error":"Illegal move 4: K11","field":"moves","id":"q124064"}
2026-07-23 07:30:06+0200: Error: {"error":"Illegal move 4: L13","field":"moves","id":"q124080"}
2026-07-23 07:30:06+0200: Error: {"error":"Illegal move 4: K11","field":"moves","id":"q124084"}
2026-07-23 07:30:08+0200: Error: {"error":"Illegal move 4: K11","field":"moves","id":"q124101"}
2026-07-23 07:30:10+0200: Error: {"error":"Illegal move 0: H12","field":"moves","id":"q124117"}
2026-07-23 07:30:10+0200: Error: {"error":"Illegal move 0: G11","field":"moves","id":"q124120"}
2026-07-23 07:30:10+0200: Error: {"error":"Illegal move 0: N8","field":"moves","id":"q124126"}
2026-07-23 07:30:10+0200: Error: {"error":"Illegal move 0: M7","field":"moves","id":"q124127"}
2026-07-23 07:30:10+0200: Error: {"error":"Illegal move 2: H12","field":"moves","id":"q124137"}
2026-07-23 07:30:10+0200: Error: {"error":"Illegal move 2: G11","field":"moves","id":"q124140"}
2026-07-23 07:30:10+0200: Error: {"error":"Illegal move 2: N8","field":"moves","id":"q124146"}
2026-07-23 07:30:10+0200: Error: {"error":"Illegal move 2: M7","field":"moves","id":"q124147"}
2026-07-23 07:30:11+0200: Error: {"error":"Illegal move 0: C12","field":"moves","id":"q124154"}
2026-07-23 07:30:31+0200: Error: {"error":"Illegal move 0: C12","field":"moves","id":"q124173"}
2026-07-23 07:30:32+0200: Error: {"error":"Illegal move 4: A8","field":"moves","id":"q124211"}
2026-07-23 07:30:36+0200: Error: {"error":"Illegal move 2: C12","field":"moves","id":"q124243"}
2026-07-23 07:30:37+0200: Error: {"error":"Illegal move 4: C12","field":"moves","id":"q124268"}
2026-07-23 07:30:37+0200: Error: {"error":"Illegal move 4: A8","field":"moves","id":"q124272"}
2026-07-23 07:30:38+0200: Error: {"error":"Illegal move 4: C12","field":"moves","id":"q124280"}
2026-07-23 07:30:39+0200: Error: {"error":"Illegal move 2: C12","field":"moves","id":"q124293"}
2026-07-23 07:30:40+0200: Error: {"error":"Illegal move 4: C12","field":"moves","id":"q124307"}
2026-07-23 07:30:41+0200: Error: {"error":"Illegal move 4: C12","field":"moves","id":"q124320"}
2026-07-23 07:30:41+0200: Error: {"error":"Illegal move 4: A8","field":"moves","id":"q124324"}
2026-07-23 07:31:12+0200: Error: {"error":"Illegal move 0: C12","field":"moves","id":"q124386"}
2026-07-23 07:32:01+0200: Error: {"error":"Illegal move 0: C12","field":"moves","id":"q124437"}
2026-07-23 07:32:01+0200: Error: {"error":"Illegal move 2: B13","field":"moves","id":"q124452"}
2026-07-23 07:32:01+0200: Error: {"error":"Illegal move 2: C12","field":"moves","id":"q124455"}
2026-07-23 07:32:03+0200: Error: {"error":"Illegal move 4: B13","field":"moves","id":"q124470"}
2026-07-23 07:32:03+0200: Error: {"error":"Illegal move 4: A12","field":"moves","id":"q124471"}
2026-07-23 07:32:04+0200: Error: {"error":"Illegal move 4: B13","field":"moves","id":"q124483"}
2026-07-23 07:32:04+0200: Error: {"error":"Illegal move 4: A12","field":"moves","id":"q124485"}
2026-07-23 07:32:04+0200: Error: {"error":"Illegal move 4: C12","field":"moves","id":"q124486"}
2026-07-23 07:32:05+0200: Error: {"error":"Illegal move 4: B13","field":"moves","id":"q124493"}
2026-07-23 07:32:05+0200: Error: {"error":"Illegal move 4: C12","field":"moves","id":"q124495"}
2026-07-23 07:32:19+0200: Error: {"error":"Illegal move 0: A6","field":"moves","id":"q124636"}
2026-07-23 07:32:19+0200: Error: {"error":"Illegal move 0: A4","field":"moves","id":"q124639"}
2026-07-23 07:33:07+0200: Error: {"error":"Illegal move 0: A6","field":"moves","id":"q124664"}
2026-07-23 07:33:07+0200: Error: {"error":"Illegal move 0: A4","field":"moves","id":"q124667"}
2026-07-23 07:33:07+0200: Error: {"error":"Illegal move 2: A6","field":"moves","id":"q124690"}
2026-07-23 07:33:07+0200: Error: {"error":"Illegal move 2: A4","field":"moves","id":"q124693"}
2026-07-23 07:33:11+0200: Error: {"error":"Illegal move 4: A6","field":"moves","id":"q124712"}
2026-07-23 07:33:11+0200: Error: {"error":"Illegal move 4: A4","field":"moves","id":"q124715"}
2026-07-23 07:33:14+0200: Error: {"error":"Illegal move 0: E9","field":"moves","id":"q124731"}
2026-07-23 07:33:14+0200: Error: {"error":"Illegal move 0: D3","field":"moves","id":"q124742"}
2026-07-23 07:34:12+0200: Error: {"error":"Illegal move 0: E9","field":"moves","id":"q124761"}
2026-07-23 07:34:12+0200: Error: {"error":"Illegal move 0: D3","field":"moves","id":"q124772"}
2026-07-23 07:34:13+0200: Error: {"error":"Illegal move 2: E9","field":"moves","id":"q124791"}
2026-07-23 07:34:13+0200: Error: {"error":"Illegal move 2: D3","field":"moves","id":"q124800"}
2026-07-23 07:34:15+0200: Error: {"error":"Illegal move 4: E9","field":"moves","id":"q124815"}
2026-07-23 07:34:15+0200: Error: {"error":"Illegal move 4: D3","field":"moves","id":"q124824"}
2026-07-23 07:34:18+0200: Error: {"error":"Illegal move 4: B11","field":"moves","id":"q124834"}
2026-07-23 07:34:18+0200: Error: {"error":"Illegal move 4: E9","field":"moves","id":"q124838"}
2026-07-23 07:34:18+0200: Error: {"error":"Illegal move 4: D3","field":"moves","id":"q124847"}
2026-07-23 07:34:21+0200: Error: {"error":"Illegal move 0: A4","field":"moves","id":"q124871"}
2026-07-23 07:35:19+0200: Error: {"error":"Illegal move 0: E9","field":"moves","id":"q124909"}
2026-07-23 07:35:19+0200: Error: {"error":"Illegal move 0: D3","field":"moves","id":"q124920"}
2026-07-23 07:36:36+0200: Error: {"error":"Illegal move 0: A4","field":"moves","id":"q124988"}
2026-07-23 07:36:36+0200: Error: {"error":"Illegal move 2: A6","field":"moves","id":"q125030"}
2026-07-23 07:36:36+0200: Error: {"error":"Illegal move 2: A4","field":"moves","id":"q125033"}
2026-07-23 07:36:40+0200: Error: {"error":"Illegal move 0: E9","field":"moves","id":"q125061"}
2026-07-23 07:36:40+0200: Error: {"error":"Illegal move 0: D3","field":"moves","id":"q125072"}
2026-07-23 07:36:40+0200: Error: {"error":"Illegal move 2: E9","field":"moves","id":"q125107"}
2026-07-23 07:36:40+0200: Error: {"error":"Illegal move 2: D3","field":"moves","id":"q125117"}
2026-07-23 07:36:42+0200: Error: {"error":"Illegal move 4: B11","field":"moves","id":"q125143"}
2026-07-23 07:36:42+0200: Error: {"error":"Illegal move 4: E9","field":"moves","id":"q125147"}
2026-07-23 07:36:42+0200: Error: {"error":"Illegal move 4: D3","field":"moves","id":"q125157"}
2026-07-23 07:36:47+0200: Error: {"error":"Illegal move 4: B11","field":"moves","id":"q125181"}
2026-07-23 07:36:47+0200: Error: {"error":"Illegal move 4: E9","field":"moves","id":"q125185"}
2026-07-23 07:36:47+0200: Error: {"error":"Illegal move 4: D3","field":"moves","id":"q125195"}
2026-07-23 07:36:51+0200: Error: {"error":"Illegal move 2: B11","field":"moves","id":"q125219"}
2026-07-23 07:36:51+0200: Error: {"error":"Illegal move 2: E9","field":"moves","id":"q125224"}
2026-07-23 07:36:51+0200: Error: {"error":"Illegal move 2: D3","field":"moves","id":"q125235"}
2026-07-23 07:36:54+0200: Error: {"error":"Illegal move 4: E9","field":"moves","id":"q125265"}
2026-07-23 07:36:54+0200: Error: {"error":"Illegal move 4: D3","field":"moves","id":"q125275"}
2026-07-23 07:36:59+0200: Error: {"error":"Illegal move 2: E9","field":"moves","id":"q125304"}
2026-07-23 07:36:59+0200: Error: {"error":"Illegal move 2: D3","field":"moves","id":"q125315"}
2026-07-23 07:37:02+0200: Error: {"error":"Illegal move 4: B11","field":"moves","id":"q125342"}
2026-07-23 07:37:02+0200: Error: {"error":"Illegal move 4: E9","field":"moves","id":"q125346"}
2026-07-23 07:37:02+0200: Error: {"error":"Illegal move 4: D3","field":"moves","id":"q125356"}
2026-07-23 07:37:06+0200: Error: {"error":"Illegal move 4: B11","field":"moves","id":"q125379"}
2026-07-23 07:37:06+0200: Error: {"error":"Illegal move 4: E9","field":"moves","id":"q125383"}
2026-07-23 07:37:06+0200: Error: {"error":"Illegal move 4: D3","field":"moves","id":"q125394"}
2026-07-23 07:37:09+0200: Error: {"error":"Illegal move 4: B11","field":"moves","id":"q125405"}
2026-07-23 07:37:09+0200: Error: {"error":"Illegal move 4: E9","field":"moves","id":"q125408"}
2026-07-23 07:37:09+0200: Error: {"error":"Illegal move 4: D3","field":"moves","id":"q125419"}
2026-07-23 07:39:04+0200: Error: {"error":"Illegal move 4: E8","field":"moves","id":"q125619"}
2026-07-23 07:39:06+0200: Error: {"error":"Illegal move 4: E8","field":"moves","id":"q125638"}
2026-07-23 07:41:29+0200: Error: {"error":"Illegal move 2: E8","field":"moves","id":"q126030"}
2026-07-23 07:41:31+0200: Error: {"error":"Illegal move 4: E8","field":"moves","id":"q126054"}
2026-07-23 07:41:34+0200: Error: {"error":"Illegal move 4: E8","field":"moves","id":"q126075"}
2026-07-23 07:41:38+0200: Error: {"error":"Illegal move 4: E8","field":"moves","id":"q126121"}
2026-07-23 07:41:39+0200: Error: {"error":"Illegal move 4: E8","field":"moves","id":"q126143"}
2026-07-23 07:42:21+0200: Error: {"error":"Illegal move 4: E8","field":"moves","id":"q126241"}
2026-07-23 07:44:26+0200: Error: {"error":"Illegal move 4: E8","field":"moves","id":"q126449"}
2026-07-23 07:45:06+0200: Error: {"error":"Illegal move 0: B2","field":"moves","id":"q126752"}
2026-07-23 07:45:06+0200: Error: {"error":"Illegal move 0: D2","field":"moves","id":"q126753"}
2026-07-23 07:45:06+0200: Error: {"error":"Illegal move 0: A1","field":"moves","id":"q126755"}
2026-07-23 07:45:06+0200: Error: {"error":"Illegal move 0: C1","field":"moves","id":"q126756"}
2026-07-23 07:45:40+0200: Error: {"error":"Illegal move 0: B2","field":"moves","id":"q126775"}
2026-07-23 07:45:40+0200: Error: {"error":"Illegal move 0: D2","field":"moves","id":"q126776"}
2026-07-23 07:45:40+0200: Error: {"error":"Illegal move 0: A1","field":"moves","id":"q126778"}
2026-07-23 07:45:40+0200: Error: {"error":"Illegal move 0: C1","field":"moves","id":"q126779"}
2026-07-23 07:45:40+0200: Error: {"error":"Illegal move 2: B2","field":"moves","id":"q126798"}
2026-07-23 07:45:40+0200: Error: {"error":"Illegal move 2: D2","field":"moves","id":"q126799"}
2026-07-23 07:45:40+0200: Error: {"error":"Illegal move 2: A1","field":"moves","id":"q126801"}
2026-07-23 07:45:40+0200: Error: {"error":"Illegal move 2: C1","field":"moves","id":"q126802"}
2026-07-23 07:45:42+0200: Error: {"error":"Illegal move 4: B2","field":"moves","id":"q126820"}
2026-07-23 07:45:42+0200: Error: {"error":"Illegal move 4: D2","field":"moves","id":"q126821"}
2026-07-23 07:45:42+0200: Error: {"error":"Illegal move 4: A1","field":"moves","id":"q126823"}
2026-07-23 07:45:42+0200: Error: {"error":"Illegal move 4: C1","field":"moves","id":"q126824"}
2026-07-23 07:45:45+0200: Error: {"error":"Illegal move 2: B2","field":"moves","id":"q126843"}
2026-07-23 07:45:45+0200: Error: {"error":"Illegal move 2: D2","field":"moves","id":"q126844"}
2026-07-23 07:45:45+0200: Error: {"error":"Illegal move 2: A1","field":"moves","id":"q126846"}
2026-07-23 07:45:45+0200: Error: {"error":"Illegal move 2: C1","field":"moves","id":"q126847"}
2026-07-23 07:45:47+0200: Error: {"error":"Illegal move 4: B2","field":"moves","id":"q126866"}
2026-07-23 07:45:47+0200: Error: {"error":"Illegal move 4: D2","field":"moves","id":"q126867"}
2026-07-23 07:45:47+0200: Error: {"error":"Illegal move 4: A1","field":"moves","id":"q126869"}
2026-07-23 07:45:47+0200: Error: {"error":"Illegal move 4: C1","field":"moves","id":"q126870"}
2026-07-23 07:45:49+0200: Error: {"error":"Illegal move 4: B2","field":"moves","id":"q126887"}
2026-07-23 07:45:49+0200: Error: {"error":"Illegal move 4: D2","field":"moves","id":"q126888"}
2026-07-23 07:45:49+0200: Error: {"error":"Illegal move 4: A1","field":"moves","id":"q126890"}
2026-07-23 07:45:49+0200: Error: {"error":"Illegal move 4: C1","field":"moves","id":"q126891"}
2026-07-23 07:45:52+0200: Error: {"error":"Illegal move 4: B2","field":"moves","id":"q126908"}
2026-07-23 07:45:52+0200: Error: {"error":"Illegal move 4: D2","field":"moves","id":"q126909"}
2026-07-23 07:45:52+0200: Error: {"error":"Illegal move 4: A1","field":"moves","id":"q126911"}
2026-07-23 07:45:52+0200: Error: {"error":"Illegal move 4: C1","field":"moves","id":"q126912"}
2026-07-23 07:45:53+0200: Error: {"error":"Illegal move 2: B2","field":"moves","id":"q126930"}
2026-07-23 07:45:53+0200: Error: {"error":"Illegal move 2: D2","field":"moves","id":"q126931"}
2026-07-23 07:45:53+0200: Error: {"error":"Illegal move 2: A1","field":"moves","id":"q126933"}
2026-07-23 07:45:53+0200: Error: {"error":"Illegal move 2: C1","field":"moves","id":"q126934"}
2026-07-23 07:45:55+0200: Error: {"error":"Illegal move 4: B2","field":"moves","id":"q126952"}
2026-07-23 07:45:55+0200: Error: {"error":"Illegal move 4: D2","field":"moves","id":"q126953"}
2026-07-23 07:45:55+0200: Error: {"error":"Illegal move 4: A1","field":"moves","id":"q126955"}
2026-07-23 07:45:55+0200: Error: {"error":"Illegal move 4: C1","field":"moves","id":"q126956"}
2026-07-23 07:45:58+0200: Error: {"error":"Illegal move 0: H4","field":"moves","id":"q126974"}
2026-07-23 07:45:58+0200: Error: {"error":"Illegal move 0: H2","field":"moves","id":"q126977"}
2026-07-23 07:45:58+0200: Error: {"error":"Illegal move 0: G1","field":"moves","id":"q126980"}
2026-07-23 07:46:38+0200: Error: {"error":"Illegal move 0: H4","field":"moves","id":"q126998"}
2026-07-23 07:46:38+0200: Error: {"error":"Illegal move 0: H2","field":"moves","id":"q127001"}
2026-07-23 07:46:38+0200: Error: {"error":"Illegal move 0: G1","field":"moves","id":"q127004"}
2026-07-23 07:46:39+0200: Error: {"error":"Illegal move 2: H4","field":"moves","id":"q127020"}
2026-07-23 07:46:39+0200: Error: {"error":"Illegal move 2: H2","field":"moves","id":"q127023"}
2026-07-23 07:46:39+0200: Error: {"error":"Illegal move 2: G1","field":"moves","id":"q127026"}
2026-07-23 07:46:39+0200: Error: {"error":"Illegal move 0: D2","field":"moves","id":"q127042"}
2026-07-23 07:47:14+0200: Error: {"error":"Illegal move 0: H4","field":"moves","id":"q127068"}
2026-07-23 07:47:14+0200: Error: {"error":"Illegal move 0: H2","field":"moves","id":"q127072"}
2026-07-23 07:47:14+0200: Error: {"error":"Illegal move 0: G1","field":"moves","id":"q127075"}
2026-07-23 07:48:01+0200: Error: {"error":"Illegal move 0: D2","field":"moves","id":"q127134"}
2026-07-23 07:48:01+0200: Error: {"error":"Illegal move 2: D2","field":"moves","id":"q127162"}
2026-07-23 07:48:04+0200: Error: {"error":"Illegal move 4: D2","field":"moves","id":"q127187"}
2026-07-23 07:48:06+0200: Error: {"error":"Illegal move 4: D2","field":"moves","id":"q127210"}
2026-07-23 07:48:09+0200: Error: {"error":"Illegal move 2: D2","field":"moves","id":"q127235"}
2026-07-23 07:48:11+0200: Error: {"error":"Illegal move 4: D2","field":"moves","id":"q127262"}
2026-07-23 07:48:15+0200: Error: {"error":"Illegal move 2: D2","field":"moves","id":"q127315"}
2026-07-23 07:48:17+0200: Error: {"error":"Illegal move 4: D2","field":"moves","id":"q127341"}
2026-07-23 07:48:19+0200: Error: {"error":"Illegal move 4: D2","field":"moves","id":"q127368"}
2026-07-23 07:48:22+0200: Error: {"error":"Illegal move 0: H4","field":"moves","id":"q127388"}
2026-07-23 07:48:22+0200: Error: {"error":"Illegal move 0: H2","field":"moves","id":"q127392"}
2026-07-23 07:48:22+0200: Error: {"error":"Illegal move 0: G1","field":"moves","id":"q127395"}
2026-07-23 07:48:23+0200: Error: {"error":"Illegal move 2: E5","field":"moves","id":"q127414"}
2026-07-23 07:48:23+0200: Error: {"error":"Illegal move 2: F4","field":"moves","id":"q127415"}
2026-07-23 07:48:23+0200: Error: {"error":"Illegal move 2: H4","field":"moves","id":"q127416"}
2026-07-23 07:48:23+0200: Error: {"error":"Illegal move 2: G3","field":"moves","id":"q127417"}
2026-07-23 07:48:23+0200: Error: {"error":"Illegal move 2: H2","field":"moves","id":"q127420"}
2026-07-23 07:48:23+0200: Error: {"error":"Illegal move 2: G1","field":"moves","id":"q127424"}
2026-07-23 07:48:23+0200: Error: {"error":"Illegal move 2: E5","field":"moves","id":"q127430"}
2026-07-23 07:48:23+0200: Error: {"error":"Illegal move 2: F4","field":"moves","id":"q127431"}
2026-07-23 07:48:23+0200: Error: {"error":"Illegal move 2: H4","field":"moves","id":"q127432"}
2026-07-23 07:48:23+0200: Error: {"error":"Illegal move 2: G3","field":"moves","id":"q127433"}
2026-07-23 07:48:23+0200: Error: {"error":"Illegal move 2: H2","field":"moves","id":"q127436"}
2026-07-23 07:48:23+0200: Error: {"error":"Illegal move 2: G1","field":"moves","id":"q127439"}
2026-07-23 07:48:26+0200: Error: {"error":"Illegal move 4: E5","field":"moves","id":"q127452"}
2026-07-23 07:48:26+0200: Error: {"error":"Illegal move 4: F4","field":"moves","id":"q127453"}
2026-07-23 07:48:26+0200: Error: {"error":"Illegal move 4: H4","field":"moves","id":"q127454"}
2026-07-23 07:48:26+0200: Error: {"error":"Illegal move 4: G3","field":"moves","id":"q127455"}
2026-07-23 07:48:26+0200: Error: {"error":"Illegal move 4: H2","field":"moves","id":"q127457"}
2026-07-23 07:48:26+0200: Error: {"error":"Illegal move 4: G1","field":"moves","id":"q127460"}
2026-07-23 07:48:27+0200: Error: {"error":"Illegal move 4: E5","field":"moves","id":"q127465"}
2026-07-23 07:48:27+0200: Error: {"error":"Illegal move 4: F4","field":"moves","id":"q127466"}
2026-07-23 07:48:27+0200: Error: {"error":"Illegal move 4: H4","field":"moves","id":"q127467"}
2026-07-23 07:48:27+0200: Error: {"error":"Illegal move 4: G3","field":"moves","id":"q127468"}
2026-07-23 07:48:27+0200: Error: {"error":"Illegal move 4: H2","field":"moves","id":"q127470"}
2026-07-23 07:48:27+0200: Error: {"error":"Illegal move 4: G1","field":"moves","id":"q127473"}
2026-07-23 07:48:29+0200: Error: {"error":"Illegal move 2: E5","field":"moves","id":"q127480"}
2026-07-23 07:48:29+0200: Error: {"error":"Illegal move 2: F4","field":"moves","id":"q127481"}
2026-07-23 07:48:29+0200: Error: {"error":"Illegal move 2: H4","field":"moves","id":"q127482"}
2026-07-23 07:48:29+0200: Error: {"error":"Illegal move 2: G3","field":"moves","id":"q127483"}
2026-07-23 07:48:29+0200: Error: {"error":"Illegal move 2: H2","field":"moves","id":"q127486"}
2026-07-23 07:48:29+0200: Error: {"error":"Illegal move 2: G1","field":"moves","id":"q127489"}
2026-07-23 07:48:31+0200: Error: {"error":"Illegal move 4: E5","field":"moves","id":"q127502"}
2026-07-23 07:48:31+0200: Error: {"error":"Illegal move 4: F4","field":"moves","id":"q127503"}
2026-07-23 07:48:31+0200: Error: {"error":"Illegal move 4: H4","field":"moves","id":"q127504"}
2026-07-23 07:48:31+0200: Error: {"error":"Illegal move 4: G3","field":"moves","id":"q127505"}
2026-07-23 07:48:31+0200: Error: {"error":"Illegal move 4: H2","field":"moves","id":"q127507"}
2026-07-23 07:48:31+0200: Error: {"error":"Illegal move 4: G1","field":"moves","id":"q127510"}
2026-07-23 07:48:32+0200: Error: {"error":"Illegal move 4: E5","field":"moves","id":"q127515"}
2026-07-23 07:48:32+0200: Error: {"error":"Illegal move 4: F4","field":"moves","id":"q127516"}
2026-07-23 07:48:32+0200: Error: {"error":"Illegal move 4: H4","field":"moves","id":"q127517"}
2026-07-23 07:48:32+0200: Error: {"error":"Illegal move 4: G3","field":"moves","id":"q127518"}
2026-07-23 07:48:32+0200: Error: {"error":"Illegal move 4: H2","field":"moves","id":"q127520"}
2026-07-23 07:48:32+0200: Error: {"error":"Illegal move 4: G1","field":"moves","id":"q127523"}
2026-07-23 07:48:32+0200: Error: {"error":"Illegal move 0: A13","field":"moves","id":"q127524"}
2026-07-23 07:48:51+0200: Error: {"error":"Illegal move 0: A13","field":"moves","id":"q127535"}
2026-07-23 07:48:51+0200: Error: {"error":"Illegal move 2: A13","field":"moves","id":"q127546"}
2026-07-23 07:48:51+0200: Error: {"error":"Illegal move 2: C13","field":"moves","id":"q127547"}
2026-07-23 07:48:52+0200: Error: {"error":"Illegal move 2: A13","field":"moves","id":"q127554"}
2026-07-23 07:48:52+0200: Error: {"error":"Illegal move 2: C12","field":"moves","id":"q127555"}
2026-07-23 07:50:09+0200: Error: {"error":"Illegal move 2: A13","field":"moves","id":"q127642"}
2026-07-23 07:50:09+0200: Error: {"error":"Illegal move 4: A13","field":"moves","id":"q127653"}
2026-07-23 07:50:09+0200: Error: {"error":"Illegal move 4: C13","field":"moves","id":"q127654"}
2026-07-23 07:50:09+0200: Error: {"error":"Illegal move 4: A13","field":"moves","id":"q127661"}
2026-07-23 07:50:09+0200: Error: {"error":"Illegal move 4: C12","field":"moves","id":"q127662"}
2026-07-23 07:52:35+0200: Error: {"error":"Illegal move 4: J6","field":"moves","id":"q128125"}
2026-07-23 07:52:35+0200: Error: {"error":"Illegal move 4: H5","field":"moves","id":"q128126"}
2026-07-23 07:55:36+0200: Error: {"error":"Illegal move 0: F2","field":"moves","id":"q128711"}
2026-07-23 07:56:13+0200: Error: {"error":"Illegal move 0: E4","field":"moves","id":"q128721"}
2026-07-23 07:56:13+0200: Error: {"error":"Illegal move 0: E2","field":"moves","id":"q128723"}
2026-07-23 07:56:13+0200: Error: {"error":"Illegal move 0: M2","field":"moves","id":"q128725"}
2026-07-23 07:56:22+0200: Error: {"error":"Illegal move 0: E4","field":"moves","id":"q128729"}
2026-07-23 07:56:22+0200: Error: {"error":"Illegal move 0: E2","field":"moves","id":"q128731"}
2026-07-23 07:56:22+0200: Error: {"error":"Illegal move 0: M2","field":"moves","id":"q128733"}
2026-07-23 07:56:40+0200: Error: {"error":"Illegal move 0: E4","field":"moves","id":"q128747"}
2026-07-23 07:56:40+0200: Error: {"error":"Illegal move 0: M2","field":"moves","id":"q128750"}
2026-07-23 07:56:53+0200: Error: {"error":"Illegal move 0: E4","field":"moves","id":"q128772"}
2026-07-23 07:56:53+0200: Error: {"error":"Illegal move 0: M2","field":"moves","id":"q128775"}
2026-07-23 07:56:53+0200: Error: {"error":"Illegal move 2: E4","field":"moves","id":"q128782"}
2026-07-23 07:56:53+0200: Error: {"error":"Illegal move 2: M2","field":"moves","id":"q128787"}
2026-07-23 08:06:41+0200: Error: {"error":"Illegal move 4: L8","field":"moves","id":"q130332"}
2026-07-23 08:07:33+0200: Error: {"error":"Illegal move 0: D10","field":"moves","id":"q130716"}
2026-07-23 08:08:31+0200: Error: {"error":"Illegal move 0: D10","field":"moves","id":"q130757"}
2026-07-23 08:08:31+0200: Error: {"error":"Illegal move 2: D10","field":"moves","id":"q130796"}
2026-07-23 08:08:35+0200: Error: {"error":"Illegal move 2: D10","field":"moves","id":"q130823"}
2026-07-23 08:08:35+0200: Error: {"error":"Illegal move 2: E9","field":"moves","id":"q130826"}
2026-07-23 08:08:40+0200: Error: {"error":"Illegal move 4: D10","field":"moves","id":"q130858"}
2026-07-23 08:08:40+0200: Error: {"error":"Illegal move 4: E9","field":"moves","id":"q130861"}
2026-07-23 08:08:45+0200: Error: {"error":"Illegal move 4: D10","field":"moves","id":"q130892"}
2026-07-23 08:08:45+0200: Error: {"error":"Illegal move 4: E9","field":"moves","id":"q130894"}
2026-07-23 08:08:48+0200: Error: {"error":"Illegal move 4: D10","field":"moves","id":"q130911"}
2026-07-23 08:08:48+0200: Error: {"error":"Illegal move 4: E9","field":"moves","id":"q130914"}
2026-07-23 08:08:52+0200: Error: {"error":"Illegal move 2: D10","field":"moves","id":"q130936"}
2026-07-23 08:08:52+0200: Error: {"error":"Illegal move 2: E9","field":"moves","id":"q130939"}
2026-07-23 08:08:56+0200: Error: {"error":"Illegal move 4: D10","field":"moves","id":"q130972"}
2026-07-23 08:08:56+0200: Error: {"error":"Illegal move 4: E9","field":"moves","id":"q130975"}
2026-07-23 08:09:00+0200: Error: {"error":"Illegal move 4: D10","field":"moves","id":"q131004"}
2026-07-23 08:09:00+0200: Error: {"error":"Illegal move 4: E9","field":"moves","id":"q131007"}
2026-07-23 08:09:03+0200: Error: {"error":"Illegal move 4: D10","field":"moves","id":"q131025"}
2026-07-23 08:09:03+0200: Error: {"error":"Illegal move 4: E9","field":"moves","id":"q131028"}
2026-07-23 08:10:00+0200: Error: {"error":"Illegal move 0: D10","field":"moves","id":"q131102"}
2026-07-23 08:12:00+0200: Error: {"error":"Illegal move 0: D10","field":"moves","id":"q131196"}
2026-07-23 08:12:01+0200: Error: {"error":"Illegal move 2: D10","field":"moves","id":"q131236"}
2026-07-23 08:12:06+0200: Error: {"error":"Illegal move 4: D10","field":"moves","id":"q131270"}
2026-07-23 08:12:10+0200: Error: {"error":"Illegal move 2: D10","field":"moves","id":"q131302"}
2026-07-23 08:12:15+0200: Error: {"error":"Illegal move 4: D10","field":"moves","id":"q131337"}
2026-07-23 08:12:20+0200: Error: {"error":"Illegal move 4: D10","field":"moves","id":"q131372"}
2026-07-23 08:12:59+0200: Error: {"error":"Illegal move 4: B13","field":"moves","id":"q131706"}
2026-07-23 08:13:29+0200: Error: {"error":"Illegal move 2: G5","field":"moves","id":"q131781"}
2026-07-23 08:13:31+0200: Error: {"error":"Illegal move 4: G5","field":"moves","id":"q131795"}
2026-07-23 08:13:32+0200: Error: {"error":"Illegal move 4: G5","field":"moves","id":"q131805"}
2026-07-23 08:13:33+0200: Error: {"error":"Illegal move 4: G5","field":"moves","id":"q131817"}
2026-07-23 08:13:35+0200: Error: {"error":"Illegal move 4: G5","field":"moves","id":"q131838"}
2026-07-23 08:13:37+0200: Error: {"error":"Illegal move 0: D7","field":"moves","id":"q131859"}
2026-07-23 08:13:37+0200: Error: {"error":"Illegal move 0: K6","field":"moves","id":"q131860"}
2026-07-23 08:13:37+0200: Error: {"error":"Illegal move 0: K4","field":"moves","id":"q131864"}
2026-07-23 08:13:50+0200: Error: {"error":"Illegal move 0: D7","field":"moves","id":"q131870"}
2026-07-23 08:13:50+0200: Error: {"error":"Illegal move 0: K6","field":"moves","id":"q131871"}
2026-07-23 08:13:50+0200: Error: {"error":"Illegal move 0: K4","field":"moves","id":"q131875"}
2026-07-23 08:13:50+0200: Error: {"error":"Illegal move 2: D7","field":"moves","id":"q131881"}
2026-07-23 08:13:50+0200: Error: {"error":"Illegal move 2: K6","field":"moves","id":"q131882"}
2026-07-23 08:13:50+0200: Error: {"error":"Illegal move 2: K4","field":"moves","id":"q131885"}
2026-07-23 08:14:08+0200: Error: {"error":"Illegal move 0: D7","field":"moves","id":"q131901"}
2026-07-23 08:14:08+0200: Error: {"error":"Illegal move 0: K4","field":"moves","id":"q131907"}
2026-07-23 08:14:29+0200: Error: {"error":"Illegal move 2: G5","field":"moves","id":"q131989"}
2026-07-23 08:14:30+0200: Error: {"error":"Illegal move 4: G5","field":"moves","id":"q132004"}
2026-07-23 08:14:32+0200: Error: {"error":"Illegal move 4: G5","field":"moves","id":"q132016"}
2026-07-23 08:14:33+0200: Error: {"error":"Illegal move 4: G5","field":"moves","id":"q132030"}
2026-07-23 08:14:34+0200: Error: {"error":"Illegal move 0: D7","field":"moves","id":"q132038"}
2026-07-23 08:14:34+0200: Error: {"error":"Illegal move 0: K4","field":"moves","id":"q132044"}
2026-07-23 08:14:34+0200: Error: {"error":"Illegal move 2: D7","field":"moves","id":"q132054"}
2026-07-23 08:14:34+0200: Error: {"error":"Illegal move 2: K4","field":"moves","id":"q132058"}
2026-07-23 08:14:35+0200: Error: {"error":"Illegal move 4: D7","field":"moves","id":"q132065"}
2026-07-23 08:14:35+0200: Error: {"error":"Illegal move 4: K4","field":"moves","id":"q132068"}
2026-07-23 08:14:36+0200: Error: {"error":"Illegal move 4: D7","field":"moves","id":"q132071"}
2026-07-23 08:14:36+0200: Error: {"error":"Illegal move 4: K4","field":"moves","id":"q132074"}
2026-07-23 08:14:37+0200: Error: {"error":"Illegal move 2: D7","field":"moves","id":"q132077"}
2026-07-23 08:14:37+0200: Error: {"error":"Illegal move 2: K4","field":"moves","id":"q132081"}
2026-07-23 08:14:37+0200: Error: {"error":"Illegal move 4: D7","field":"moves","id":"q132089"}
2026-07-23 08:14:37+0200: Error: {"error":"Illegal move 4: K4","field":"moves","id":"q132093"}
2026-07-23 08:14:38+0200: Error: {"error":"Illegal move 4: D7","field":"moves","id":"q132098"}
2026-07-23 08:14:38+0200: Error: {"error":"Illegal move 4: K4","field":"moves","id":"q132100"}
2026-07-23 08:14:39+0200: Error: {"error":"Illegal move 4: D7","field":"moves","id":"q132104"}
2026-07-23 08:14:39+0200: Error: {"error":"Illegal move 4: K6","field":"moves","id":"q132105"}
2026-07-23 08:14:39+0200: Error: {"error":"Illegal move 4: K4","field":"moves","id":"q132107"}
2026-07-23 08:14:40+0200: Error: {"error":"Illegal move 2: D7","field":"moves","id":"q132112"}
2026-07-23 08:14:40+0200: Error: {"error":"Illegal move 2: K6","field":"moves","id":"q132113"}
2026-07-23 08:14:40+0200: Error: {"error":"Illegal move 2: K4","field":"moves","id":"q132117"}
2026-07-23 08:14:40+0200: Error: {"error":"Illegal move 4: D7","field":"moves","id":"q132123"}
2026-07-23 08:14:40+0200: Error: {"error":"Illegal move 4: K6","field":"moves","id":"q132124"}
2026-07-23 08:14:40+0200: Error: {"error":"Illegal move 4: K4","field":"moves","id":"q132127"}
2026-07-23 08:14:41+0200: Error: {"error":"Illegal move 4: D7","field":"moves","id":"q132131"}
2026-07-23 08:14:41+0200: Error: {"error":"Illegal move 4: K6","field":"moves","id":"q132132"}
2026-07-23 08:14:41+0200: Error: {"error":"Illegal move 4: K4","field":"moves","id":"q132134"}
2026-07-23 08:14:41+0200: Error: {"error":"Illegal move 4: D7","field":"moves","id":"q132136"}
2026-07-23 08:14:41+0200: Error: {"error":"Illegal move 4: K6","field":"moves","id":"q132137"}
2026-07-23 08:14:41+0200: Error: {"error":"Illegal move 4: K4","field":"moves","id":"q132140"}
2026-07-23 08:15:33+0200: Error: {"error":"Illegal move 0: J7","field":"moves","id":"q132247"}
2026-07-23 08:16:19+0200: Error: {"error":"Illegal move 0: J7","field":"moves","id":"q132269"}
2026-07-23 08:16:20+0200: Error: {"error":"Illegal move 2: J7","field":"moves","id":"q132290"}
2026-07-23 08:16:21+0200: Error: {"error":"Illegal move 2: J7","field":"moves","id":"q132302"}
2026-07-23 08:16:23+0200: Error: {"error":"Illegal move 2: J7","field":"moves","id":"q132314"}
2026-07-23 08:16:27+0200: Error: {"error":"Illegal move 4: J7","field":"moves","id":"q132334"}
2026-07-23 08:16:30+0200: Error: {"error":"Illegal move 4: J7","field":"moves","id":"q132354"}
2026-07-23 08:16:33+0200: Error: {"error":"Illegal move 4: J7","field":"moves","id":"q132373"}
2026-07-23 08:17:04+0200: Error: {"error":"Illegal move 0: J7","field":"moves","id":"q132419"}
2026-07-23 08:17:57+0200: Error: {"error":"Illegal move 0: J7","field":"moves","id":"q132544"}
2026-07-23 08:17:57+0200: Error: {"error":"Illegal move 2: J7","field":"moves","id":"q132569"}
2026-07-23 08:18:01+0200: Error: {"error":"Illegal move 4: J7","field":"moves","id":"q132592"}
2026-07-23 08:18:04+0200: Error: {"error":"Illegal move 4: J7","field":"moves","id":"q132613"}
2026-07-23 08:18:07+0200: Error: {"error":"Illegal move 4: J7","field":"moves","id":"q132634"}
2026-07-23 08:18:10+0200: Error: {"error":"Illegal move 2: J7","field":"moves","id":"q132654"}
2026-07-23 08:18:13+0200: Error: {"error":"Illegal move 4: J7","field":"moves","id":"q132675"}
2026-07-23 08:18:16+0200: Error: {"error":"Illegal move 4: J7","field":"moves","id":"q132694"}
2026-07-23 08:18:18+0200: Error: {"error":"Illegal move 4: J7","field":"moves","id":"q132705"}
2026-07-23 08:18:20+0200: Error: {"error":"Illegal move 2: J7","field":"moves","id":"q132717"}
2026-07-23 08:18:23+0200: Error: {"error":"Illegal move 4: J7","field":"moves","id":"q132736"}
2026-07-23 08:18:26+0200: Error: {"error":"Illegal move 4: J7","field":"moves","id":"q132756"}
2026-07-23 08:20:24+0200: Error: {"error":"Illegal move 4: G6","field":"moves","id":"q133166"}
2026-07-23 08:20:24+0200: Error: {"error":"Illegal move 4: H5","field":"moves","id":"q133168"}
2026-07-23 08:24:28+0200: Error: {"error":"Illegal move 4: N5","field":"moves","id":"q133587"}
2026-07-23 08:24:44+0200: Error: {"error":"Illegal move 4: K5","field":"moves","id":"q133791"}
2026-07-23 08:24:49+0200: Error: {"error":"Illegal move 4: J5","field":"moves","id":"q133829"}
2026-07-23 08:24:54+0200: Error: {"error":"Illegal move 2: J5","field":"moves","id":"q133868"}
2026-07-23 08:24:56+0200: Error: {"error":"Illegal move 4: J5","field":"moves","id":"q133911"}
2026-07-23 08:25:00+0200: Error: {"error":"Illegal move 4: J5","field":"moves","id":"q133950"}
2026-07-23 08:25:05+0200: Error: {"error":"Illegal move 4: J5","field":"moves","id":"q133987"}
2026-07-23 08:25:11+0200: Error: {"error":"Illegal move 2: K5","field":"moves","id":"q134028"}
2026-07-23 08:25:14+0200: Error: {"error":"Illegal move 4: K5","field":"moves","id":"q134069"}
2026-07-23 08:25:19+0200: Error: {"error":"Illegal move 0: F5","field":"moves","id":"q134103"}
2026-07-23 08:25:29+0200: Error: {"error":"Illegal move 0: F5","field":"moves","id":"q134110"}
2026-07-23 08:25:46+0200: Error: {"error":"Illegal move 0: F5","field":"moves","id":"q134132"}
2026-07-23 08:26:05+0200: Error: {"error":"Illegal move 4: E1","field":"moves","id":"q134189"}
2026-07-23 08:26:06+0200: Error: {"error":"Illegal move 0: F5","field":"moves","id":"q134193"}
2026-07-23 08:26:06+0200: Error: {"error":"Illegal move 2: F5","field":"moves","id":"q134207"}
2026-07-23 08:26:07+0200: Error: {"error":"Illegal move 2: F5","field":"moves","id":"q134213"}
2026-07-23 08:28:34+0200: Error: {"error":"Illegal move 4: F13","field":"moves","id":"q134720"}
2026-07-23 08:31:11+0200: Error: {"error":"Illegal move 0: K13","field":"moves","id":"q135306"}
2026-07-23 08:31:29+0200: Error: {"error":"Illegal move 0: K13","field":"moves","id":"q135320"}
2026-07-23 08:31:29+0200: Error: {"error":"Illegal move 2: K13","field":"moves","id":"q135334"}
2026-07-23 08:33:24+0200: Error: {"error":"Illegal move 0: E10","field":"moves","id":"q135496"}
2026-07-23 08:34:43+0200: Error: {"error":"Illegal move 0: G11","field":"moves","id":"q135563"}
2026-07-23 08:35:11+0200: Error: {"error":"Illegal move 0: G11","field":"moves","id":"q135580"}
2026-07-23 08:35:11+0200: Error: {"error":"Illegal move 2: G11","field":"moves","id":"q135596"}
2026-07-23 08:35:13+0200: Error: {"error":"Illegal move 2: G11","field":"moves","id":"q135610"}
2026-07-23 08:35:14+0200: Error: {"error":"Illegal move 4: G11","field":"moves","id":"q135626"}
2026-07-23 08:35:16+0200: Error: {"error":"Illegal move 4: G11","field":"moves","id":"q135640"}
2026-07-23 08:35:16+0200: Error: {"error":"Illegal move 4: N8","field":"moves","id":"q135643"}
2026-07-23 08:35:57+0200: Error: {"error":"Illegal move 0: G11","field":"moves","id":"q135673"}
2026-07-23 08:37:02+0200: Error: {"error":"Illegal move 0: G11","field":"moves","id":"q135847"}
2026-07-23 08:42:22+0200: Error: {"error":"Illegal move 4: F2","field":"moves","id":"q136672"}
2026-07-23 08:42:28+0200: Error: {"error":"Illegal move 4: F2","field":"moves","id":"q136714"}
2026-07-23 08:43:11+0200: Error: {"error":"Illegal move 0: B10","field":"moves","id":"q137075"}
2026-07-23 08:43:56+0200: Error: {"error":"Illegal move 0: B10","field":"moves","id":"q137100"}
2026-07-23 08:43:56+0200: Error: {"error":"Illegal move 2: A11","field":"moves","id":"q137122"}
2026-07-23 08:43:56+0200: Error: {"error":"Illegal move 2: B10","field":"moves","id":"q137124"}
2026-07-23 08:43:58+0200: Error: {"error":"Illegal move 4: A11","field":"moves","id":"q137142"}
2026-07-23 08:43:58+0200: Error: {"error":"Illegal move 4: B10","field":"moves","id":"q137144"}
2026-07-23 08:44:00+0200: Error: {"error":"Illegal move 4: A11","field":"moves","id":"q137159"}
2026-07-23 08:44:00+0200: Error: {"error":"Illegal move 4: B10","field":"moves","id":"q137160"}
2026-07-23 08:44:02+0200: Error: {"error":"Illegal move 4: A11","field":"moves","id":"q137175"}
2026-07-23 08:44:02+0200: Error: {"error":"Illegal move 4: B10","field":"moves","id":"q137177"}
2026-07-23 08:44:04+0200: Error: {"error":"Illegal move 2: A11","field":"moves","id":"q137189"}
2026-07-23 08:44:04+0200: Error: {"error":"Illegal move 2: B10","field":"moves","id":"q137191"}
2026-07-23 08:44:06+0200: Error: {"error":"Illegal move 4: A11","field":"moves","id":"q137206"}
2026-07-23 08:44:06+0200: Error: {"error":"Illegal move 4: B10","field":"moves","id":"q137208"}
2026-07-23 08:44:08+0200: Error: {"error":"Illegal move 2: B10","field":"moves","id":"q137224"}
2026-07-23 08:44:10+0200: Error: {"error":"Illegal move 4: A11","field":"moves","id":"q137242"}
2026-07-23 08:44:10+0200: Error: {"error":"Illegal move 4: B10","field":"moves","id":"q137243"}
2026-07-23 08:44:11+0200: Error: {"error":"Illegal move 4: B10","field":"moves","id":"q137261"}
2026-07-23 08:44:13+0200: Error: {"error":"Illegal move 4: B10","field":"moves","id":"q137275"}
2026-07-23 08:44:52+0200: Error: {"error":"Illegal move 0: B10","field":"moves","id":"q137325"}
2026-07-23 08:46:34+0200: Error: {"error":"Illegal move 0: B10","field":"moves","id":"q137396"}
2026-07-23 08:46:48+0200: Error: {"error":"Illegal move 4: D7","field":"moves","id":"q137564"}
2026-07-23 08:47:02+0200: Error: {"error":"Illegal move 0: H3","field":"moves","id":"q137702"}
2026-07-23 08:50:12+0200: Error: {"error":"Illegal move 0: H3","field":"moves","id":"q137829"}
2026-07-23 08:50:13+0200: Error: {"error":"Illegal move 2: H3","field":"moves","id":"q137954"}
2026-07-23 08:50:32+0200: Error: {"error":"Illegal move 4: H3","field":"moves","id":"q138075"}
2026-07-23 08:50:50+0200: Error: {"error":"Illegal move 4: H3","field":"moves","id":"q138194"}
2026-07-23 08:51:06+0200: Error: {"error":"Illegal move 4: H3","field":"moves","id":"q138314"}
2026-07-23 08:51:26+0200: Error: {"error":"Illegal move 2: H3","field":"moves","id":"q138434"}
2026-07-23 08:51:43+0200: Error: {"error":"Illegal move 4: H3","field":"moves","id":"q138555"}
2026-07-23 08:52:02+0200: Error: {"error":"Illegal move 4: H3","field":"moves","id":"q138675"}
2026-07-23 08:52:20+0200: Error: {"error":"Illegal move 4: H3","field":"moves","id":"q138798"}
2026-07-23 08:52:36+0200: Error: {"error":"Illegal move 2: H3","field":"moves","id":"q138924"}
2026-07-23 08:52:53+0200: Error: {"error":"Illegal move 4: H3","field":"moves","id":"q139051"}
2026-07-23 08:53:11+0200: Error: {"error":"Illegal move 4: M13","field":"moves","id":"q139128"}
2026-07-23 08:53:11+0200: Error: {"error":"Illegal move 4: H3","field":"moves","id":"q139173"}
2026-07-23 08:53:30+0200: Error: {"error":"Illegal move 4: M13","field":"moves","id":"q139252"}
2026-07-23 08:53:30+0200: Error: {"error":"Illegal move 4: H3","field":"moves","id":"q139297"}
2026-07-23 08:59:22+0200: Error: {"error":"Illegal move 0: H3","field":"moves","id":"q140589"}
2026-07-23 09:09:43+0200: Error: {"error":"Illegal move 0: H3","field":"moves","id":"q140997"}
2026-07-23 09:09:46+0200: Error: {"error":"Illegal move 2: H3","field":"moves","id":"q141122"}
2026-07-23 09:10:04+0200: Error: {"error":"Illegal move 4: H3","field":"moves","id":"q141246"}
2026-07-23 09:10:21+0200: Error: {"error":"Illegal move 4: H3","field":"moves","id":"q141366"}
2026-07-23 09:10:42+0200: Error: {"error":"Illegal move 4: H3","field":"moves","id":"q141492"}
2026-07-23 09:11:02+0200: Error: {"error":"Illegal move 2: H3","field":"moves","id":"q141616"}
2026-07-23 09:11:21+0200: Error: {"error":"Illegal move 4: H3","field":"moves","id":"q141740"}
2026-07-23 09:11:41+0200: Error: {"error":"Illegal move 4: H3","field":"moves","id":"q141865"}
2026-07-23 09:14:29+0200: Error: {"error":"Illegal move 2: N13","field":"moves","id":"q143081"}
2026-07-23 09:14:29+0200: Error: {"error":"Illegal move 2: M12","field":"moves","id":"q143087"}
2026-07-23 09:14:46+0200: Error: {"error":"Illegal move 4: N13","field":"moves","id":"q143203"}
2026-07-23 09:14:46+0200: Error: {"error":"Illegal move 4: M12","field":"moves","id":"q143209"}
2026-07-23 09:15:01+0200: Error: {"error":"Illegal move 4: N13","field":"moves","id":"q143325"}
2026-07-23 09:15:01+0200: Error: {"error":"Illegal move 4: M12","field":"moves","id":"q143331"}
2026-07-23 09:15:21+0200: Error: {"error":"Illegal move 4: N13","field":"moves","id":"q143448"}
2026-07-23 09:15:21+0200: Error: {"error":"Illegal move 4: M12","field":"moves","id":"q143454"}
2026-07-23 09:15:21+0200: Error: {"error":"Illegal move 4: E3","field":"moves","id":"q143490"}
2026-07-23 09:15:37+0200: Error: {"error":"Illegal move 0: F8","field":"moves","id":"q143537"}
2026-07-23 09:15:37+0200: Error: {"error":"Illegal move 0: C4","field":"moves","id":"q143542"}
2026-07-23 09:16:03+0200: Error: {"error":"Illegal move 0: F8","field":"moves","id":"q143553"}
2026-07-23 09:16:03+0200: Error: {"error":"Illegal move 0: C4","field":"moves","id":"q143558"}
2026-07-23 09:16:03+0200: Error: {"error":"Illegal move 2: A8","field":"moves","id":"q143567"}
2026-07-23 09:16:03+0200: Error: {"error":"Illegal move 2: F8","field":"moves","id":"q143569"}
2026-07-23 09:16:03+0200: Error: {"error":"Illegal move 2: C4","field":"moves","id":"q143574"}
2026-07-23 09:16:05+0200: Error: {"error":"Illegal move 4: A8","field":"moves","id":"q143582"}
2026-07-23 09:16:05+0200: Error: {"error":"Illegal move 4: F8","field":"moves","id":"q143583"}
2026-07-23 09:16:05+0200: Error: {"error":"Illegal move 4: C4","field":"moves","id":"q143587"}
2026-07-23 09:16:05+0200: Error: {"error":"Illegal move 4: A8","field":"moves","id":"q143591"}
2026-07-23 09:16:05+0200: Error: {"error":"Illegal move 4: F8","field":"moves","id":"q143592"}
2026-07-23 09:16:05+0200: Error: {"error":"Illegal move 4: C4","field":"moves","id":"q143596"}
2026-07-23 09:16:06+0200: Error: {"error":"Illegal move 2: F8","field":"moves","id":"q143600"}
2026-07-23 09:16:06+0200: Error: {"error":"Illegal move 2: C4","field":"moves","id":"q143604"}
2026-07-23 09:16:07+0200: Error: {"error":"Illegal move 4: A8","field":"moves","id":"q143612"}
2026-07-23 09:16:07+0200: Error: {"error":"Illegal move 4: F8","field":"moves","id":"q143613"}
2026-07-23 09:16:07+0200: Error: {"error":"Illegal move 4: C4","field":"moves","id":"q143617"}
2026-07-23 09:16:07+0200: Error: {"error":"Illegal move 4: F8","field":"moves","id":"q143622"}
2026-07-23 09:16:07+0200: Error: {"error":"Illegal move 4: G7","field":"moves","id":"q143624"}
2026-07-23 09:16:07+0200: Error: {"error":"Illegal move 4: C4","field":"moves","id":"q143626"}
2026-07-23 09:16:09+0200: Error: {"error":"Illegal move 0: G4","field":"moves","id":"q143640"}
2026-07-23 09:16:41+0200: Error: {"error":"Illegal move 0: F8","field":"moves","id":"q143654"}
2026-07-23 09:16:41+0200: Error: {"error":"Illegal move 0: C4","field":"moves","id":"q143660"}
2026-07-23 09:17:21+0200: Error: {"error":"Illegal move 0: G4","field":"moves","id":"q143697"}
2026-07-23 09:17:21+0200: Error: {"error":"Illegal move 2: G4","field":"moves","id":"q143716"}
2026-07-23 09:17:22+0200: Error: {"error":"Illegal move 4: G4","field":"moves","id":"q143732"}
2026-07-23 09:17:24+0200: Error: {"error":"Illegal move 4: G4","field":"moves","id":"q143746"}
2026-07-23 09:17:25+0200: Error: {"error":"Illegal move 4: G4","field":"moves","id":"q143762"}
2026-07-23 09:17:27+0200: Error: {"error":"Illegal move 2: G4","field":"moves","id":"q143777"}
2026-07-23 09:17:29+0200: Error: {"error":"Illegal move 4: G4","field":"moves","id":"q143793"}
2026-07-23 09:17:31+0200: Error: {"error":"Illegal move 4: G4","field":"moves","id":"q143808"}
2026-07-23 09:17:32+0200: Error: {"error":"Illegal move 4: G4","field":"moves","id":"q143823"}
2026-07-23 09:17:34+0200: Error: {"error":"Illegal move 2: G4","field":"moves","id":"q143840"}
2026-07-23 09:17:36+0200: Error: {"error":"Illegal move 4: G4","field":"moves","id":"q143856"}
2026-07-23 09:17:38+0200: Error: {"error":"Illegal move 4: G4","field":"moves","id":"q143871"}
2026-07-23 09:17:40+0200: Error: {"error":"Illegal move 4: G4","field":"moves","id":"q143885"}
2026-07-23 09:17:41+0200: Error: {"error":"Illegal move 0: F8","field":"moves","id":"q143894"}
2026-07-23 09:17:41+0200: Error: {"error":"Illegal move 0: C4","field":"moves","id":"q143900"}
2026-07-23 09:17:41+0200: Error: {"error":"Illegal move 2: F8","field":"moves","id":"q143913"}
2026-07-23 09:17:41+0200: Error: {"error":"Illegal move 2: C4","field":"moves","id":"q143919"}
2026-07-23 09:17:42+0200: Error: {"error":"Illegal move 4: F8","field":"moves","id":"q143927"}
2026-07-23 09:17:42+0200: Error: {"error":"Illegal move 4: G7","field":"moves","id":"q143932"}
2026-07-23 09:17:42+0200: Error: {"error":"Illegal move 4: C4","field":"moves","id":"q143934"}
2026-07-23 09:17:44+0200: Error: {"error":"Illegal move 4: F8","field":"moves","id":"q143938"}
2026-07-23 09:17:44+0200: Error: {"error":"Illegal move 4: C4","field":"moves","id":"q143944"}
2026-07-23 09:17:45+0200: Error: {"error":"Illegal move 2: F8","field":"moves","id":"q143947"}
2026-07-23 09:17:45+0200: Error: {"error":"Illegal move 2: C4","field":"moves","id":"q143952"}
2026-07-23 09:17:47+0200: Error: {"error":"Illegal move 4: F8","field":"moves","id":"q143960"}
2026-07-23 09:17:47+0200: Error: {"error":"Illegal move 4: G7","field":"moves","id":"q143964"}
2026-07-23 09:17:47+0200: Error: {"error":"Illegal move 4: C4","field":"moves","id":"q143966"}
2026-07-23 09:17:48+0200: Error: {"error":"Illegal move 4: F8","field":"moves","id":"q143973"}
2026-07-23 09:17:48+0200: Error: {"error":"Illegal move 4: C4","field":"moves","id":"q143978"}
2026-07-23 09:17:50+0200: Error: {"error":"Illegal move 2: F8","field":"moves","id":"q143983"}
2026-07-23 09:17:50+0200: Error: {"error":"Illegal move 2: C4","field":"moves","id":"q143988"}
2026-07-23 09:17:51+0200: Error: {"error":"Illegal move 4: F8","field":"moves","id":"q143997"}
2026-07-23 09:17:51+0200: Error: {"error":"Illegal move 4: C4","field":"moves","id":"q144002"}
2026-07-23 09:17:53+0200: Error: {"error":"Illegal move 0: C4","field":"moves","id":"q144011"}
2026-07-23 09:18:11+0200: Error: {"error":"Illegal move 0: C4","field":"moves","id":"q144021"}
2026-07-23 09:18:11+0200: Error: {"error":"Illegal move 2: C4","field":"moves","id":"q144031"}
2026-07-23 09:18:11+0200: Error: {"error":"Illegal move 2: E1","field":"moves","id":"q144033"}
2026-07-23 09:18:43+0200: Error: {"error":"Illegal move 0: C4","field":"moves","id":"q144126"}
2026-07-23 09:19:30+0200: Error: {"error":"Illegal move 0: C4","field":"moves","id":"q144161"}
2026-07-23 09:19:30+0200: Error: {"error":"Illegal move 2: C4","field":"moves","id":"q144172"}
2026-07-23 09:19:31+0200: Error: {"error":"Illegal move 2: C4","field":"moves","id":"q144179"}
2026-07-23 09:19:32+0200: Error: {"error":"Illegal move 2: C4","field":"moves","id":"q144185"}
2026-07-23 09:20:44+0200: Error: {"error":"Illegal move 0: L13","field":"moves","id":"q144342"}
2026-07-23 09:20:44+0200: Error: {"error":"Illegal move 0: N13","field":"moves","id":"q144343"}
2026-07-23 09:20:44+0200: Error: {"error":"Illegal move 0: M12","field":"moves","id":"q144345"}
2026-07-23 09:20:44+0200: Error: {"error":"Illegal move 0: H8","field":"moves","id":"q144351"}
2026-07-23 09:20:44+0200: Error: {"error":"Illegal move 0: L6","field":"moves","id":"q144357"}
2026-07-23 09:21:30+0200: Error: {"error":"Illegal move 0: L13","field":"moves","id":"q144369"}
2026-07-23 09:21:30+0200: Error: {"error":"Illegal move 0: N13","field":"moves","id":"q144370"}
2026-07-23 09:21:30+0200: Error: {"error":"Illegal move 0: M12","field":"moves","id":"q144372"}
2026-07-23 09:21:30+0200: Error: {"error":"Illegal move 0: H8","field":"moves","id":"q144378"}
2026-07-23 09:21:30+0200: Error: {"error":"Illegal move 0: L6","field":"moves","id":"q144384"}
2026-07-23 09:21:30+0200: Error: {"error":"Illegal move 2: L13","field":"moves","id":"q144398"}
2026-07-23 09:21:30+0200: Error: {"error":"Illegal move 2: N13","field":"moves","id":"q144399"}
2026-07-23 09:21:30+0200: Error: {"error":"Illegal move 2: M12","field":"moves","id":"q144401"}
2026-07-23 09:21:30+0200: Error: {"error":"Illegal move 2: H8","field":"moves","id":"q144406"}
2026-07-23 09:21:30+0200: Error: {"error":"Illegal move 2: L6","field":"moves","id":"q144411"}
2026-07-23 09:21:32+0200: Error: {"error":"Illegal move 4: L13","field":"moves","id":"q144418"}
2026-07-23 09:21:32+0200: Error: {"error":"Illegal move 4: N13","field":"moves","id":"q144419"}
2026-07-23 09:21:32+0200: Error: {"error":"Illegal move 4: M12","field":"moves","id":"q144421"}
2026-07-23 09:21:32+0200: Error: {"error":"Illegal move 4: H8","field":"moves","id":"q144425"}
2026-07-23 09:21:32+0200: Error: {"error":"Illegal move 4: L6","field":"moves","id":"q144430"}
2026-07-23 09:21:34+0200: Error: {"error":"Illegal move 4: L13","field":"moves","id":"q144434"}
2026-07-23 09:21:34+0200: Error: {"error":"Illegal move 4: N13","field":"moves","id":"q144435"}
2026-07-23 09:21:34+0200: Error: {"error":"Illegal move 4: M12","field":"moves","id":"q144437"}
2026-07-23 09:21:34+0200: Error: {"error":"Illegal move 4: H8","field":"moves","id":"q144442"}
2026-07-23 09:21:34+0200: Error: {"error":"Illegal move 4: L6","field":"moves","id":"q144447"}
2026-07-23 09:21:36+0200: Error: {"error":"Illegal move 2: L13","field":"moves","id":"q144449"}
2026-07-23 09:21:36+0200: Error: {"error":"Illegal move 2: N13","field":"moves","id":"q144450"}
2026-07-23 09:21:36+0200: Error: {"error":"Illegal move 2: M12","field":"moves","id":"q144452"}
2026-07-23 09:21:36+0200: Error: {"error":"Illegal move 2: H8","field":"moves","id":"q144457"}
2026-07-23 09:21:36+0200: Error: {"error":"Illegal move 2: L6","field":"moves","id":"q144462"}
2026-07-23 09:21:37+0200: Error: {"error":"Illegal move 2: L13","field":"moves","id":"q144467"}
2026-07-23 09:21:37+0200: Error: {"error":"Illegal move 2: N13","field":"moves","id":"q144468"}
2026-07-23 09:21:37+0200: Error: {"error":"Illegal move 2: M12","field":"moves","id":"q144470"}
2026-07-23 09:21:37+0200: Error: {"error":"Illegal move 2: H8","field":"moves","id":"q144475"}
2026-07-23 09:21:37+0200: Error: {"error":"Illegal move 2: L6","field":"moves","id":"q144480"}
2026-07-23 09:21:40+0200: Error: {"error":"Illegal move 4: L13","field":"moves","id":"q144485"}
2026-07-23 09:21:40+0200: Error: {"error":"Illegal move 4: N13","field":"moves","id":"q144486"}
2026-07-23 09:21:40+0200: Error: {"error":"Illegal move 4: M12","field":"moves","id":"q144488"}
2026-07-23 09:21:40+0200: Error: {"error":"Illegal move 4: H8","field":"moves","id":"q144492"}
2026-07-23 09:21:40+0200: Error: {"error":"Illegal move 4: L6","field":"moves","id":"q144497"}
2026-07-23 09:21:41+0200: Error: {"error":"Illegal move 4: L13","field":"moves","id":"q144500"}
2026-07-23 09:21:41+0200: Error: {"error":"Illegal move 4: N13","field":"moves","id":"q144501"}
2026-07-23 09:21:41+0200: Error: {"error":"Illegal move 4: M12","field":"moves","id":"q144503"}
2026-07-23 09:21:41+0200: Error: {"error":"Illegal move 4: H8","field":"moves","id":"q144507"}
2026-07-23 09:21:41+0200: Error: {"error":"Illegal move 4: L6","field":"moves","id":"q144512"}
2026-07-23 09:22:22+0200: Error: {"error":"Illegal move 0: H8","field":"moves","id":"q144562"}
2026-07-23 09:22:22+0200: Error: {"error":"Illegal move 0: L6","field":"moves","id":"q144568"}
2026-07-23 09:23:30+0200: Error: {"error":"Illegal move 0: H8","field":"moves","id":"q144896"}
2026-07-23 09:23:30+0200: Error: {"error":"Illegal move 0: L6","field":"moves","id":"q144902"}
2026-07-23 09:23:31+0200: Error: {"error":"Illegal move 2: L13","field":"moves","id":"q144921"}
2026-07-23 09:23:31+0200: Error: {"error":"Illegal move 2: N13","field":"moves","id":"q144922"}
2026-07-23 09:23:31+0200: Error: {"error":"Illegal move 2: M12","field":"moves","id":"q144924"}
2026-07-23 09:23:31+0200: Error: {"error":"Illegal move 2: H8","field":"moves","id":"q144929"}
2026-07-23 09:23:31+0200: Error: {"error":"Illegal move 2: L6","field":"moves","id":"q144935"}
2026-07-23 09:23:33+0200: Error: {"error":"Illegal move 4: L13","field":"moves","id":"q144950"}
2026-07-23 09:23:33+0200: Error: {"error":"Illegal move 4: N13","field":"moves","id":"q144951"}
2026-07-23 09:23:33+0200: Error: {"error":"Illegal move 4: M12","field":"moves","id":"q144953"}
2026-07-23 09:23:33+0200: Error: {"error":"Illegal move 4: H8","field":"moves","id":"q144957"}
2026-07-23 09:23:33+0200: Error: {"error":"Illegal move 4: L6","field":"moves","id":"q144962"}
2026-07-23 09:23:36+0200: Error: {"error":"Illegal move 4: L13","field":"moves","id":"q144970"}
2026-07-23 09:23:36+0200: Error: {"error":"Illegal move 4: N13","field":"moves","id":"q144971"}
2026-07-23 09:23:36+0200: Error: {"error":"Illegal move 4: M12","field":"moves","id":"q144973"}
2026-07-23 09:23:36+0200: Error: {"error":"Illegal move 4: H8","field":"moves","id":"q144977"}
2026-07-23 09:23:36+0200: Error: {"error":"Illegal move 4: L6","field":"moves","id":"q144983"}
2026-07-23 09:23:39+0200: Error: {"error":"Illegal move 4: L13","field":"moves","id":"q144997"}
2026-07-23 09:23:39+0200: Error: {"error":"Illegal move 4: N13","field":"moves","id":"q144998"}
2026-07-23 09:23:39+0200: Error: {"error":"Illegal move 4: M12","field":"moves","id":"q145000"}
2026-07-23 09:23:39+0200: Error: {"error":"Illegal move 4: H8","field":"moves","id":"q145005"}
2026-07-23 09:23:39+0200: Error: {"error":"Illegal move 4: L6","field":"moves","id":"q145010"}
2026-07-23 09:23:41+0200: Error: {"error":"Illegal move 2: L13","field":"moves","id":"q145015"}
2026-07-23 09:23:41+0200: Error: {"error":"Illegal move 2: N13","field":"moves","id":"q145016"}
2026-07-23 09:23:41+0200: Error: {"error":"Illegal move 2: M12","field":"moves","id":"q145018"}
2026-07-23 09:23:41+0200: Error: {"error":"Illegal move 2: H8","field":"moves","id":"q145023"}
2026-07-23 09:23:41+0200: Error: {"error":"Illegal move 2: L6","field":"moves","id":"q145029"}
2026-07-23 09:23:43+0200: Error: {"error":"Illegal move 4: L13","field":"moves","id":"q145044"}
2026-07-23 09:23:43+0200: Error: {"error":"Illegal move 4: N13","field":"moves","id":"q145045"}
2026-07-23 09:23:43+0200: Error: {"error":"Illegal move 4: M12","field":"moves","id":"q145047"}
2026-07-23 09:23:43+0200: Error: {"error":"Illegal move 4: H8","field":"moves","id":"q145052"}
2026-07-23 09:23:43+0200: Error: {"error":"Illegal move 4: L6","field":"moves","id":"q145056"}
2026-07-23 09:23:46+0200: Error: {"error":"Illegal move 4: L13","field":"moves","id":"q145067"}
2026-07-23 09:23:46+0200: Error: {"error":"Illegal move 4: N13","field":"moves","id":"q145068"}
2026-07-23 09:23:46+0200: Error: {"error":"Illegal move 4: M12","field":"moves","id":"q145070"}
2026-07-23 09:23:46+0200: Error: {"error":"Illegal move 4: H8","field":"moves","id":"q145074"}
2026-07-23 09:23:46+0200: Error: {"error":"Illegal move 4: L6","field":"moves","id":"q145079"}
2026-07-23 09:23:48+0200: Error: {"error":"Illegal move 4: L13","field":"moves","id":"q145086"}
2026-07-23 09:23:48+0200: Error: {"error":"Illegal move 4: N13","field":"moves","id":"q145087"}
2026-07-23 09:23:48+0200: Error: {"error":"Illegal move 4: M12","field":"moves","id":"q145089"}
2026-07-23 09:23:48+0200: Error: {"error":"Illegal move 4: H8","field":"moves","id":"q145095"}
2026-07-23 09:23:48+0200: Error: {"error":"Illegal move 4: L6","field":"moves","id":"q145100"}
2026-07-23 09:24:12+0200: Error: {"error":"Illegal move 0: C3","field":"moves","id":"q145132"}
2026-07-23 09:24:29+0200: Error: {"error":"Illegal move 0: C3","field":"moves","id":"q145140"}
2026-07-23 09:24:54+0200: Error: {"error":"Illegal move 0: C3","field":"moves","id":"q145162"}
2026-07-23 09:25:19+0200: Error: {"error":"Illegal move 0: C3","field":"moves","id":"q145197"}
2026-07-23 09:25:19+0200: Error: {"error":"Illegal move 2: C3","field":"moves","id":"q145211"}
2026-07-23 09:25:20+0200: Error: {"error":"Illegal move 2: C3","field":"moves","id":"q145218"}
2026-07-23 09:25:21+0200: Error: {"error":"Illegal move 0: J5","field":"moves","id":"q145221"}
2026-07-23 09:25:21+0200: Error: {"error":"Illegal move 0: M5","field":"moves","id":"q145222"}
2026-07-23 09:26:02+0200: Error: {"error":"Illegal move 0: J5","field":"moves","id":"q145248"}
2026-07-23 09:26:02+0200: Error: {"error":"Illegal move 0: M5","field":"moves","id":"q145249"}
2026-07-23 09:26:02+0200: Error: {"error":"Illegal move 2: J5","field":"moves","id":"q145275"}
2026-07-23 09:26:02+0200: Error: {"error":"Illegal move 2: M5","field":"moves","id":"q145276"}
2026-07-23 09:26:02+0200: Error: {"error":"Illegal move 2: H1","field":"moves","id":"q145287"}
2026-07-23 09:26:03+0200: Error: {"error":"Illegal move 4: J5","field":"moves","id":"q145299"}
2026-07-23 09:26:03+0200: Error: {"error":"Illegal move 4: M5","field":"moves","id":"q145300"}
2026-07-23 09:26:03+0200: Error: {"error":"Illegal move 4: N4","field":"moves","id":"q145301"}
2026-07-23 09:26:03+0200: Error: {"error":"Illegal move 4: H1","field":"moves","id":"q145310"}
2026-07-23 09:26:52+0200: Error: {"error":"Illegal move 0: J5","field":"moves","id":"q145354"}
2026-07-23 09:26:52+0200: Error: {"error":"Illegal move 0: M5","field":"moves","id":"q145355"}
2026-07-23 09:28:09+0200: Error: {"error":"Illegal move 0: J5","field":"moves","id":"q145574"}
2026-07-23 09:28:09+0200: Error: {"error":"Illegal move 0: M5","field":"moves","id":"q145575"}
2026-07-23 09:28:09+0200: Error: {"error":"Illegal move 2: J5","field":"moves","id":"q145611"}
2026-07-23 09:28:09+0200: Error: {"error":"Illegal move 2: M5","field":"moves","id":"q145612"}
2026-07-23 09:28:09+0200: Error: {"error":"Illegal move 2: H1","field":"moves","id":"q145623"}
2026-07-23 09:28:11+0200: Error: {"error":"Illegal move 4: J5","field":"moves","id":"q145645"}
2026-07-23 09:28:11+0200: Error: {"error":"Illegal move 4: M5","field":"moves","id":"q145646"}
2026-07-23 09:28:13+0200: Error: {"error":"Illegal move 4: J5","field":"moves","id":"q145677"}
2026-07-23 09:28:13+0200: Error: {"error":"Illegal move 4: M5","field":"moves","id":"q145678"}
2026-07-23 09:28:13+0200: Error: {"error":"Illegal move 4: F1","field":"moves","id":"q145687"}
2026-07-23 09:28:13+0200: Error: {"error":"Illegal move 4: H1","field":"moves","id":"q145688"}
2026-07-23 09:28:16+0200: Error: {"error":"Illegal move 2: J5","field":"moves","id":"q145709"}
2026-07-23 09:28:16+0200: Error: {"error":"Illegal move 2: M5","field":"moves","id":"q145710"}
2026-07-23 09:28:16+0200: Error: {"error":"Illegal move 2: H1","field":"moves","id":"q145721"}
2026-07-23 09:28:18+0200: Error: {"error":"Illegal move 4: J5","field":"moves","id":"q145744"}
2026-07-23 09:28:18+0200: Error: {"error":"Illegal move 4: M5","field":"moves","id":"q145745"}
2026-07-23 09:28:19+0200: Error: {"error":"Illegal move 4: J5","field":"moves","id":"q145776"}
2026-07-23 09:28:19+0200: Error: {"error":"Illegal move 4: M5","field":"moves","id":"q145777"}
2026-07-23 09:28:19+0200: Error: {"error":"Illegal move 4: H1","field":"moves","id":"q145788"}
2026-07-23 09:28:21+0200: Error: {"error":"Illegal move 4: J5","field":"moves","id":"q145806"}
2026-07-23 09:28:21+0200: Error: {"error":"Illegal move 4: M5","field":"moves","id":"q145807"}
2026-07-23 09:28:24+0200: Error: {"error":"Illegal move 2: J5","field":"moves","id":"q145835"}
2026-07-23 09:28:24+0200: Error: {"error":"Illegal move 2: M5","field":"moves","id":"q145836"}
2026-07-23 09:28:27+0200: Error: {"error":"Illegal move 4: J5","field":"moves","id":"q145867"}
2026-07-23 09:28:27+0200: Error: {"error":"Illegal move 4: M5","field":"moves","id":"q145868"}
2026-07-23 09:28:30+0200: Error: {"error":"Illegal move 4: J5","field":"moves","id":"q145894"}
2026-07-23 09:28:30+0200: Error: {"error":"Illegal move 4: M5","field":"moves","id":"q145895"}
2026-07-23 09:28:30+0200: Error: {"error":"Illegal move 4: H1","field":"moves","id":"q145905"}
2026-07-23 09:28:34+0200: Error: {"error":"Illegal move 4: J5","field":"moves","id":"q145924"}
2026-07-23 09:28:34+0200: Error: {"error":"Illegal move 4: M5","field":"moves","id":"q145925"}
2026-07-23 09:29:49+0200: Error: {"error":"Illegal move 4: J1","field":"moves","id":"q146063"}
2026-07-23 09:30:01+0200: Error: {"error":"Illegal move 4: N1","field":"moves","id":"q146157"}
2026-07-23 09:30:04+0200: Error: {"error":"Illegal move 4: N1","field":"moves","id":"q146182"}
2026-07-23 09:30:16+0200: Error: {"error":"Illegal move 4: J1","field":"moves","id":"q146262"}
2026-07-23 09:31:43+0200: Error: {"error":"Illegal move 2: N2","field":"moves","id":"q146456"}
2026-07-23 09:31:45+0200: Error: {"error":"Illegal move 4: N2","field":"moves","id":"q146488"}
2026-07-23 09:34:12+0200: Error: {"error":"Illegal move 4: N1","field":"moves","id":"q146848"}
2026-07-23 09:34:16+0200: Error: {"error":"Illegal move 4: N3","field":"moves","id":"q146871"}
2026-07-23 09:34:40+0200: Error: {"error":"Illegal move 4: N4","field":"moves","id":"q147109"}
2026-07-23 09:34:48+0200: Error: {"error":"Illegal move 4: N2","field":"moves","id":"q147174"}
2026-07-23 09:35:59+0200: Error: {"error":"Illegal move 0: B6","field":"moves","id":"q147383"}
2026-07-23 09:37:04+0200: Error: {"error":"Illegal move 0: B6","field":"moves","id":"q147415"}
2026-07-23 09:37:04+0200: Error: {"error":"Illegal move 2: B6","field":"moves","id":"q147446"}
2026-07-23 09:37:04+0200: Error: {"error":"Illegal move 2: G1","field":"moves","id":"q147457"}
2026-07-23 09:37:07+0200: Error: {"error":"Illegal move 4: G1","field":"moves","id":"q147483"}
2026-07-23 09:38:09+0200: Error: {"error":"Illegal move 0: B6","field":"moves","id":"q147534"}
2026-07-23 09:39:18+0200: Error: {"error":"Illegal move 4: F1","field":"moves","id":"q147735"}
2026-07-23 09:39:23+0200: Error: {"error":"Illegal move 0: B6","field":"moves","id":"q147753"}
2026-07-23 09:39:23+0200: Error: {"error":"Illegal move 2: B6","field":"moves","id":"q147790"}
2026-07-23 09:39:23+0200: Error: {"error":"Illegal move 2: G1","field":"moves","id":"q147802"}
2026-07-23 09:39:26+0200: Error: {"error":"Illegal move 4: B6","field":"moves","id":"q147824"}
2026-07-23 09:39:30+0200: Error: {"error":"Illegal move 4: B6","field":"moves","id":"q147851"}
2026-07-23 09:39:30+0200: Error: {"error":"Illegal move 4: G1","field":"moves","id":"q147861"}
2026-07-23 09:39:33+0200: Error: {"error":"Illegal move 4: B6","field":"moves","id":"q147878"}
2026-07-23 09:39:33+0200: Error: {"error":"Illegal move 4: G1","field":"moves","id":"q147889"}
2026-07-23 09:39:37+0200: Error: {"error":"Illegal move 2: B6","field":"moves","id":"q147909"}
2026-07-23 09:39:37+0200: Error: {"error":"Illegal move 2: G1","field":"moves","id":"q147921"}
2026-07-23 09:39:39+0200: Error: {"error":"Illegal move 4: B6","field":"moves","id":"q147940"}
2026-07-23 09:39:40+0200: Error: {"error":"Illegal move 4: G1","field":"moves","id":"q147978"}
2026-07-23 09:39:44+0200: Error: {"error":"Illegal move 4: B6","field":"moves","id":"q147997"}
2026-07-23 09:39:44+0200: Error: {"error":"Illegal move 4: G1","field":"moves","id":"q148007"}
2026-07-23 09:39:47+0200: Error: {"error":"Illegal move 2: B6","field":"moves","id":"q148025"}
2026-07-23 09:39:50+0200: Error: {"error":"Illegal move 4: B6","field":"moves","id":"q148050"}
2026-07-23 09:39:54+0200: Error: {"error":"Illegal move 0: A10","field":"moves","id":"q148080"}
2026-07-23 09:39:54+0200: Error: {"error":"Illegal move 0: B9","field":"moves","id":"q148081"}
2026-07-23 09:39:54+0200: Error: {"error":"Illegal move 0: A8","field":"moves","id":"q148082"}
2026-07-23 09:40:18+0200: Error: {"error":"Illegal move 0: A10","field":"moves","id":"q148093"}
2026-07-23 09:40:18+0200: Error: {"error":"Illegal move 0: B9","field":"moves","id":"q148094"}
2026-07-23 09:40:18+0200: Error: {"error":"Illegal move 0: A8","field":"moves","id":"q148095"}
2026-07-23 09:41:03+0200: Error: {"error":"Illegal move 0: B9","field":"moves","id":"q148197"}
2026-07-23 09:41:03+0200: Error: {"error":"Illegal move 0: A8","field":"moves","id":"q148198"}
2026-07-23 09:42:10+0200: Error: {"error":"Illegal move 0: B9","field":"moves","id":"q148239"}
2026-07-23 09:42:10+0200: Error: {"error":"Illegal move 0: A8","field":"moves","id":"q148240"}
2026-07-23 09:43:04+0200: Error: {"error":"Illegal move 2: E6","field":"moves","id":"q148352"}
2026-07-23 09:43:12+0200: Error: {"error":"Illegal move 4: E6","field":"moves","id":"q148417"}
2026-07-23 09:43:16+0200: Error: {"error":"Illegal move 4: E6","field":"moves","id":"q148448"}
2026-07-23 09:43:20+0200: Error: {"error":"Illegal move 2: E6","field":"moves","id":"q148481"}
2026-07-23 09:43:22+0200: Error: {"error":"Illegal move 4: E6","field":"moves","id":"q148514"}
2026-07-23 09:43:22+0200: Error: {"error":"Illegal move 4: E6","field":"moves","id":"q148545"}
2026-07-23 09:43:26+0200: Error: {"error":"Illegal move 4: E6","field":"moves","id":"q148576"}
2026-07-23 09:43:28+0200: Error: {"error":"Illegal move 2: E6","field":"moves","id":"q148609"}
2026-07-23 09:43:33+0200: Error: {"error":"Illegal move 4: E6","field":"moves","id":"q148674"}
2026-07-23 09:43:36+0200: Error: {"error":"Illegal move 4: E6","field":"moves","id":"q148705"}
2026-07-23 09:43:40+0200: Error: {"error":"Illegal move 0: H6","field":"moves","id":"q148737"}
2026-07-23 09:44:29+0200: Error: {"error":"Illegal move 0: H6","field":"moves","id":"q148768"}
2026-07-23 09:44:29+0200: Error: {"error":"Illegal move 2: H6","field":"moves","id":"q148797"}
2026-07-23 09:44:31+0200: Error: {"error":"Illegal move 4: H6","field":"moves","id":"q148823"}
2026-07-23 09:44:35+0200: Error: {"error":"Illegal move 4: H6","field":"moves","id":"q148848"}
2026-07-23 09:44:40+0200: Error: {"error":"Illegal move 2: H6","field":"moves","id":"q148890"}
2026-07-23 09:44:40+0200: Error: {"error":"Illegal move 4: H6","field":"moves","id":"q148914"}
2026-07-23 09:44:43+0200: Error: {"error":"Illegal move 4: H6","field":"moves","id":"q148932"}
2026-07-23 09:44:45+0200: Error: {"error":"Illegal move 2: H6","field":"moves","id":"q148952"}
2026-07-23 09:44:47+0200: Error: {"error":"Illegal move 4: H6","field":"moves","id":"q148971"}
2026-07-23 09:45:27+0200: Error: {"error":"Illegal move 0: H6","field":"moves","id":"q149026"}
2026-07-23 09:46:18+0200: Error: {"error":"Illegal move 4: E6","field":"moves","id":"q149202"}
2026-07-23 09:46:22+0200: Error: {"error":"Illegal move 4: E6","field":"moves","id":"q149286"}
2026-07-23 09:46:25+0200: Error: {"error":"Illegal move 4: E6","field":"moves","id":"q149313"}
2026-07-23 09:46:29+0200: Error: {"error":"Illegal move 0: H6","field":"moves","id":"q149344"}
2026-07-23 09:46:29+0200: Error: {"error":"Illegal move 2: H6","field":"moves","id":"q149374"}
2026-07-23 09:46:32+0200: Error: {"error":"Illegal move 4: H6","field":"moves","id":"q149397"}
2026-07-23 09:46:35+0200: Error: {"error":"Illegal move 4: H6","field":"moves","id":"q149421"}
2026-07-23 09:46:39+0200: Error: {"error":"Illegal move 2: H6","field":"moves","id":"q149447"}
2026-07-23 09:46:42+0200: Error: {"error":"Illegal move 4: H6","field":"moves","id":"q149474"}
2026-07-23 09:46:46+0200: Error: {"error":"Illegal move 4: H6","field":"moves","id":"q149499"}
2026-07-23 09:46:49+0200: Error: {"error":"Illegal move 4: H6","field":"moves","id":"q149521"}
2026-07-23 09:46:51+0200: Error: {"error":"Illegal move 2: H6","field":"moves","id":"q149542"}
2026-07-23 09:46:54+0200: Error: {"error":"Illegal move 4: H6","field":"moves","id":"q149570"}
2026-07-23 09:46:58+0200: Error: {"error":"Illegal move 4: H6","field":"moves","id":"q149595"}
2026-07-23 09:47:00+0200: Error: {"error":"Illegal move 4: H6","field":"moves","id":"q149615"}
2026-07-23 09:47:44+0200: Error: {"error":"Illegal move 0: D10","field":"moves","id":"q149676"}
2026-07-23 09:47:44+0200: Error: {"error":"Illegal move 0: A5","field":"moves","id":"q149685"}
2026-07-23 09:47:44+0200: Error: {"error":"Illegal move 0: B4","field":"moves","id":"q149686"}
2026-07-23 09:48:32+0200: Error: {"error":"Illegal move 0: D10","field":"moves","id":"q149702"}
2026-07-23 09:48:32+0200: Error: {"error":"Illegal move 0: A5","field":"moves","id":"q149711"}
2026-07-23 09:48:32+0200: Error: {"error":"Illegal move 0: B4","field":"moves","id":"q149712"}
2026-07-23 09:48:32+0200: Error: {"error":"Illegal move 2: D12","field":"moves","id":"q149721"}
2026-07-23 09:48:32+0200: Error: {"error":"Illegal move 2: D10","field":"moves","id":"q149727"}
2026-07-23 09:48:32+0200: Error: {"error":"Illegal move 2: A5","field":"moves","id":"q149736"}
2026-07-23 09:48:32+0200: Error: {"error":"Illegal move 2: B4","field":"moves","id":"q149737"}
2026-07-23 09:48:34+0200: Error: {"error":"Illegal move 4: D12","field":"moves","id":"q149745"}
2026-07-23 09:48:34+0200: Error: {"error":"Illegal move 4: D10","field":"moves","id":"q149751"}
2026-07-23 09:48:34+0200: Error: {"error":"Illegal move 4: A5","field":"moves","id":"q149760"}
2026-07-23 09:48:34+0200: Error: {"error":"Illegal move 4: B4","field":"moves","id":"q149762"}
2026-07-23 09:48:37+0200: Error: {"error":"Illegal move 2: D12","field":"moves","id":"q149768"}
2026-07-23 09:48:37+0200: Error: {"error":"Illegal move 2: D10","field":"moves","id":"q149773"}
2026-07-23 09:48:37+0200: Error: {"error":"Illegal move 2: A5","field":"moves","id":"q149782"}
2026-07-23 09:48:37+0200: Error: {"error":"Illegal move 2: B4","field":"moves","id":"q149783"}
2026-07-23 09:49:30+0200: Error: {"error":"Illegal move 0: D10","field":"moves","id":"q149833"}
2026-07-23 09:49:30+0200: Error: {"error":"Illegal move 0: A5","field":"moves","id":"q149843"}
2026-07-23 09:49:30+0200: Error: {"error":"Illegal move 0: B4","field":"moves","id":"q149844"}
2026-07-23 09:50:19+0200: Error: {"error":"Illegal move 2: C7","field":"moves","id":"q149912"}
2026-07-23 09:50:22+0200: Error: {"error":"Illegal move 4: C7","field":"moves","id":"q149937"}
2026-07-23 09:50:25+0200: Error: {"error":"Illegal move 0: D10","field":"moves","id":"q149955"}
2026-07-23 09:50:25+0200: Error: {"error":"Illegal move 0: A5","field":"moves","id":"q149965"}
2026-07-23 09:50:25+0200: Error: {"error":"Illegal move 0: B4","field":"moves","id":"q149966"}
2026-07-23 09:50:25+0200: Error: {"error":"Illegal move 0: D10","field":"moves","id":"q149989"}
2026-07-23 09:50:25+0200: Error: {"error":"Illegal move 0: B4","field":"moves","id":"q149999"}
2026-07-23 09:51:08+0200: Error: {"error":"Illegal move 0: D10","field":"moves","id":"q150018"}
2026-07-23 09:51:08+0200: Error: {"error":"Illegal move 0: B4","field":"moves","id":"q150028"}
2026-07-23 09:51:08+0200: Error: {"error":"Illegal move 2: J13","field":"moves","id":"q150043"}
2026-07-23 09:51:08+0200: Error: {"error":"Illegal move 2: K12","field":"moves","id":"q150046"}
2026-07-23 09:51:08+0200: Error: {"error":"Illegal move 2: D10","field":"moves","id":"q150049"}
2026-07-23 09:51:08+0200: Error: {"error":"Illegal move 2: B4","field":"moves","id":"q150059"}
2026-07-23 09:51:09+0200: Error: {"error":"Illegal move 0: F13","field":"moves","id":"q150066"}
2026-07-23 09:51:09+0200: Error: {"error":"Illegal move 0: E12","field":"moves","id":"q150070"}
2026-07-23 09:51:09+0200: Error: {"error":"Illegal move 0: B7","field":"moves","id":"q150082"}
2026-07-23 09:52:01+0200: Error: {"error":"Illegal move 0: F13","field":"moves","id":"q150095"}
2026-07-23 09:52:01+0200: Error: {"error":"Illegal move 0: E12","field":"moves","id":"q150099"}
2026-07-23 09:52:01+0200: Error: {"error":"Illegal move 0: B7","field":"moves","id":"q150111"}
2026-07-23 09:52:01+0200: Error: {"error":"Illegal move 0: D10","field":"moves","id":"q150131"}
2026-07-23 09:52:01+0200: Error: {"error":"Illegal move 0: B4","field":"moves","id":"q150141"}
2026-07-23 09:52:49+0200: Error: {"error":"Illegal move 0: E12","field":"moves","id":"q150165"}
2026-07-23 09:52:49+0200: Error: {"error":"Illegal move 0: B7","field":"moves","id":"q150173"}
2026-07-23 09:53:40+0200: Error: {"error":"Illegal move 0: D10","field":"moves","id":"q150228"}
2026-07-23 09:53:40+0200: Error: {"error":"Illegal move 0: B4","field":"moves","id":"q150238"}
2026-07-23 09:53:40+0200: Error: {"error":"Illegal move 2: D10","field":"moves","id":"q150263"}
2026-07-23 09:53:40+0200: Error: {"error":"Illegal move 2: B4","field":"moves","id":"q150273"}
2026-07-23 09:53:44+0200: Error: {"error":"Illegal move 4: J13","field":"moves","id":"q150291"}
2026-07-23 09:53:44+0200: Error: {"error":"Illegal move 4: K12","field":"moves","id":"q150294"}
2026-07-23 09:53:44+0200: Error: {"error":"Illegal move 4: D10","field":"moves","id":"q150297"}
2026-07-23 09:53:44+0200: Error: {"error":"Illegal move 4: B4","field":"moves","id":"q150306"}
2026-07-23 09:53:47+0200: Error: {"error":"Illegal move 4: G13","field":"moves","id":"q150322"}
2026-07-23 09:53:47+0200: Error: {"error":"Illegal move 4: D10","field":"moves","id":"q150333"}
2026-07-23 09:53:47+0200: Error: {"error":"Illegal move 4: B4","field":"moves","id":"q150344"}
2026-07-23 09:53:51+0200: Error: {"error":"Illegal move 2: D10","field":"moves","id":"q150354"}
2026-07-23 09:53:51+0200: Error: {"error":"Illegal move 2: B4","field":"moves","id":"q150364"}
2026-07-23 09:53:56+0200: Error: {"error":"Illegal move 4: D10","field":"moves","id":"q150390"}
2026-07-23 09:53:56+0200: Error: {"error":"Illegal move 4: B4","field":"moves","id":"q150399"}
2026-07-23 09:54:00+0200: Error: {"error":"Illegal move 4: D10","field":"moves","id":"q150424"}
2026-07-23 09:54:00+0200: Error: {"error":"Illegal move 4: B4","field":"moves","id":"q150433"}
2026-07-23 09:54:04+0200: Error: {"error":"Illegal move 4: G13","field":"moves","id":"q150451"}
2026-07-23 09:54:04+0200: Error: {"error":"Illegal move 4: D10","field":"moves","id":"q150460"}
2026-07-23 09:54:04+0200: Error: {"error":"Illegal move 4: B4","field":"moves","id":"q150471"}
2026-07-23 09:54:07+0200: Error: {"error":"Illegal move 0: E12","field":"moves","id":"q150479"}
2026-07-23 09:54:07+0200: Error: {"error":"Illegal move 0: B7","field":"moves","id":"q150487"}
2026-07-23 09:54:07+0200: Error: {"error":"Illegal move 2: E12","field":"moves","id":"q150516"}
2026-07-23 09:54:07+0200: Error: {"error":"Illegal move 2: B7","field":"moves","id":"q150525"}
2026-07-23 09:54:11+0200: Error: {"error":"Illegal move 4: B7","field":"moves","id":"q150561"}
2026-07-23 09:54:11+0200: Error: {"error":"Illegal move 4: A6","field":"moves","id":"q150563"}
2026-07-23 09:54:14+0200: Error: {"error":"Illegal move 4: E12","field":"moves","id":"q150589"}
2026-07-23 09:54:14+0200: Error: {"error":"Illegal move 4: B7","field":"moves","id":"q150598"}
2026-07-23 09:54:14+0200: Error: {"error":"Illegal move 4: J7","field":"moves","id":"q150599"}
2026-07-23 09:54:18+0200: Error: {"error":"Illegal move 4: E12","field":"moves","id":"q150629"}
2026-07-23 09:54:18+0200: Error: {"error":"Illegal move 4: B7","field":"moves","id":"q150638"}
2026-07-23 09:54:18+0200: Error: {"error":"Illegal move 4: J7","field":"moves","id":"q150639"}
2026-07-23 09:54:23+0200: Error: {"error":"Illegal move 2: B7","field":"moves","id":"q150677"}
2026-07-23 09:54:27+0200: Error: {"error":"Illegal move 4: K11","field":"moves","id":"q150712"}
2026-07-23 09:54:27+0200: Error: {"error":"Illegal move 4: B7","field":"moves","id":"q150719"}
2026-07-23 09:54:33+0200: Error: {"error":"Illegal move 4: K11","field":"moves","id":"q150748"}
2026-07-23 09:54:33+0200: Error: {"error":"Illegal move 4: B7","field":"moves","id":"q150754"}
2026-07-23 09:54:38+0200: Error: {"error":"Illegal move 4: B7","field":"moves","id":"q150789"}
2026-07-23 09:54:43+0200: Error: {"error":"Illegal move 2: E12","field":"moves","id":"q150816"}
2026-07-23 09:54:43+0200: Error: {"error":"Illegal move 2: B7","field":"moves","id":"q150823"}
2026-07-23 09:54:46+0200: Error: {"error":"Illegal move 4: B7","field":"moves","id":"q150856"}
2026-07-23 09:54:47+0200: Error: {"error":"Illegal move 4: F13","field":"moves","id":"q150878"}
2026-07-23 09:54:47+0200: Error: {"error":"Illegal move 4: B7","field":"moves","id":"q150893"}
2026-07-23 09:54:51+0200: Error: {"error":"Illegal move 4: F13","field":"moves","id":"q150904"}
2026-07-23 09:54:51+0200: Error: {"error":"Illegal move 4: E12","field":"moves","id":"q150908"}
2026-07-23 09:54:51+0200: Error: {"error":"Illegal move 4: B7","field":"moves","id":"q150919"}
2026-07-23 09:54:56+0200: Error: {"error":"Illegal move 0: B7","field":"moves","id":"q150933"}
2026-07-23 09:55:10+0200: Error: {"error":"Illegal move 0: B7","field":"moves","id":"q150943"}
2026-07-23 09:55:34+0200: Error: {"error":"Illegal move 0: B7","field":"moves","id":"q150973"}
2026-07-23 09:56:03+0200: Error: {"error":"Illegal move 2: C1","field":"moves","id":"q151022"}
2026-07-23 09:56:05+0200: Error: {"error":"Illegal move 4: C1","field":"moves","id":"q151038"}
2026-07-23 09:56:06+0200: Error: {"error":"Illegal move 4: C1","field":"moves","id":"q151047"}
2026-07-23 09:56:08+0200: Error: {"error":"Illegal move 0: B7","field":"moves","id":"q151051"}
2026-07-23 09:56:08+0200: Error: {"error":"Illegal move 2: B7","field":"moves","id":"q151070"}
2026-07-23 09:56:09+0200: Error: {"error":"Illegal move 2: B7","field":"moves","id":"q151080"}
2026-07-23 09:56:10+0200: Error: {"error":"Illegal move 4: B7","field":"moves","id":"q151091"}
2026-07-23 09:56:11+0200: Error: {"error":"Illegal move 0: N9","field":"moves","id":"q151105"}
2026-07-23 09:56:37+0200: Error: {"error":"Illegal move 0: N9","field":"moves","id":"q151126"}
2026-07-23 09:56:38+0200: Error: {"error":"Illegal move 2: N9","field":"moves","id":"q151145"}
2026-07-23 09:56:39+0200: Error: {"error":"Illegal move 4: J13","field":"moves","id":"q151154"}
2026-07-23 09:56:39+0200: Error: {"error":"Illegal move 4: N9","field":"moves","id":"q151159"}
2026-07-23 09:56:40+0200: Error: {"error":"Illegal move 2: N9","field":"moves","id":"q151173"}
2026-07-23 09:56:41+0200: Error: {"error":"Illegal move 2: N9","field":"moves","id":"q151185"}
2026-07-23 09:56:43+0200: Error: {"error":"Illegal move 4: N9","field":"moves","id":"q151200"}
2026-07-23 09:56:45+0200: Error: {"error":"Illegal move 4: N9","field":"moves","id":"q151209"}
2026-07-23 09:56:46+0200: Error: {"error":"Illegal move 0: J9","field":"moves","id":"q151220"}
2026-07-23 09:56:46+0200: Error: {"error":"Illegal move 0: L8","field":"moves","id":"q151222"}
2026-07-23 09:57:10+0200: Error: {"error":"Illegal move 0: J9","field":"moves","id":"q151233"}
2026-07-23 09:57:10+0200: Error: {"error":"Illegal move 0: L8","field":"moves","id":"q151235"}
2026-07-23 09:57:10+0200: Error: {"error":"Illegal move 0: N9","field":"moves","id":"q151248"}
2026-07-23 09:57:37+0200: Error: {"error":"Illegal move 0: J9","field":"moves","id":"q151269"}
2026-07-23 09:57:37+0200: Error: {"error":"Illegal move 0: L8","field":"moves","id":"q151271"}
2026-07-23 09:58:10+0200: Error: {"error":"Illegal move 0: N9","field":"moves","id":"q151304"}
2026-07-23 09:58:10+0200: Error: {"error":"Illegal move 2: N9","field":"moves","id":"q151326"}
2026-07-23 09:58:11+0200: Error: {"error":"Illegal move 4: N9","field":"moves","id":"q151342"}
2026-07-23 09:58:13+0200: Error: {"error":"Illegal move 2: N9","field":"moves","id":"q151359"}
2026-07-23 09:58:15+0200: Error: {"error":"Illegal move 4: N9","field":"moves","id":"q151377"}
2026-07-23 09:58:16+0200: Error: {"error":"Illegal move 4: N9","field":"moves","id":"q151390"}
2026-07-23 09:58:17+0200: Error: {"error":"Illegal move 4: J13","field":"moves","id":"q151396"}
2026-07-23 09:58:17+0200: Error: {"error":"Illegal move 4: N9","field":"moves","id":"q151402"}
2026-07-23 09:58:18+0200: Error: {"error":"Illegal move 2: N9","field":"moves","id":"q151419"}
2026-07-23 09:58:19+0200: Error: {"error":"Illegal move 0: J9","field":"moves","id":"q151436"}
2026-07-23 09:58:19+0200: Error: {"error":"Illegal move 0: L8","field":"moves","id":"q151438"}
2026-07-23 09:58:19+0200: Error: {"error":"Illegal move 2: J9","field":"moves","id":"q151456"}
2026-07-23 09:58:19+0200: Error: {"error":"Illegal move 2: L8","field":"moves","id":"q151458"}
2026-07-23 09:58:21+0200: Error: {"error":"Illegal move 4: J9","field":"moves","id":"q151474"}
2026-07-23 09:58:21+0200: Error: {"error":"Illegal move 4: L8","field":"moves","id":"q151476"}
2026-07-23 09:58:22+0200: Error: {"error":"Illegal move 4: J9","field":"moves","id":"q151491"}
2026-07-23 09:58:22+0200: Error: {"error":"Illegal move 4: L8","field":"moves","id":"q151493"}
2026-07-23 09:58:24+0200: Error: {"error":"Illegal move 4: J9","field":"moves","id":"q151507"}
2026-07-23 09:58:24+0200: Error: {"error":"Illegal move 4: L8","field":"moves","id":"q151509"}
2026-07-23 09:58:25+0200: Error: {"error":"Illegal move 2: J9","field":"moves","id":"q151524"}
2026-07-23 09:58:25+0200: Error: {"error":"Illegal move 2: L8","field":"moves","id":"q151526"}
2026-07-23 09:58:26+0200: Error: {"error":"Illegal move 4: H11","field":"moves","id":"q151538"}
2026-07-23 09:58:26+0200: Error: {"error":"Illegal move 4: J9","field":"moves","id":"q151540"}
2026-07-23 09:58:26+0200: Error: {"error":"Illegal move 4: L8","field":"moves","id":"q151542"}
2026-07-23 09:58:27+0200: Error: {"error":"Illegal move 4: H11","field":"moves","id":"q151552"}
2026-07-23 09:58:27+0200: Error: {"error":"Illegal move 4: J9","field":"moves","id":"q151554"}
2026-07-23 09:58:27+0200: Error: {"error":"Illegal move 4: L8","field":"moves","id":"q151556"}
2026-07-23 09:58:28+0200: Error: {"error":"Illegal move 4: J9","field":"moves","id":"q151569"}
2026-07-23 09:58:28+0200: Error: {"error":"Illegal move 4: L8","field":"moves","id":"q151570"}
2026-07-23 09:58:30+0200: Error: {"error":"Illegal move 2: J9","field":"moves","id":"q151592"}
2026-07-23 09:58:30+0200: Error: {"error":"Illegal move 2: L8","field":"moves","id":"q151593"}
2026-07-23 09:58:32+0200: Error: {"error":"Illegal move 4: J9","field":"moves","id":"q151615"}
2026-07-23 09:58:32+0200: Error: {"error":"Illegal move 4: L8","field":"moves","id":"q151616"}
2026-07-23 09:58:33+0200: Error: {"error":"Illegal move 4: J9","field":"moves","id":"q151637"}
2026-07-23 09:58:33+0200: Error: {"error":"Illegal move 4: L8","field":"moves","id":"q151638"}
2026-07-23 09:58:35+0200: Error: {"error":"Illegal move 4: J9","field":"moves","id":"q151660"}
2026-07-23 09:58:35+0200: Error: {"error":"Illegal move 4: L8","field":"moves","id":"q151661"}
2026-07-23 09:59:52+0200: Error: {"error":"Illegal move 2: J7","field":"moves","id":"q151763"}
2026-07-23 09:59:57+0200: Error: {"error":"Illegal move 4: J7","field":"moves","id":"q151799"}
2026-07-23 10:00:00+0200: Error: {"error":"Illegal move 4: J7","field":"moves","id":"q151819"}
2026-07-23 10:00:05+0200: Error: {"error":"Illegal move 4: J7","field":"moves","id":"q151852"}
2026-07-23 10:00:25+0200: Error: {"error":"Illegal move 2: J7","field":"moves","id":"q152010"}
2026-07-23 10:00:28+0200: Error: {"error":"Illegal move 4: J7","field":"moves","id":"q152048"}
2026-07-23 10:00:32+0200: Error: {"error":"Illegal move 4: J7","field":"moves","id":"q152073"}
2026-07-23 10:00:35+0200: Error: {"error":"Illegal move 4: J7","field":"moves","id":"q152095"}
2026-07-23 10:00:35+0200: Error: {"error":"Illegal move 4: N5","field":"moves","id":"q152099"}
